year,state,pesticides_total_kg_high,pesticides_total_kg_low
,NOTE: MISSING ALASKA AND HAWAII,,
2019,ALABAMA,3356175.7,2691158
2019,ARIZONA,666311,584693.3
2019,ARKANSAS,10213030,9543537.7
2019,CALIFORNIA,6855428.7,6855428.7
2019,COLORADO,6915271.8,5739367.4
2019,CONNECTICUT,38237.2,35592.1
2019,DELAWARE,925707.9,744171.4
2019,FLORIDA,2414275.3,2040003.1
2019,GEORGIA,5375592,4340155.7
2019,IDAHO,1897261.1,1541186.5
2019,ILLINOIS,30154692.8,28339100.9
2019,INDIANA,15614634.4,14413976.9
2019,IOWA,29916302.8,28124922.1
2019,KANSAS,31258684.3,27167762.4
2019,KENTUCKY,7254951.6,6572573.4
2019,LOUISIANA,6867852.6,5861810.1
2019,MAINE,124336,62753.3
2019,MARYLAND,1959925.6,1513667.6
2019,MASSACHUSETTS,34234.3,32452.4
2019,MICHIGAN,5448194,4736105.1
2019,MINNESOTA,16814950.3,15417963.1
2019,MISSISSIPPI,8282292.6,6705030.8
2019,MISSOURI,14205638.1,12813575.8
2019,MONTANA,7567399.6,7095875.5
2019,NEBRASKA,27121337.2,24375995.3
2019,NEVADA,96814.1,94045.9
2019,NEW HAMPSHIRE,19804.5,17953
2019,NEW JERSEY,248233.7,238019.4
2019,NEW MEXICO,765385.9,660475.9
2019,NEW YORK,2029873.7,1682928.3
2019,NORTH CAROLINA,6457506.8,5558412.2
2019,NORTH DAKOTA,15290983.2,14073591.7
2019,OHIO,8727955.6,7647358.2
2019,OKLAHOMA,5947832.9,5094611
2019,OREGON,1734812.4,1338118.4
2019,PENNSYLVANIA,3187545.9,2715435.7
2019,RHODE ISLAND,3206.2,3077.9
2019,SOUTH CAROLINA,2257130.6,1651562.5
2019,SOUTH DAKOTA,11794289,10504075.3
2019,TENNESSEE,5321379.9,4327681.2
2019,TEXAS,21224500.7,19272334.7
2019,UTAH,327912.5,234779.1
2019,VERMONT,129536.8,121049.7
2019,VIRGINIA,2702455.5,2260579.3
2019,WASHINGTON,3308797.7,2801666.3
2019,WEST VIRGINIA,306613.1,276039.9
2019,WISCONSIN,7365867,6694780.7
2019,WYOMING,539196.6,328393.4
2018,ALABAMA,5404435.7,3591280.8
2018,ARIZONA,9318547.9,2218739.9
2018,ARKANSAS,16071238.3,14364620.3
2018,CALIFORNIA,60813872.1,60813872.1
2018,COLORADO,9214770.6,6714893
2018,CONNECTICUT,180045,177924.5
2018,DELAWARE,619950.6,367148.1
2018,FLORIDA,21238144.1,17954495.7
2018,GEORGIA,18572374.2,13293044.4
2018,IDAHO,20669333.4,17705723.3
2018,ILLINOIS,35479227.9,33333410.5
2018,INDIANA,16101459.7,14663295.7
2018,IOWA,32088132.5,30218398.7
2018,KANSAS,33314391.8,29808681
2018,KENTUCKY,6680743.7,5623332.5
2018,LOUISIANA,7072025,6028580.2
2018,MAINE,406702.2,312265.6
2018,MARYLAND,2332842.1,1934159.9
2018,MASSACHUSETTS,218952.1,214260.7
2018,MICHIGAN,10736681.5,8840866.2
2018,MINNESOTA,20957005.9,18466725.1
2018,MISSISSIPPI,9455990.5,8010227.8
2018,MISSOURI,17475675.4,16081443.7
2018,MONTANA,8464191.3,6589367.8
2018,NEBRASKA,26387323.8,23272649.3
2018,NEVADA,191970.4,174075.9
2018,NEW HAMPSHIRE,53551.2,51139.3
2018,NEW JERSEY,443070.1,416966.6
2018,NEW MEXICO,1724208,1655352.9
2018,NEW YORK,3782844.9,3109674.3
2018,NORTH CAROLINA,13362884.4,9912667.6
2018,NORTH DAKOTA,20340302,17383880.2
2018,OHIO,11996616.6,10349487.1
2018,OKLAHOMA,7709577.4,6045941.3
2018,OREGON,8877798.2,6172228.7
2018,PENNSYLVANIA,4009019.7,3428912.3
2018,RHODE ISLAND,12873.4,12546.5
2018,SOUTH CAROLINA,7364130,3618137
2018,SOUTH DAKOTA,16888709.9,14017754.7
2018,TENNESSEE,8458531.4,6763935.3
2018,TEXAS,30158850.6,26100005.8
2018,UTAH,755255.4,338466.8
2018,VERMONT,246372.9,239242.9
2018,VIRGINIA,4162562.9,3192073.2
2018,WASHINGTON,36931716.4,28618880.1
2018,WEST VIRGINIA,285971.3,262649
2018,WISCONSIN,10901083.6,9351987.9
2018,WYOMING,713911.7,330995.2
2017,ALABAMA,4553395.4,3263917.4
2017,ARIZONA,2284609,1783509.6
2017,ARKANSAS,16578628.3,14759942.1
2017,CALIFORNIA,60658072.1,60658072.1
2017,COLORADO,10304790.3,7763955.1
2017,CONNECTICUT,105906.4,100532
2017,DELAWARE,849104.8,457145.4
2017,FLORIDA,22095635.1,18906997
2017,GEORGIA,17135542.6,13792222
2017,IDAHO,16797844.1,14659584
2017,ILLINOIS,33569553,31744409.9
2017,INDIANA,15928337,14468588.8
2017,IOWA,33185571,31647091.9
2017,KANSAS,34959583.4,29374040
2017,KENTUCKY,6114175.2,4782548.6
2017,LOUISIANA,8089079,6267440.9
2017,MAINE,356519,340403.3
2017,MARYLAND,2552226.9,1681831.8
2017,MASSACHUSETTS,147313.3,141636.9
2017,MICHIGAN,8995344.3,7719304.3
2017,MINNESOTA,20922556.4,19060509.1
2017,MISSISSIPPI,9378986.1,6700483.6
2017,MISSOURI,17399528.6,15603103.7
2017,MONTANA,7313952.7,5384516.3
2017,NEBRASKA,28673488.4,24809547.2
2017,NEVADA,421425.2,419092.9
2017,NEW HAMPSHIRE,51345.1,47344.2
2017,NEW JERSEY,494683.8,436093.8
2017,NEW MEXICO,1421168.1,1273285.7
2017,NEW YORK,3817544.7,2992297
2017,NORTH CAROLINA,13545787.6,10646849.1
2017,NORTH DAKOTA,24214658.1,18012238.4
2017,OHIO,11715268.4,10058566.7
2017,OKLAHOMA,8840972,6848335.2
2017,OREGON,10037991.5,6391763.7
2017,PENNSYLVANIA,4847060.2,3603324.5
2017,RHODE ISLAND,11891,11355.3
2017,SOUTH CAROLINA,4751073.1,3216108
2017,SOUTH DAKOTA,16299204.8,13760279.4
2017,TENNESSEE,7716334.7,6087374.1
2017,TEXAS,28047153.1,23902434.6
2017,UTAH,682376.1,379930.5
2017,VERMONT,223857.3,212987.3
2017,VIRGINIA,4436855.2,3025119.1
2017,WASHINGTON,34762680.3,28170848.5
2017,WEST VIRGINIA,294895.5,270807.5
2017,WISCONSIN,9953393.7,7844429.8
2017,WYOMING,651099.6,408737.6
2016,ALABAMA,4863000.4,3338587.3
2016,ARIZONA,2027849.7,1510097.2
2016,ARKANSAS,15215219.5,14019834.7
2016,CALIFORNIA,63457289,63457289
2016,COLORADO,8950739.7,7307585.7
2016,CONNECTICUT,100542.9,95811.7
2016,DELAWARE,801784.6,586365.9
2016,FLORIDA,24705438.7,23220840.4
2016,GEORGIA,16814685.7,13813790.9
2016,IDAHO,20355568.5,17492916.1
2016,ILLINOIS,33575689.5,31759289.7
2016,INDIANA,15695446.2,14260444.2
2016,IOWA,32865663.1,31166704
2016,KANSAS,29655904.3,25502289.8
2016,KENTUCKY,6369532.9,5482606.5
2016,LOUISIANA,7877231.9,6772077.1
2016,MAINE,478696,430788.6
2016,MARYLAND,2449358.1,1906768.3
2016,MASSACHUSETTS,125080.6,117839.6
2016,MICHIGAN,8254468.7,7256667.2
2016,MINNESOTA,20064904.7,18022183.5
2016,MISSISSIPPI,8798127.4,6950962.3
2016,MISSOURI,17706455.1,16193812.2
2016,MONTANA,8062772.4,6305778.7
2016,NEBRASKA,26228049.3,23214895.3
2016,NEVADA,486300.9,357521
2016,NEW HAMPSHIRE,39182.9,35672
2016,NEW JERSEY,366455.5,329718.3
2016,NEW MEXICO,971246.7,735056.1
2016,NEW YORK,3607715.9,3003185.2
2016,NORTH CAROLINA,12680057.8,11132916.9
2016,NORTH DAKOTA,19694807.8,17378105.3
2016,OHIO,11513857.4,10211000.5
2016,OKLAHOMA,5892095.7,4827586.1
2016,OREGON,7538677.7,5507665.5
2016,PENNSYLVANIA,3825169.3,3083024.6
2016,RHODE ISLAND,8501.6,7705.1
2016,SOUTH CAROLINA,4910250.8,3639896.6
2016,SOUTH DAKOTA,15718478.4,13942883.8
2016,TENNESSEE,7277567.2,6060916.2
2016,TEXAS,26566719,23541381.1
2016,UTAH,608451.1,321716.7
2016,VERMONT,114764.6,101964.2
2016,VIRGINIA,3172605.5,2610439.8
2016,WASHINGTON,34181130.1,30201742.5
2016,WEST VIRGINIA,190609.6,161411.7
2016,WISCONSIN,10018636.9,8306150.5
2016,WYOMING,491866.9,309321.8
2015,ALABAMA,4815193.5,3205979.1
2015,ARIZONA,2347428.3,1680106.9
2015,ARKANSAS,12475749.2,10838667.9
2015,CALIFORNIA,65214962.2,65214962.2
2015,COLORADO,8845375.4,5488757.1
2015,CONNECTICUT,113529.1,109235
2015,DELAWARE,837852.3,657465.8
2015,FLORIDA,27428431.2,25717048.4
2015,GEORGIA,15035051.8,12480012.8
2015,IDAHO,16102465.4,13546802.9
2015,ILLINOIS,31256135.1,28951296
2015,INDIANA,16526863.5,14955726
2015,IOWA,29496614.7,27549506.7
2015,KANSAS,28013115.7,25128136.2
2015,KENTUCKY,5435109.5,4594089.2
2015,LOUISIANA,8304386.3,6586977
2015,MAINE,489659.1,318668.9
2015,MARYLAND,1895098.2,1545274.8
2015,MASSACHUSETTS,150463.1,143297
2015,MICHIGAN,10459908.6,8626873
2015,MINNESOTA,19014465.2,16122259.6
2015,MISSISSIPPI,10083189.8,8414448.1
2015,MISSOURI,15404315.8,13961473.7
2015,MONTANA,7752283.1,5970746.4
2015,NEBRASKA,22752536.7,19596422.6
2015,NEVADA,465409.2,376792.9
2015,NEW HAMPSHIRE,54354.6,51572.8
2015,NEW JERSEY,550148.3,507347.8
2015,NEW MEXICO,1282586.7,965666.2
2015,NEW YORK,3120134.5,2625883.2
2015,NORTH CAROLINA,13853227.2,11185966.5
2015,NORTH DAKOTA,16360310.8,13686492.4
2015,OHIO,10742178.4,9459692.1
2015,OKLAHOMA,6571485,5323336.5
2015,OREGON,8183435.7,6195717.4
2015,PENNSYLVANIA,3955932.3,3313403.4
2015,RHODE ISLAND,11847,11164.8
2015,SOUTH CAROLINA,5544147.7,4066002.5
2015,SOUTH DAKOTA,15785753.7,13405423.2
2015,TENNESSEE,7864264.3,6634647.3
2015,TEXAS,24827992.1,21732207
2015,UTAH,744198.1,328440.5
2015,VERMONT,204620.1,199567.2
2015,VIRGINIA,4262542.4,3462597.4
2015,WASHINGTON,27919531.7,22958530.7
2015,WEST VIRGINIA,362848.9,285593.1
2015,WISCONSIN,8240128.9,7151980.3
2015,WYOMING,620398,326484.6
2014,ALABAMA,5110349.9,3273246.1
2014,ARIZONA,1922044.2,1321398.1
2014,ARKANSAS,12954353.9,10938046.6
2014,CALIFORNIA,59780761.2,59780761.2
2014,COLORADO,9659865.5,6600284.1
2014,CONNECTICUT,108149.6,95802.3
2014,DELAWARE,895373.9,688232.1
2014,FLORIDA,26776997.4,24658816.9
2014,GEORGIA,17733166.3,14175514.7
2014,IDAHO,18750630,17107728.1
2014,ILLINOIS,29529727.4,26914644.1
2014,INDIANA,16661356.5,14813734.8
2014,IOWA,30424991,27740483.7
2014,KANSAS,23535902.8,21088619.6
2014,KENTUCKY,6241897.4,5002507.4
2014,LOUISIANA,7618481.8,6246971.2
2014,MAINE,461387.6,378252.3
2014,MARYLAND,2311769.5,1792467.5
2014,MASSACHUSETTS,177227.3,160718
2014,MICHIGAN,9137234.7,7023736.2
2014,MINNESOTA,17291642.5,13977027.2
2014,MISSISSIPPI,9911791.2,7302769.2
2014,MISSOURI,16987373.1,15097792.3
2014,MONTANA,6448000.1,5182314.3
2014,NEBRASKA,23692095.7,20749453
2014,NEVADA,586534.8,485107.2
2014,NEW HAMPSHIRE,57813.3,52634.8
2014,NEW JERSEY,593466.8,508657
2014,NEW MEXICO,2093911.4,1501657
2014,NEW YORK,4190037.6,3345460.1
2014,NORTH CAROLINA,14823147.3,12450731.7
2014,NORTH DAKOTA,15164384.8,12790835.3
2014,OHIO,12061656.8,10578891
2014,OKLAHOMA,5564911.3,4356548.4
2014,OREGON,8314219.3,6724557.6
2014,PENNSYLVANIA,4698367.7,3747408.2
2014,RHODE ISLAND,14364.7,13344.7
2014,SOUTH CAROLINA,5008021.1,3784762.4
2014,SOUTH DAKOTA,14373398,11474587.3
2014,TENNESSEE,7645557.2,5968248.6
2014,TEXAS,22505464.8,20082523.5
2014,UTAH,796997.4,390904.1
2014,VERMONT,182372.9,164248.1
2014,VIRGINIA,4150834.9,3221348.4
2014,WASHINGTON,26267125.8,21791231.3
2014,WEST VIRGINIA,385138.8,323749.2
2014,WISCONSIN,9753296.9,8283537.1
2014,WYOMING,555966.3,380457.3
2013,ALABAMA,4257030.5,3081718.9
2013,ARIZONA,2543285.3,1642197.6
2013,ARKANSAS,13129204.3,12025892.9
2013,CALIFORNIA,62432143.7,62432143.7
2013,COLORADO,9519097.8,6472102.4
2013,CONNECTICUT,165580.5,157518.3
2013,DELAWARE,749530.9,454874
2013,FLORIDA,34146762.3,30613780.4
2013,GEORGIA,17404847.2,14116458.1
2013,IDAHO,15929160.2,12850713.7
2013,ILLINOIS,29341909.4,27809440.4
2013,INDIANA,16446497,15220447.7
2013,IOWA,28401645.7,26257259.8
2013,KANSAS,23835093,21809517.6
2013,KENTUCKY,5657619.1,4206003.7
2013,LOUISIANA,7068574.6,6088836.6
2013,MAINE,444804.4,376449.4
2013,MARYLAND,2201589.1,1778581.9
2013,MASSACHUSETTS,231703.4,218172.7
2013,MICHIGAN,9632302.1,8133184.1
2013,MINNESOTA,17669610.9,15655789.8
2013,MISSISSIPPI,9271944.4,7889730.4
2013,MISSOURI,13871852.1,12467096.3
2013,MONTANA,5694361.3,4374899.1
2013,NEBRASKA,24694896.7,22487698.4
2013,NEVADA,768988.2,683200.3
2013,NEW HAMPSHIRE,71103.1,65285.8
2013,NEW JERSEY,712348.9,663786.2
2013,NEW MEXICO,1916559,1400852.4
2013,NEW YORK,4424136.7,3711421.8
2013,NORTH CAROLINA,13904464.8,11864551.9
2013,NORTH DAKOTA,15112526.8,12980939.3
2013,OHIO,11125610.5,9731847.4
2013,OKLAHOMA,4728715.4,3738811
2013,OREGON,8194315.5,5403678.6
2013,PENNSYLVANIA,4743085.2,3997990.4
2013,RHODE ISLAND,16231.3,15059.2
2013,SOUTH CAROLINA,4978576.1,3843174.9
2013,SOUTH DAKOTA,13809510.3,12205226.6
2013,TENNESSEE,5674889.8,4443205.7
2013,TEXAS,22173685.1,19592894.5
2013,UTAH,622652,382955.9
2013,VERMONT,237092.2,227004.2
2013,VIRGINIA,3976557.1,3104237.9
2013,WASHINGTON,31234672.1,24837143.1
2013,WEST VIRGINIA,373317.1,288439.7
2013,WISCONSIN,9395257.6,8411102.6
2013,WYOMING,511028.5,279535.1
2012,ALABAMA,4147972.8,2888858.1
2012,ARIZONA,3146797.4,2480075.5
2012,ARKANSAS,14458782.7,12293727.8
2012,CALIFORNIA,62749974.1,62749974.1
2012,COLORADO,8157550.8,5876632.4
2012,CONNECTICUT,128102.7,113751.6
2012,DELAWARE,638935.5,482377.9
2012,FLORIDA,33510540.4,30269307.3
2012,GEORGIA,17034730,13686688.4
2012,IDAHO,15491609.1,13617194.8
2012,ILLINOIS,28406583.9,26341223.8
2012,INDIANA,14108246.3,12418200
2012,IOWA,28032389.9,25090355.6
2012,KANSAS,23798676.6,20416212.8
2012,KENTUCKY,8214510.9,4390077.7
2012,LOUISIANA,7327448.7,5920326.5
2012,MAINE,515491.9,389346.2
2012,MARYLAND,2133973.9,1608496.1
2012,MASSACHUSETTS,162738.3,155399.3
2012,MICHIGAN,8877013.8,6834481.3
2012,MINNESOTA,18465238.7,15766970
2012,MISSISSIPPI,8889342.6,7284762.2
2012,MISSOURI,14347039.4,13034462.5
2012,MONTANA,5873460.5,4721349.5
2012,NEBRASKA,24711592.8,22416397.6
2012,NEVADA,571378.3,445695
2012,NEW HAMPSHIRE,66540.7,60764.5
2012,NEW JERSEY,701346.5,644774
2012,NEW MEXICO,1444738.1,913220.5
2012,NEW YORK,4359217.9,3447138.1
2012,NORTH CAROLINA,14834310.2,12383779.3
2012,NORTH DAKOTA,16139661.6,13915109.1
2012,OHIO,10582999.1,9202261.8
2012,OKLAHOMA,4570189.5,3492395.2
2012,OREGON,6799119.4,5695221.3
2012,PENNSYLVANIA,4866815.9,3944464
2012,RHODE ISLAND,17833.3,16642.9
2012,SOUTH CAROLINA,5018299.6,3541357.5
2012,SOUTH DAKOTA,13168884.2,11002137.3
2012,TENNESSEE,7005761.2,5391025.6
2012,TEXAS,22268394.9,19376933.2
2012,UTAH,605714.3,320266
2012,VERMONT,192560.3,185847.9
2012,VIRGINIA,3870715.9,2692108
2012,WASHINGTON,27902831.2,22471871.7
2012,WEST VIRGINIA,349430.8,271968.4
2012,WISCONSIN,9294307.8,7855254.5
2012,WYOMING,528802.1,253260.9
2011,ALABAMA,4387692.6,2667445.1
2011,ARIZONA,3477917.9,2598127.8
2011,ARKANSAS,11459939.4,9977409.2
2011,CALIFORNIA,66211060.6,66211060.6
2011,COLORADO,7478152.7,4516695.9
2011,CONNECTICUT,121598.6,108427.4
2011,DELAWARE,819582.5,614453.3
2011,FLORIDA,31772779.1,29656227.7
2011,GEORGIA,16636485.8,12765397.9
2011,IDAHO,13010238.7,11033462.9
2011,ILLINOIS,26250050.8,24213540.2
2011,INDIANA,13768714.5,12245513.7
2011,IOWA,25247439,22694936.5
2011,KANSAS,21673667,17345990.3
2011,KENTUCKY,7220480.9,4719339.9
2011,LOUISIANA,7454811.5,6032425.3
2011,MAINE,494105.3,371859.9
2011,MARYLAND,1940498.6,1659614.3
2011,MASSACHUSETTS,178205,164227.8
2011,MICHIGAN,11400923,8029835.8
2011,MINNESOTA,15630095.3,13355701.8
2011,MISSISSIPPI,9335008.3,7486956.3
2011,MISSOURI,13545932.2,12570818.5
2011,MONTANA,4720334.7,3764188.9
2011,NEBRASKA,21603754,18789648
2011,NEVADA,613023.6,520015.9
2011,NEW HAMPSHIRE,56478.5,53776.2
2011,NEW JERSEY,562664.6,452743.9
2011,NEW MEXICO,1166897.3,800785.4
2011,NEW YORK,4315662.4,3324845.7
2011,NORTH CAROLINA,17113097.4,13553244.4
2011,NORTH DAKOTA,12882669,9792126.1
2011,OHIO,10312632.7,9047649.3
2011,OKLAHOMA,4806088.6,3809478.3
2011,OREGON,7163848.5,5080256.4
2011,PENNSYLVANIA,4080663.3,3497087.7
2011,RHODE ISLAND,17335.4,16316.1
2011,SOUTH CAROLINA,6588768.4,4623932.7
2011,SOUTH DAKOTA,11750383,9388441.9
2011,TENNESSEE,6605796,5077218.2
2011,TEXAS,15904741.1,12893718.5
2011,UTAH,403021.8,272228
2011,VERMONT,222499.8,218971.1
2011,VIRGINIA,3815264.4,3163898.8
2011,WASHINGTON,23227003,19612962.6
2011,WEST VIRGINIA,387421.4,236802
2011,WISCONSIN,8403826.4,7188481.3
2011,WYOMING,405791.4,209876.6
2010,ALABAMA,4014756.6,3030335.5
2010,ARIZONA,2989596.8,2193300.6
2010,ARKANSAS,10414981,8517182.4
2010,CALIFORNIA,59147355.2,59147355.2
2010,COLORADO,7145751.1,5208784.2
2010,CONNECTICUT,168092.2,159479.9
2010,DELAWARE,801679.2,588941.9
2010,FLORIDA,30129489.5,27430764.3
2010,GEORGIA,13543387.1,11058295.6
2010,IDAHO,24825585.4,20861912.9
2010,ILLINOIS,26356967,24438639.7
2010,INDIANA,13903790.8,12689849.6
2010,IOWA,22843606,20976824.6
2010,KANSAS,18779090.5,15958525.3
2010,KENTUCKY,4223384.8,3705738.9
2010,LOUISIANA,6850515.7,5158034.8
2010,MAINE,664502.1,377943.1
2010,MARYLAND,2119133.7,1636724.3
2010,MASSACHUSETTS,204416.9,186754.5
2010,MICHIGAN,9666207.4,8291807.3
2010,MINNESOTA,14923730,13427771.1
2010,MISSISSIPPI,7955516.1,5927803.4
2010,MISSOURI,12239443.4,10904120.9
2010,MONTANA,5128019.6,3867695
2010,NEBRASKA,19006470,17425790.1
2010,NEVADA,757787.2,690070.3
2010,NEW HAMPSHIRE,77017.4,69576.5
2010,NEW JERSEY,686859.9,598359.3
2010,NEW MEXICO,1303925.1,1035223.5
2010,NEW YORK,4577566.9,3439237.6
2010,NORTH CAROLINA,12163599.8,10497901.1
2010,NORTH DAKOTA,11715230.2,10045258.6
2010,OHIO,9956945.1,8641537.3
2010,OKLAHOMA,4849849.3,3922658.1
2010,OREGON,6796851.4,3989677.7
2010,PENNSYLVANIA,4129444.5,3422103.9
2010,RHODE ISLAND,18125.2,17160.8
2010,SOUTH CAROLINA,4313984.3,3424514.2
2010,SOUTH DAKOTA,10317255.6,9133746.8
2010,TENNESSEE,5208500.6,3935192.5
2010,TEXAS,21983246.9,19067790.6
2010,UTAH,570853.7,302513.8
2010,VERMONT,137548.6,137455
2010,VIRGINIA,2925371.9,2313915.4
2010,WASHINGTON,23954291.8,17161212.5
2010,WEST VIRGINIA,328705.5,258579.1
2010,WISCONSIN,8711692.6,7710810.2
2010,WYOMING,501917.3,249431.3
2009,ALABAMA,3482313.2,2391913.8
2009,ARIZONA,3411939.4,2771326.6
2009,ARKANSAS,7910995.3,6779548.5
2009,CALIFORNIA,52622680.5,52622680.5
2009,COLORADO,6400767.5,3385291.1
2009,CONNECTICUT,155165.4,132040.2
2009,DELAWARE,811922,643117.8
2009,FLORIDA,31645142.5,28475879.4
2009,GEORGIA,13141611.6,9399112.2
2009,IDAHO,21157418.9,18721480
2009,ILLINOIS,25264085.9,23431448.7
2009,INDIANA,15209987,13023864.7
2009,IOWA,22609883.9,20601561
2009,KANSAS,17750678.3,14990126.8
2009,KENTUCKY,4271128.6,3539307.5
2009,LOUISIANA,7765165.8,5386161.6
2009,MAINE,537351.6,415575.7
2009,MARYLAND,1970654.3,1577210.4
2009,MASSACHUSETTS,226827,204270.4
2009,MICHIGAN,13214725.3,7399613.5
2009,MINNESOTA,15244651.2,12998816.3
2009,MISSISSIPPI,5537839.6,4202656.3
2009,MISSOURI,11374333.9,10062075.8
2009,MONTANA,4673287.8,3213812.8
2009,NEBRASKA,21101272.9,18934425.4
2009,NEVADA,855934.6,795209.2
2009,NEW HAMPSHIRE,85943.5,76714.6
2009,NEW JERSEY,631028.6,572453.9
2009,NEW MEXICO,1156111.1,911185.1
2009,NEW YORK,4238574.3,3239763.3
2009,NORTH CAROLINA,11301782.6,9318788.6
2009,NORTH DAKOTA,11746210.2,9091180.3
2009,OHIO,9434295.7,8180509
2009,OKLAHOMA,4566022.6,3636330
2009,OREGON,6590322,4153309.7
2009,PENNSYLVANIA,4261904.8,3472339.2
2009,RHODE ISLAND,19364.4,17485.4
2009,SOUTH CAROLINA,4299684.8,3236551.7
2009,SOUTH DAKOTA,10488199.7,8935384.5
2009,TENNESSEE,4635932,3805785.1
2009,TEXAS,18530631.1,15764858.8
2009,UTAH,693391.8,437435
2009,VERMONT,217492,185382.2
2009,VIRGINIA,3277293.2,2312927.4
2009,WASHINGTON,23802657.5,16771369.9
2009,WEST VIRGINIA,342263.7,292195.5
2009,WISCONSIN,16360534,6841194.7
2009,WYOMING,418492.2,228692
2008,ALABAMA,4303764.4,2486188.9
2008,ARIZONA,2747742.9,1400189.2
2008,ARKANSAS,8774737.1,7208759.7
2008,CALIFORNIA,54413890.7,54413890.7
2008,COLORADO,5194528.8,3039125.8
2008,CONNECTICUT,170654.6,147110.5
2008,DELAWARE,698032.8,578412.5
2008,FLORIDA,33952982.7,31908046.7
2008,GEORGIA,15704713.8,11977498.9
2008,IDAHO,14337732.8,12371953.3
2008,ILLINOIS,25693857.5,23333438.7
2008,INDIANA,14392441.6,12359892.1
2008,IOWA,23750037.5,21457182.1
2008,KANSAS,18712594.2,15688677.5
2008,KENTUCKY,4745945.2,3665403.5
2008,LOUISIANA,5499476,3965797.7
2008,MAINE,532120.9,378464.5
2008,MARYLAND,1264048.7,973417.3
2008,MASSACHUSETTS,228852.1,204671.6
2008,MICHIGAN,8945477,7676906.4
2008,MINNESOTA,15923336,13085009.3
2008,MISSISSIPPI,6345657.1,5423595.3
2008,MISSOURI,10588764.6,9088713.6
2008,MONTANA,4600316.3,3403310.5
2008,NEBRASKA,18731237.3,16739202.4
2008,NEVADA,804098.5,688678.3
2008,NEW HAMPSHIRE,84681.8,77385
2008,NEW JERSEY,814360.1,694064.6
2008,NEW MEXICO,1136951.1,906249.1
2008,NEW YORK,4200057,3340711.2
2008,NORTH CAROLINA,11251778.4,8644172.9
2008,NORTH DAKOTA,11100512.4,9229739
2008,OHIO,10053819.9,8774350.5
2008,OKLAHOMA,3673930.1,2812165.1
2008,OREGON,7095094.5,4323889.4
2008,PENNSYLVANIA,3567356.6,2882409.1
2008,RHODE ISLAND,19599.1,17310
2008,SOUTH CAROLINA,4156164.4,2928789.5
2008,SOUTH DAKOTA,9976206.2,8260557.9
2008,TENNESSEE,4270393.6,3445178.1
2008,TEXAS,17479749.9,14920611.6
2008,UTAH,538369.9,276607.6
2008,VERMONT,255991.5,235253.4
2008,VIRGINIA,3426920.8,2669607.8
2008,WASHINGTON,21559559.7,17973440.4
2008,WEST VIRGINIA,308584.8,289172.9
2008,WISCONSIN,12414010.2,7797634.8
2008,WYOMING,610084.5,292394.7
2007,ALABAMA,3317697.3,2276551.8
2007,ARIZONA,3620411.2,2935101.7
2007,ARKANSAS,9884914.5,7901592.4
2007,CALIFORNIA,59564850.2,59564850.2
2007,COLORADO,6289974.2,4314862.3
2007,CONNECTICUT,179140.7,160406.6
2007,DELAWARE,788089.7,479618.7
2007,FLORIDA,37509636.9,35054976.9
2007,GEORGIA,11359742.8,7991193.5
2007,IDAHO,19935420,17218324.6
2007,ILLINOIS,25802102.8,23921801.9
2007,INDIANA,15527180.9,13989673
2007,IOWA,23284911.1,20727060.5
2007,KANSAS,15039526.1,12103236
2007,KENTUCKY,5236611.1,4157681
2007,LOUISIANA,6945713.5,5061906.8
2007,MAINE,652385.8,371341.2
2007,MARYLAND,2054083.3,1574624.2
2007,MASSACHUSETTS,217360.4,195538.1
2007,MICHIGAN,9181734.6,7655940.1
2007,MINNESOTA,15047802.4,12706569.5
2007,MISSISSIPPI,8060735.2,5582131.3
2007,MISSOURI,10893324.8,9498999.2
2007,MONTANA,5305314.9,3824979.7
2007,NEBRASKA,17684194.4,14045410.1
2007,NEVADA,718404.4,638470.4
2007,NEW HAMPSHIRE,84135.3,74920.1
2007,NEW JERSEY,667874.8,624050.8
2007,NEW MEXICO,1887028.6,1466768.8
2007,NEW YORK,4328361.2,3525842.3
2007,NORTH CAROLINA,13105904.2,10147048.1
2007,NORTH DAKOTA,10815379.9,8639645.9
2007,OHIO,10270249.1,8645462.9
2007,OKLAHOMA,3538584.4,2503082.7
2007,OREGON,9101984.1,5718244.2
2007,PENNSYLVANIA,4792615.1,4044109
2007,RHODE ISLAND,20612.6,19274.4
2007,SOUTH CAROLINA,4007619.3,2760978.4
2007,SOUTH DAKOTA,8796800,7313807.3
2007,TENNESSEE,4319314,3305046.5
2007,TEXAS,17703847.6,14542548.6
2007,UTAH,547158.6,338216
2007,VERMONT,208043.6,187998.2
2007,VIRGINIA,3329377.2,2534665
2007,WASHINGTON,29885111.2,24151048.2
2007,WEST VIRGINIA,349279.7,222335.5
2007,WISCONSIN,8431854,6904010.1
2007,WYOMING,655869.6,340264.2
2006,ALABAMA,5678894.6,2679906.3
2006,ARIZONA,2716744.9,2087441.4
2006,ARKANSAS,10259777.5,7987639.7
2006,CALIFORNIA,63729466.1,63729466.1
2006,COLORADO,7311494.4,5695486.7
2006,CONNECTICUT,171329,163177.3
2006,DELAWARE,712128.4,509950.1
2006,FLORIDA,36183325.1,32943324.8
2006,GEORGIA,14720943.3,10497772.5
2006,IDAHO,19261366.9,17758910.5
2006,ILLINOIS,22349368.2,20799468.2
2006,INDIANA,12703687.4,11261151.6
2006,IOWA,20291505.3,18684819.2
2006,KANSAS,11906298.5,10198885.7
2006,KENTUCKY,3748780.6,3148073.4
2006,LOUISIANA,6347468.8,4661507.8
2006,MAINE,529588.3,424432.2
2006,MARYLAND,1970925.5,1585440.7
2006,MASSACHUSETTS,209794.4,190225.4
2006,MICHIGAN,8316418.2,7058253.6
2006,MINNESOTA,14370303.4,11913643.9
2006,MISSISSIPPI,8088929.6,6321489.9
2006,MISSOURI,10421028.2,9023651.4
2006,MONTANA,4326825.1,3320265.4
2006,NEBRASKA,16651395,14619274.5
2006,NEVADA,740856,639899.5
2006,NEW HAMPSHIRE,65514.9,57384.1
2006,NEW JERSEY,1004059.7,935735.3
2006,NEW MEXICO,2084296.1,1500289.9
2006,NEW YORK,5031760.7,4049602.4
2006,NORTH CAROLINA,11280911.5,8272824.5
2006,NORTH DAKOTA,10189573.1,8117255
2006,OHIO,9018840.2,7943909.5
2006,OKLAHOMA,3611844.7,2635055.1
2006,OREGON,7789495.6,5895018.1
2006,PENNSYLVANIA,4491233.1,3627866.4
2006,RHODE ISLAND,23596.4,21417.8
2006,SOUTH CAROLINA,4351021.9,3384486.3
2006,SOUTH DAKOTA,7146996.3,6047775.2
2006,TENNESSEE,4627225.2,3514048.5
2006,TEXAS,14294083.8,11124133.7
2006,UTAH,575653.3,302535.1
2006,VERMONT,133432.9,119332
2006,VIRGINIA,4109996.2,3403630.5
2006,WASHINGTON,28622565.2,21882171.6
2006,WEST VIRGINIA,326138.9,284596.9
2006,WISCONSIN,6933925.1,5880008.2
2006,WYOMING,579875,372481.1
2005,ALABAMA,4149086,2719017.5
2005,ARIZONA,3482725.2,2582364
2005,ARKANSAS,8891045,7359473.9
2005,CALIFORNIA,69937041.2,69937041.2
2005,COLORADO,5532599.1,3037389.4
2005,CONNECTICUT,135720.5,124422.3
2005,DELAWARE,858021.3,621994.9
2005,FLORIDA,45642454,42836043.4
2005,GEORGIA,13996652.3,9725503.4
2005,IDAHO,22381760.7,16086390.2
2005,ILLINOIS,26906502.3,24459989.6
2005,INDIANA,13546095.6,11940985.9
2005,IOWA,20460641.2,17388378.7
2005,KANSAS,15098128.6,12977796
2005,KENTUCKY,3992456.1,2794109.4
2005,LOUISIANA,5799928.7,4506232.8
2005,MAINE,522146.9,400856.7
2005,MARYLAND,1663391.5,1346184
2005,MASSACHUSETTS,222935.9,213138.7
2005,MICHIGAN,8210263.3,6970335.9
2005,MINNESOTA,14241360.4,11366027.9
2005,MISSISSIPPI,6730425.7,5268604.8
2005,MISSOURI,10361455.6,8648806.7
2005,MONTANA,4141825.4,2903414
2005,NEBRASKA,16757139.8,14108309.9
2005,NEVADA,1096506.6,980751.6
2005,NEW HAMPSHIRE,91194.9,85616.1
2005,NEW JERSEY,592281.6,518691.9
2005,NEW MEXICO,1861146,1233194.4
2005,NEW YORK,4351020.7,3709101
2005,NORTH CAROLINA,9946191.2,7955030.2
2005,NORTH DAKOTA,10380833.3,8467634.3
2005,OHIO,9403263,8169286.1
2005,OKLAHOMA,3316766.1,2481211.7
2005,OREGON,8124194.7,5411237.9
2005,PENNSYLVANIA,4341869.4,3496121.4
2005,RHODE ISLAND,24107.4,23179.6
2005,SOUTH CAROLINA,4681774.1,3722942.9
2005,SOUTH DAKOTA,8847131.4,6696824.5
2005,TENNESSEE,4265876.8,3442707.1
2005,TEXAS,19575193.3,16611348.5
2005,UTAH,728756.1,388711.1
2005,VERMONT,169082.3,161521.9
2005,VIRGINIA,3107654.4,2368512.3
2005,WASHINGTON,27204265.6,22004437.2
2005,WEST VIRGINIA,358764.8,319364.9
2005,WISCONSIN,7710018.3,6628688.5
2005,WYOMING,474895.2,240245.9
2004,ALABAMA,4719794,2600792.8
2004,ARIZONA,3063207.2,2233459.7
2004,ARKANSAS,9196310.7,8073365.9
2004,CALIFORNIA,65989099.4,65989099.4
2004,COLORADO,5569631.3,4152223.7
2004,CONNECTICUT,209781,182830.6
2004,DELAWARE,836036.2,620825.6
2004,FLORIDA,47024289.8,45144672.5
2004,GEORGIA,15055095.4,9750363.4
2004,IDAHO,28483882,26129981.4
2004,ILLINOIS,24222310.8,22178249.6
2004,INDIANA,13022066.3,11566725.5
2004,IOWA,21581408.6,19160651.7
2004,KANSAS,13577452.6,10821727.1
2004,KENTUCKY,3323463.2,2731063.9
2004,LOUISIANA,6257686.3,4954059.2
2004,MAINE,645920.5,541899.8
2004,MARYLAND,1921743,1531268.8
2004,MASSACHUSETTS,243439,169086.4
2004,MICHIGAN,8461620.9,6849827.4
2004,MINNESOTA,17059532.7,12336278.5
2004,MISSISSIPPI,6821930.2,5490209.7
2004,MISSOURI,10475916,9203834
2004,MONTANA,4130796.1,2373408.7
2004,NEBRASKA,16092308.6,13845069.8
2004,NEVADA,1250253.5,1009088.1
2004,NEW HAMPSHIRE,147192,142231.1
2004,NEW JERSEY,889474.4,691968.9
2004,NEW MEXICO,2194039.4,807897
2004,NEW YORK,5291585.5,3939990.5
2004,NORTH CAROLINA,11012253.1,8815790
2004,NORTH DAKOTA,11036383.4,7794534.2
2004,OHIO,9715665,8132078.8
2004,OKLAHOMA,4466669.2,3482594.3
2004,OREGON,8918890,5654546
2004,PENNSYLVANIA,4495176.7,3693546.5
2004,RHODE ISLAND,26014.7,22246.9
2004,SOUTH CAROLINA,4558526.4,3529852.8
2004,SOUTH DAKOTA,10001470.8,7393105.9
2004,TENNESSEE,4403772.7,3265699.8
2004,TEXAS,20751027.7,15665362.6
2004,UTAH,1126679.1,520215.6
2004,VERMONT,294170.3,229530.4
2004,VIRGINIA,3502086.2,2677976.1
2004,WASHINGTON,32133250.4,20545977
2004,WEST VIRGINIA,548271.9,446276
2004,WISCONSIN,7969899.7,6445292.3
2004,WYOMING,770349.3,296456.3
2003,ALABAMA,3982127.9,2545965.2
2003,ARIZONA,3424887.2,1579851.8
2003,ARKANSAS,8498790.9,7497005.5
2003,CALIFORNIA,65930173.8,65930173.8
2003,COLORADO,7790775.2,5692346.7
2003,CONNECTICUT,182688.3,141753.1
2003,DELAWARE,872081,571303.4
2003,FLORIDA,46372051.8,44558755
2003,GEORGIA,11550680,7922233.8
2003,IDAHO,20948247.8,18439998.6
2003,ILLINOIS,26204654.2,24198712.2
2003,INDIANA,13649315.7,11912522.7
2003,IOWA,23482089.5,21654899.5
2003,KANSAS,14218664.4,11527959.8
2003,KENTUCKY,3330614.5,2495759.2
2003,LOUISIANA,5222668.4,4317290.9
2003,MAINE,637751.5,497690.6
2003,MARYLAND,2104663.5,1554460.7
2003,MASSACHUSETTS,279047.7,206512.1
2003,MICHIGAN,8001151.6,6818964
2003,MINNESOTA,14944650,12372240.7
2003,MISSISSIPPI,6312103.1,5308685
2003,MISSOURI,10476014.1,9097619.2
2003,MONTANA,4343105,2924998.3
2003,NEBRASKA,15306758.6,13126132.5
2003,NEVADA,910081.7,730682.8
2003,NEW HAMPSHIRE,99052.6,81232.2
2003,NEW JERSEY,787200.2,619599.4
2003,NEW MEXICO,1901630.2,1091447.9
2003,NEW YORK,4946977.1,4114765.2
2003,NORTH CAROLINA,10149210,7886335.6
2003,NORTH DAKOTA,10285534.6,7711363.7
2003,OHIO,9439124.2,8095243.9
2003,OKLAHOMA,3750429.8,2746458.2
2003,OREGON,9895115.8,6870744.9
2003,PENNSYLVANIA,4379596,3334707
2003,RHODE ISLAND,25896.5,18955.3
2003,SOUTH CAROLINA,3955413.5,3155347.7
2003,SOUTH DAKOTA,9330751.3,6587063.4
2003,TENNESSEE,4119314.6,3339946.1
2003,TEXAS,17676259.7,14268708.5
2003,UTAH,679830.9,382761.8
2003,VERMONT,212778.8,188176.2
2003,VIRGINIA,3726368.2,2725410
2003,WASHINGTON,26196338.8,19078696.2
2003,WEST VIRGINIA,668932.3,501561.8
2003,WISCONSIN,7715632.2,6029007.4
2003,WYOMING,716232.9,389669.3
2002,ALABAMA,4234470.2,2259970.3
2002,ARIZONA,4225728.6,2433057.1
2002,ARKANSAS,8452680.5,7720402.2
2002,CALIFORNIA,67077143,67077143
2002,COLORADO,8814412.9,5868169.9
2002,CONNECTICUT,121138.8,79690.4
2002,DELAWARE,750233.6,573597.8
2002,FLORIDA,43407166.5,41596485.4
2002,GEORGIA,15034673.1,9375331.1
2002,IDAHO,25887517.5,22277229.2
2002,ILLINOIS,25516042.3,22780473.7
2002,INDIANA,13537375.5,11698631.2
2002,IOWA,22944074.9,20457875.9
2002,KANSAS,13570443.7,11140847
2002,KENTUCKY,3859425.2,2700380.1
2002,LOUISIANA,5809403.8,4866817.9
2002,MAINE,415388,341167.1
2002,MARYLAND,1911692.2,1599614.3
2002,MASSACHUSETTS,235940.2,185725.5
2002,MICHIGAN,10207478.8,8139826.4
2002,MINNESOTA,14010044.9,11829238.6
2002,MISSISSIPPI,6072129.6,5092219.9
2002,MISSOURI,9723912.3,8529126.5
2002,MONTANA,4822629.8,2979780.8
2002,NEBRASKA,16036572,12947654.8
2002,NEVADA,570610.3,309990.2
2002,NEW HAMPSHIRE,85156.1,75496.3
2002,NEW JERSEY,697723.8,496807.4
2002,NEW MEXICO,1958087.9,1177487.7
2002,NEW YORK,7039614.8,3665793.5
2002,NORTH CAROLINA,12069241.1,10350306.6
2002,NORTH DAKOTA,9458219.5,7383111.8
2002,OHIO,9200507.5,7715523.1
2002,OKLAHOMA,3611754.8,2736561.9
2002,OREGON,8144862.1,6329420.8
2002,PENNSYLVANIA,3747302.9,3080742.6
2002,RHODE ISLAND,23033.7,13374.7
2002,SOUTH CAROLINA,3972750.3,3200357.1
2002,SOUTH DAKOTA,7710608.6,5781643.9
2002,TENNESSEE,4320758.2,3364465
2002,TEXAS,19503419.3,15440938.7
2002,UTAH,836773,356904.1
2002,VERMONT,170867.9,142280.8
2002,VIRGINIA,3644796.3,2554843.9
2002,WASHINGTON,20487506.6,15280346.8
2002,WEST VIRGINIA,567349,487641
2002,WISCONSIN,8017505.1,6465592.4
2002,WYOMING,763392.6,490925.1
2001,ALABAMA,4963570.5,2660673.4
2001,ARIZONA,3655287.6,1867338.9
2001,ARKANSAS,10149123.5,8948111.5
2001,CALIFORNIA,59553620.5,59553620.5
2001,COLORADO,9858279.7,6381301.4
2001,CONNECTICUT,179769.3,156713
2001,DELAWARE,1373724.6,921943.2
2001,FLORIDA,45616077.8,43482551.3
2001,GEORGIA,14842708.7,8790841.4
2001,IDAHO,22261042.4,19455530.4
2001,ILLINOIS,25568420.8,23421317.2
2001,INDIANA,14566946.4,12787466.6
2001,IOWA,24148314.8,21671443
2001,KANSAS,14592487.7,12194505.9
2001,KENTUCKY,4719021.8,3307256.9
2001,LOUISIANA,6323305.2,5300438.3
2001,MAINE,629670,445431.7
2001,MARYLAND,2389269.9,1573781.4
2001,MASSACHUSETTS,293809.3,224239.6
2001,MICHIGAN,10754635.7,8872917.7
2001,MINNESOTA,14797336.6,11941616.6
2001,MISSISSIPPI,8123607.6,6506301.4
2001,MISSOURI,10213451.5,8730850
2001,MONTANA,4680921.8,2748519.3
2001,NEBRASKA,16301407.3,13612433.7
2001,NEVADA,632128.9,145053.8
2001,NEW HAMPSHIRE,123097.9,116296.9
2001,NEW JERSEY,844750.7,586184.8
2001,NEW MEXICO,2390036.1,1701757.8
2001,NEW YORK,4392028.3,3540920.5
2001,NORTH CAROLINA,12409091.9,9142235.3
2001,NORTH DAKOTA,8909028.5,6940849.3
2001,OHIO,9665527.2,8293573
2001,OKLAHOMA,3805710.4,2606060.3
2001,OREGON,9786810.6,7312722.3
2001,PENNSYLVANIA,4310690.5,3422701.1
2001,RHODE ISLAND,25725.8,21843.3
2001,SOUTH CAROLINA,5081220.3,3922385
2001,SOUTH DAKOTA,9535418.7,6729613
2001,TENNESSEE,4375224.2,3415495.9
2001,TEXAS,20023351.1,14444758.3
2001,UTAH,750322.6,261773.8
2001,VERMONT,320898.9,278138.7
2001,VIRGINIA,4047482.9,2978984.8
2001,WASHINGTON,22027254.1,18323788.2
2001,WEST VIRGINIA,389788.2,297905.6
2001,WISCONSIN,8289838,6934418.6
2001,WYOMING,676638.1,372585.5
2000,ALABAMA,4188588.3,2204398.5
2000,ARIZONA,3670118.3,1871606.4
2000,ARKANSAS,9471772.8,8381996.5
2000,CALIFORNIA,73511226.6,73511226.6
2000,COLORADO,4646057.7,2975483.5
2000,CONNECTICUT,241262.5,177019.7
2000,DELAWARE,965964.2,717103.8
2000,FLORIDA,46850163.6,44592289
2000,GEORGIA,14576321.3,9482842.5
2000,IDAHO,25434115.5,23734030.8
2000,ILLINOIS,25232215.8,23195085
2000,INDIANA,14452055.5,12898985.6
2000,IOWA,24168706.2,22144327
2000,KANSAS,14306819.3,11325624
2000,KENTUCKY,5262295.6,3325636.3
2000,LOUISIANA,5899674.7,4905223.2
2000,MAINE,547884.6,436038.3
2000,MARYLAND,2094329.1,1617625.8
2000,MASSACHUSETTS,271921.6,191379.4
2000,MICHIGAN,10295950.2,8501303.1
2000,MINNESOTA,14980256.8,12393531.9
2000,MISSISSIPPI,8419613,5963564.1
2000,MISSOURI,10363759.1,8967737.2
2000,MONTANA,3817747.4,2512856.2
2000,NEBRASKA,17813006.2,15055526.6
2000,NEVADA,1105247,823281.1
2000,NEW HAMPSHIRE,87409.2,75238.4
2000,NEW JERSEY,1060537,800172.1
2000,NEW MEXICO,1939204.5,806786.6
2000,NEW YORK,4927155.8,3905344
2000,NORTH CAROLINA,14464802.9,11326285.9
2000,NORTH DAKOTA,9109819.4,7027069.9
2000,OHIO,9808568.6,8452832.2
2000,OKLAHOMA,4016650.8,2749504.8
2000,OREGON,7815660.7,6156721.1
2000,PENNSYLVANIA,4816080.5,3937845.8
2000,RHODE ISLAND,24760,22674
2000,SOUTH CAROLINA,5530507.3,4271018.6
2000,SOUTH DAKOTA,9899974.9,7616437.5
2000,TENNESSEE,4772666,3720074.8
2000,TEXAS,21701482.8,16710140.2
2000,UTAH,696549.5,429220.9
2000,VERMONT,313417,281325.8
2000,VIRGINIA,4360464.3,3548220.8
2000,WASHINGTON,21260351.3,17525080
2000,WEST VIRGINIA,494313.1,394076
2000,WISCONSIN,9250464.2,7809826.6
2000,WYOMING,633994.5,340932.4
1999,ALABAMA,4574333.3,2375143.9
1999,ARIZONA,3623173.8,2146106.5
1999,ARKANSAS,9393138.4,8400398.1
1999,CALIFORNIA,83063518.2,83063518.2
1999,COLORADO,5250987.1,3586899
1999,CONNECTICUT,185779.5,161203.4
1999,DELAWARE,835988.2,668508.1
1999,FLORIDA,67473894.9,66181653.1
1999,GEORGIA,13314290.7,9287043.2
1999,IDAHO,12244280.2,10016483.7
1999,ILLINOIS,25529733.8,22894363.4
1999,INDIANA,15223515.2,13414002.7
1999,IOWA,25924225.3,23454658.1
1999,KANSAS,15872336,11943299
1999,KENTUCKY,4484267.1,3590361.6
1999,LOUISIANA,7587950.7,5744462
1999,MAINE,627538.4,471767.2
1999,MARYLAND,1821292.2,1435031.7
1999,MASSACHUSETTS,262296.8,217850.7
1999,MICHIGAN,9794839.1,8112426.3
1999,MINNESOTA,14872881.6,12154916.8
1999,MISSISSIPPI,7174946.5,5868506
1999,MISSOURI,10063720.1,8754672.2
1999,MONTANA,5159992.6,2896886.2
1999,NEBRASKA,16747528.9,14134201.9
1999,NEVADA,1090885.1,837445.3
1999,NEW HAMPSHIRE,115306.3,104335
1999,NEW JERSEY,1010929.2,820115.7
1999,NEW MEXICO,2025238.2,982429.6
1999,NEW YORK,5362281.3,4258490.1
1999,NORTH CAROLINA,11762334.5,9372497.7
1999,NORTH DAKOTA,9253788.5,6741646.2
1999,OHIO,9603745.1,8307820.8
1999,OKLAHOMA,4338090.3,2800577.7
1999,OREGON,8576828.8,5392708.4
1999,PENNSYLVANIA,4882032.9,4074490.9
1999,RHODE ISLAND,24603.5,22434.9
1999,SOUTH CAROLINA,4195432.8,3295875.7
1999,SOUTH DAKOTA,8754621.7,6324460.5
1999,TENNESSEE,5108456.4,3764895.4
1999,TEXAS,20816350.4,15456815.8
1999,UTAH,858884.5,364573.5
1999,VERMONT,304474.4,278472.2
1999,VIRGINIA,3784022.1,3149249.4
1999,WASHINGTON,22282281.3,17151276.6
1999,WEST VIRGINIA,505828.9,403512.8
1999,WISCONSIN,7231640.4,5894885.6
1999,WYOMING,969523.5,371275.4
1998,ALABAMA,4762934.8,3191896.1
1998,ARIZONA,4378385.1,2202319.7
1998,ARKANSAS,10299658.7,9348611.4
1998,CALIFORNIA,87775981,87775981
1998,COLORADO,6677379.2,3541579.5
1998,CONNECTICUT,167024.8,136439.4
1998,DELAWARE,2650580.8,2132918.5
1998,FLORIDA,45964804.3,44126571.3
1998,GEORGIA,13693538.2,10524723.9
1998,IDAHO,12223182.6,10857119.3
1998,ILLINOIS,29139142.9,26722675.6
1998,INDIANA,15811073.5,13790229.2
1998,IOWA,27972339.5,25173728.4
1998,KANSAS,15243022.9,11650779.8
1998,KENTUCKY,6336609.6,3906428.6
1998,LOUISIANA,7019375.3,6211054.8
1998,MAINE,441963.5,304937.2
1998,MARYLAND,2497432.1,1902438.7
1998,MASSACHUSETTS,239940.8,186964.6
1998,MICHIGAN,11292619.2,9297950.3
1998,MINNESOTA,17447423.2,14921938.2
1998,MISSISSIPPI,7364890.7,6443584.1
1998,MISSOURI,11267188.1,9813625.6
1998,MONTANA,4291414.3,3340474.8
1998,NEBRASKA,20510409.6,16960858.7
1998,NEVADA,1251800.3,1010143.5
1998,NEW HAMPSHIRE,93743.7,75733.3
1998,NEW JERSEY,1094850,550600.3
1998,NEW MEXICO,1984845.9,714127
1998,NEW YORK,5910437.8,4942955.3
1998,NORTH CAROLINA,14491028.9,10384404.7
1998,NORTH DAKOTA,10593950.3,8521513.3
1998,OHIO,11309951.5,9662641.6
1998,OKLAHOMA,3621428.3,2634551.6
1998,OREGON,7363986,5420128.9
1998,PENNSYLVANIA,5302730.7,4284862.8
1998,RHODE ISLAND,28652.1,26695.1
1998,SOUTH CAROLINA,6081660.2,4253010.4
1998,SOUTH DAKOTA,9205624.9,7450894
1998,TENNESSEE,4720386.7,3812908.7
1998,TEXAS,21575706.4,16730769.1
1998,UTAH,944654.9,484560
1998,VERMONT,246403.5,163067.2
1998,VIRGINIA,4552264.4,3306937.9
1998,WASHINGTON,16233240.8,13409871.9
1998,WEST VIRGINIA,479482.7,339220.2
1998,WISCONSIN,9315153.7,7845539.4
1998,WYOMING,596956.8,334453.3
1997,ALABAMA,5769643.5,3351238.1
1997,ARIZONA,5680002.2,2424118.7
1997,ARKANSAS,12390023.3,11306084.6
1997,CALIFORNIA,83347958.9,83347958.9
1997,COLORADO,7982806.9,4041903.1
1997,CONNECTICUT,322841.3,244358.7
1997,DELAWARE,1499286.7,1125914.1
1997,FLORIDA,54839038.4,53056607.3
1997,GEORGIA,21649588.4,16315042.9
1997,IDAHO,12929170.2,10316515.7
1997,ILLINOIS,30526935.9,28090889.2
1997,INDIANA,16611554.8,15174855.5
1997,IOWA,29095986.8,27166283.6
1997,KANSAS,16556639.5,12464921.8
1997,KENTUCKY,5592478.1,4248734.6
1997,LOUISIANA,6682766,5451579.3
1997,MAINE,807922.1,590585.7
1997,MARYLAND,2571946.2,1850698.3
1997,MASSACHUSETTS,289918,202603.7
1997,MICHIGAN,12865643.8,9993429.1
1997,MINNESOTA,19114717.2,16028164.5
1997,MISSISSIPPI,7554254.2,6306162.9
1997,MISSOURI,12675860.9,10806283.5
1997,MONTANA,5372984.6,3534938.4
1997,NEBRASKA,20182576.2,17456591.1
1997,NEVADA,530002.6,299822.2
1997,NEW HAMPSHIRE,78966.4,26297.6
1997,NEW JERSEY,1609316.8,1199397.3
1997,NEW MEXICO,2416829.6,1140391.9
1997,NEW YORK,5142583.2,4121316.3
1997,NORTH CAROLINA,18254165.8,14298111.2
1997,NORTH DAKOTA,10148957,7348320.5
1997,OHIO,12698457.9,11038835.9
1997,OKLAHOMA,5204281.9,3221213
1997,OREGON,9863492.7,5322070.8
1997,PENNSYLVANIA,5445111.2,4474025.2
1997,RHODE ISLAND,24770.4,13980.4
1997,SOUTH CAROLINA,6118037.5,4623362.8
1997,SOUTH DAKOTA,9532859.4,6725636.5
1997,TENNESSEE,6666833.1,5358766.3
1997,TEXAS,19953195.3,15263102.7
1997,UTAH,1274381.2,500374.5
1997,VERMONT,218728.3,133733.4
1997,VIRGINIA,5342439.9,3926204.8
1997,WASHINGTON,16256752.7,13281838.4
1997,WEST VIRGINIA,539143.4,369859.2
1997,WISCONSIN,9243015.1,7864818.6
1997,WYOMING,1885244.7,806390.5
1996,ALABAMA,8423037.1,4717088.7
1996,ARIZONA,7196359,3817899.7
1996,ARKANSAS,12391084.5,10939880
1996,CALIFORNIA,78236829.4,78236829.4
1996,COLORADO,7746824.8,3984609.9
1996,CONNECTICUT,319164.6,188620
1996,DELAWARE,1819177.3,1267510.8
1996,FLORIDA,45268590,43842371.7
1996,GEORGIA,18092177.4,13345367.3
1996,IDAHO,13840098.1,11353915.2
1996,ILLINOIS,35440452.3,29610793.2
1996,INDIANA,16966481.4,14524724.8
1996,IOWA,29959869.9,26953442.9
1996,KANSAS,20423619.6,13434471.4
1996,KENTUCKY,5359806.3,4063417.2
1996,LOUISIANA,11039816.5,8169060.9
1996,MAINE,934134.8,738964.7
1996,MARYLAND,8295741.8,5126908
1996,MASSACHUSETTS,457489.9,346016.4
1996,MICHIGAN,10727041.8,9162471.6
1996,MINNESOTA,19512024.6,15681402.8
1996,MISSISSIPPI,10121648,7306685.6
1996,MISSOURI,13458810.6,10373312.2
1996,MONTANA,5233536.3,2962084.3
1996,NEBRASKA,21161701.9,17785375.3
1996,NEVADA,801513.1,322633.7
1996,NEW HAMPSHIRE,113662.9,65783.5
1996,NEW JERSEY,2053242.1,1644550.3
1996,NEW MEXICO,1602253.2,547102.8
1996,NEW YORK,6503107.7,5176319
1996,NORTH CAROLINA,17618590.1,12465614.1
1996,NORTH DAKOTA,11486104.4,7663646.8
1996,OHIO,11209280.4,9673419.6
1996,OKLAHOMA,4716050.9,2739327.4
1996,OREGON,10060042.4,6623075.9
1996,PENNSYLVANIA,12021699.7,4323707.6
1996,RHODE ISLAND,64894.5,51016.8
1996,SOUTH CAROLINA,11215811.2,6445838.8
1996,SOUTH DAKOTA,9627974.9,6840668.5
1996,TENNESSEE,5658508.8,4070892.3
1996,TEXAS,17679526.6,12553999.2
1996,UTAH,1579780.5,575694.2
1996,VERMONT,823401.1,749310.3
1996,VIRGINIA,16485863.3,4640285.8
1996,WASHINGTON,29761710.5,23607395.7
1996,WEST VIRGINIA,8510174.2,659962.4
1996,WISCONSIN,9789570.2,8424338.8
1996,WYOMING,1284477.2,670373.2
1995,ALABAMA,6312607.8,3754571
1995,ARIZONA,8882664.7,4855725.9
1995,ARKANSAS,13300794.2,10944999.9
1995,CALIFORNIA,81803954.3,81803954.3
1995,COLORADO,5778795,3351276.4
1995,CONNECTICUT,555427.5,311184.9
1995,DELAWARE,1444632.8,998659.4
1995,FLORIDA,49872784.7,46706991.2
1995,GEORGIA,26979477.7,18722212.7
1995,IDAHO,10284767.3,8223499
1995,ILLINOIS,30836809.1,26753718.2
1995,INDIANA,17541102,15282493
1995,IOWA,28313990,25087762.5
1995,KANSAS,15025663.4,10051679.7
1995,KENTUCKY,5468457.6,4342691.9
1995,LOUISIANA,12981987.9,7978026.6
1995,MAINE,734330.7,506985.7
1995,MARYLAND,2712308.8,1884580.9
1995,MASSACHUSETTS,1777591,1644390.2
1995,MICHIGAN,10545326.3,8759535.7
1995,MINNESOTA,19660063.1,14602689.6
1995,MISSISSIPPI,11395254.9,9266168.3
1995,MISSOURI,10811070.9,8053709.1
1995,MONTANA,5136393.8,2853351.5
1995,NEBRASKA,23745764.5,18606387.7
1995,NEVADA,828877.4,228835.2
1995,NEW HAMPSHIRE,178526,137988.3
1995,NEW JERSEY,1341840.4,1019318.3
1995,NEW MEXICO,1457149.9,715208.8
1995,NEW YORK,5315707.9,3997759.8
1995,NORTH CAROLINA,12655235.4,9486599.8
1995,NORTH DAKOTA,10646210,6915046.7
1995,OHIO,13070411.5,11356230.9
1995,OKLAHOMA,3963858.2,2142352.7
1995,OREGON,8856681.8,3665463.3
1995,PENNSYLVANIA,5435409.9,4384274.8
1995,RHODE ISLAND,54266.2,50226.3
1995,SOUTH CAROLINA,6170605,3371846
1995,SOUTH DAKOTA,8769476.3,5529279.9
1995,TENNESSEE,5995842,4779760.6
1995,TEXAS,27382166.8,20311025.9
1995,UTAH,1112007.2,476842.5
1995,VERMONT,378394.9,80517.4
1995,VIRGINIA,5762476.9,4150053.4
1995,WASHINGTON,22813588.8,20430677.5
1995,WEST VIRGINIA,467733.9,301064.2
1995,WISCONSIN,10253839.6,8496588.4
1995,WYOMING,1122148.1,411469.9
1994,ALABAMA,7120286,3982902.5
1994,ARIZONA,3710253.8,2894815.2
1994,ARKANSAS,12748533,10699882.4
1994,CALIFORNIA,77912820,77912820
1994,COLORADO,6085525.7,3054188.6
1994,CONNECTICUT,264282.3,185426.5
1994,DELAWARE,1572259.8,1119830
1994,FLORIDA,41566744.5,37919927.4
1994,GEORGIA,18395589.6,10979903.2
1994,IDAHO,9302362,7519425.2
1994,ILLINOIS,33606028.1,30406422.3
1994,INDIANA,19013460.8,16392476.4
1994,IOWA,32586049.3,29129747.8
1994,KANSAS,15443314.2,10946102.4
1994,KENTUCKY,5601810.6,4270527
1994,LOUISIANA,10409700.4,8954377.3
1994,MAINE,1048374.8,566620.6
1994,MARYLAND,3710963.9,2735277.7
1994,MASSACHUSETTS,635650.7,512208.1
1994,MICHIGAN,13762314,10854446.3
1994,MINNESOTA,22073759.7,16290846.8
1994,MISSISSIPPI,10595911.6,8386881.4
1994,MISSOURI,11787523.3,9550270.7
1994,MONTANA,3792881,2459997.5
1994,NEBRASKA,23765086.6,19809761.1
1994,NEVADA,362083.7,218441.6
1994,NEW HAMPSHIRE,133014,67259.1
1994,NEW JERSEY,1828841.5,1484927.7
1994,NEW MEXICO,1219203.2,644376.6
1994,NEW YORK,5470579.2,4505394.8
1994,NORTH CAROLINA,16214998,10872413
1994,NORTH DAKOTA,11644329.1,7556006.3
1994,OHIO,16398786.1,14067214.9
1994,OKLAHOMA,5053620.1,3030361.7
1994,OREGON,8064945.6,4080053
1994,PENNSYLVANIA,6039053.7,4469659.2
1994,RHODE ISLAND,31760.7,29451.8
1994,SOUTH CAROLINA,6641935.5,4863606.5
1994,SOUTH DAKOTA,9974335.3,7481422.1
1994,TENNESSEE,5099027.6,3620536.4
1994,TEXAS,18620615.3,12723862
1994,UTAH,984591,391342.8
1994,VERMONT,226042.6,166550.6
1994,VIRGINIA,5213482,3681387
1994,WASHINGTON,12068995.9,8546813.8
1994,WEST VIRGINIA,679691,348116.9
1994,WISCONSIN,11397685,9975587.3
1994,WYOMING,1355633.3,658115
1993,ALABAMA,5229244.8,3931573.9
1993,ARIZONA,3639261.5,1648835.6
1993,ARKANSAS,11741472.7,10176624.7
1993,CALIFORNIA,78735809.6,78735809.6
1993,COLORADO,4985762.2,2599136.1
1993,CONNECTICUT,301401.1,228173
1993,DELAWARE,1763193.7,1464049.8
1993,FLORIDA,21872520.2,20008934.4
1993,GEORGIA,10947946.6,7748710.7
1993,IDAHO,7239638.2,5727780.8
1993,ILLINOIS,27542349,25440136.6
1993,INDIANA,16172909.1,14579563.3
1993,IOWA,29542418.9,27046067.8
1993,KANSAS,14898708.9,9473699.5
1993,KENTUCKY,5347363.4,4151517.8
1993,LOUISIANA,7595537.6,6086258.3
1993,MAINE,823303.3,516133.4
1993,MARYLAND,2350572.3,1587524.2
1993,MASSACHUSETTS,417816.3,348416.2
1993,MICHIGAN,11189990.4,9746504.7
1993,MINNESOTA,18646248,14784578
1993,MISSISSIPPI,9221056.2,7620260.7
1993,MISSOURI,10218408,8028327.7
1993,MONTANA,3824198,2472281.1
1993,NEBRASKA,20205728.3,17094884.5
1993,NEVADA,1094933.9,808503.3
1993,NEW HAMPSHIRE,105758.3,38159.7
1993,NEW JERSEY,1505720.5,1130896
1993,NEW MEXICO,1303680.3,673309.6
1993,NEW YORK,4780852.1,4031938.2
1993,NORTH CAROLINA,10966847.6,8540115.5
1993,NORTH DAKOTA,8372197.1,5535352.2
1993,OHIO,12306714.1,10754345.8
1993,OKLAHOMA,3282088.2,1974348.1
1993,OREGON,7032090.7,4126482.8
1993,PENNSYLVANIA,5203639.1,4043438.4
1993,RHODE ISLAND,29352,24591.5
1993,SOUTH CAROLINA,4265992.3,3052771.5
1993,SOUTH DAKOTA,7659226.8,5878404.3
1993,TENNESSEE,4843700.2,3782281.3
1993,TEXAS,17573719.2,13044560.7
1993,UTAH,761751.2,289163.7
1993,VERMONT,270421.8,171591.3
1993,VIRGINIA,4371715.4,3127903.4
1993,WASHINGTON,15635818,10512909.7
1993,WEST VIRGINIA,505872.9,251660.5
1993,WISCONSIN,8977384.7,7477782.7
1993,WYOMING,1432732.8,726519.3
1992,ALABAMA,6350791.3,3846682.2
1992,ARIZONA,13331519.7,2624464.9
1992,ARKANSAS,10923392.2,8631648.7
1992,CALIFORNIA,71516230.3,71516230.3
1992,COLORADO,8822122.2,2338875.5
1992,CONNECTICUT,237780.4,143694.5
1992,DELAWARE,2072224.5,1509731.4
1992,FLORIDA,26919791.8,25834719.9
1992,GEORGIA,12938075.7,7436887.9
1992,IDAHO,7156951.2,5480243.2
1992,ILLINOIS,31623371.7,29136533.1
1992,INDIANA,18106099.5,16441540.1
1992,IOWA,33042870.3,31003706.5
1992,KANSAS,12433820.1,9419199.3
1992,KENTUCKY,6896841.6,4366574.4
1992,LOUISIANA,14010642.8,10904792.2
1992,MAINE,1322888.7,756442.1
1992,MARYLAND,3703791.1,2764979.5
1992,MASSACHUSETTS,356676.7,259923.3
1992,MICHIGAN,11439739.5,9904866.4
1992,MINNESOTA,23015822.7,17701026.8
1992,MISSISSIPPI,10728858.9,7540909.6
1992,MISSOURI,10497489.9,8364205.3
1992,MONTANA,3550193.9,2016727.6
1992,NEBRASKA,18515009.9,16418801.9
1992,NEVADA,578530.1,400827.2
1992,NEW HAMPSHIRE,78719.9,24795.7
1992,NEW JERSEY,1507917.1,1078172.8
1992,NEW MEXICO,1725584.2,1219485.3
1992,NEW YORK,6267345.4,4695637.7
1992,NORTH CAROLINA,15165079.3,10649140.2
1992,NORTH DAKOTA,9547462.5,6395741.1
1992,OHIO,13826413.6,12154002.7
1992,OKLAHOMA,3356728.1,2090591.2
1992,OREGON,6373730.7,3867260.9
1992,PENNSYLVANIA,5786845.2,4491108.3
1992,RHODE ISLAND,27616.1,19932
1992,SOUTH CAROLINA,5162654.2,3085187
1992,SOUTH DAKOTA,7322381.8,5774674.5
1992,TENNESSEE,5631527.9,4014201.3
1992,TEXAS,19794311.6,13853319.9
1992,UTAH,972641.9,536951.6
1992,VERMONT,299769.3,244969.6
1992,VIRGINIA,4501459,3331780.6
1992,WASHINGTON,11336585.8,6810764.4
1992,WEST VIRGINIA,2099651.3,501389
1992,WISCONSIN,9686396.3,8571064.1
1992,WYOMING,1145887.3,773205.8