Year,Period,State,Colonies Added & Replaced
2022,APR THRU JUN,ALABAMA,"4,600"
2022,APR THRU JUN,ARIZONA,"17,500"
2022,APR THRU JUN,ARKANSAS,"5,000"
2022,APR THRU JUN,CALIFORNIA,"154,000"
2022,APR THRU JUN,COLORADO,"7,500"
2022,APR THRU JUN,CONNECTICUT,130
2022,APR THRU JUN,FLORIDA,"40,000"
2022,APR THRU JUN,GEORGIA,"27,000"
2022,APR THRU JUN,HAWAII,"2,200"
2022,APR THRU JUN,IDAHO,"35,000"
2022,APR THRU JUN,ILLINOIS,"4,300"
2022,APR THRU JUN,INDIANA,"5,500"
2022,APR THRU JUN,IOWA,"5,000"
2022,APR THRU JUN,KANSAS,"6,000"
2022,APR THRU JUN,KENTUCKY,"3,600"
2022,APR THRU JUN,LOUISIANA,"8,500"
2022,APR THRU JUN,MAINE,"1,300"
2022,APR THRU JUN,MARYLAND,"1,600"
2022,APR THRU JUN,MASSACHUSETTS,"1,200"
2022,APR THRU JUN,MICHIGAN,"13,000"
2022,APR THRU JUN,MINNESOTA,"6,000"
2022,APR THRU JUN,MISSISSIPPI,"16,000"
2022,APR THRU JUN,MISSOURI,"6,000"
2022,APR THRU JUN,MONTANA,"5,500"
2022,APR THRU JUN,NEBRASKA,"8,000"
2022,APR THRU JUN,NEW JERSEY,"2,600"
2022,APR THRU JUN,NEW MEXICO,"4,200"
2022,APR THRU JUN,NEW YORK,"6,000"
2022,APR THRU JUN,NORTH CAROLINA,"7,500"
2022,APR THRU JUN,NORTH DAKOTA,"12,000"
2022,APR THRU JUN,OHIO,"4,300"
2022,APR THRU JUN,OKLAHOMA,"10,500"
2022,APR THRU JUN,OREGON,"12,500"
2022,APR THRU JUN,OTHER STATES,900
2022,APR THRU JUN,PENNSYLVANIA,"7,000"
2022,APR THRU JUN,SOUTH CAROLINA,"3,500"
2022,APR THRU JUN,SOUTH DAKOTA,"2,100"
2022,APR THRU JUN,TENNESSEE,"9,000"
2022,APR THRU JUN,TEXAS,"83,000"
2022,APR THRU JUN,UTAH,"8,500"
2022,APR THRU JUN,VERMONT,"3,300"
2022,APR THRU JUN,VIRGINIA,"2,900"
2022,APR THRU JUN,WASHINGTON,"12,500"
2022,APR THRU JUN,WEST VIRGINIA,"2,400"
2022,APR THRU JUN,WISCONSIN,"6,000"
2022,APR THRU JUN,WYOMING,"4,500"
2022,JAN THRU MAR,ALABAMA,"1,600"
2022,JAN THRU MAR,ARIZONA,"4,700"
2022,JAN THRU MAR,ARKANSAS,780
2022,JAN THRU MAR,CALIFORNIA,"139,000"
2022,JAN THRU MAR,COLORADO,0
2022,JAN THRU MAR,CONNECTICUT,500
2022,JAN THRU MAR,FLORIDA,"50,000"
2022,JAN THRU MAR,GEORGIA,"26,000"
2022,JAN THRU MAR,HAWAII,"2,600"
2022,JAN THRU MAR,IDAHO,"7,500"
2022,JAN THRU MAR,ILLINOIS,900
2022,JAN THRU MAR,INDIANA,130
2022,JAN THRU MAR,IOWA,610
2022,JAN THRU MAR,KANSAS,140
2022,JAN THRU MAR,KENTUCKY,50
2022,JAN THRU MAR,LOUISIANA,"7,000"
2022,JAN THRU MAR,MAINE,300
2022,JAN THRU MAR,MARYLAND,"1,800"
2022,JAN THRU MAR,MASSACHUSETTS,350
2022,JAN THRU MAR,MICHIGAN,"1,400"
2022,JAN THRU MAR,MINNESOTA,"6,000"
2022,JAN THRU MAR,MISSISSIPPI,"12,000"
2022,JAN THRU MAR,MISSOURI,310
2022,JAN THRU MAR,MONTANA,30
2022,JAN THRU MAR,NEBRASKA,30
2022,JAN THRU MAR,NEW JERSEY,"1,500"
2022,JAN THRU MAR,NEW MEXICO,"1,000"
2022,JAN THRU MAR,NEW YORK,370
2022,JAN THRU MAR,NORTH CAROLINA,"3,100"
2022,JAN THRU MAR,NORTH DAKOTA,300
2022,JAN THRU MAR,OHIO,30
2022,JAN THRU MAR,OKLAHOMA,50
2022,JAN THRU MAR,OREGON,"2,400"
2022,JAN THRU MAR,OTHER STATES,320
2022,JAN THRU MAR,PENNSYLVANIA,470
2022,JAN THRU MAR,SOUTH CAROLINA,"4,500"
2022,JAN THRU MAR,SOUTH DAKOTA,40
2022,JAN THRU MAR,TENNESSEE,"1,300"
2022,JAN THRU MAR,TEXAS,"80,000"
2022,JAN THRU MAR,UTAH,"4,600"
2022,JAN THRU MAR,VERMONT,0
2022,JAN THRU MAR,VIRGINIA,940
2022,JAN THRU MAR,WASHINGTON,"1,400"
2022,JAN THRU MAR,WEST VIRGINIA,420
2022,JAN THRU MAR,WISCONSIN,"1,400"
2022,JAN THRU MAR,WYOMING,20
2021,APR THRU JUN,ALABAMA,"3,400"
2021,APR THRU JUN,ARIZONA,"12,000"
2021,APR THRU JUN,ARKANSAS,"9,000"
2021,APR THRU JUN,CALIFORNIA,"165,000"
2021,APR THRU JUN,COLORADO,"6,000"
2021,APR THRU JUN,CONNECTICUT,"1,100"
2021,APR THRU JUN,FLORIDA,"53,000"
2021,APR THRU JUN,GEORGIA,"25,000"
2021,APR THRU JUN,HAWAII,490
2021,APR THRU JUN,IDAHO,"40,000"
2021,APR THRU JUN,ILLINOIS,"3,700"
2021,APR THRU JUN,INDIANA,"4,000"
2021,APR THRU JUN,IOWA,"11,000"
2021,APR THRU JUN,KANSAS,"4,800"
2021,APR THRU JUN,KENTUCKY,"2,100"
2021,APR THRU JUN,LOUISIANA,"8,000"
2021,APR THRU JUN,MAINE,430
2021,APR THRU JUN,MARYLAND,"2,600"
2021,APR THRU JUN,MASSACHUSETTS,"2,000"
2021,APR THRU JUN,MICHIGAN,"10,000"
2021,APR THRU JUN,MINNESOTA,"29,000"
2021,APR THRU JUN,MISSISSIPPI,"9,500"
2021,APR THRU JUN,MISSOURI,"2,300"
2021,APR THRU JUN,MONTANA,"13,500"
2021,APR THRU JUN,NEBRASKA,"9,000"
2021,APR THRU JUN,NEW JERSEY,"1,400"
2021,APR THRU JUN,NEW MEXICO,560
2021,APR THRU JUN,NEW YORK,"15,000"
2021,APR THRU JUN,NORTH CAROLINA,"6,000"
2021,APR THRU JUN,NORTH DAKOTA,"11,500"
2021,APR THRU JUN,OHIO,"8,000"
2021,APR THRU JUN,OKLAHOMA,"4,200"
2021,APR THRU JUN,OREGON,"25,000"
2021,APR THRU JUN,OTHER STATES,"2,880"
2021,APR THRU JUN,PENNSYLVANIA,"7,000"
2021,APR THRU JUN,SOUTH CAROLINA,"4,200"
2021,APR THRU JUN,SOUTH DAKOTA,"39,000"
2021,APR THRU JUN,TENNESSEE,"4,800"
2021,APR THRU JUN,TEXAS,"67,000"
2021,APR THRU JUN,UTAH,"9,500"
2021,APR THRU JUN,VERMONT,770
2021,APR THRU JUN,VIRGINIA,"3,100"
2021,APR THRU JUN,WASHINGTON,"9,500"
2021,APR THRU JUN,WEST VIRGINIA,"1,900"
2021,APR THRU JUN,WISCONSIN,"10,000"
2021,APR THRU JUN,WYOMING,"7,500"
2021,JAN THRU MAR,ALABAMA,670
2021,JAN THRU MAR,ARIZONA,"4,500"
2021,JAN THRU MAR,ARKANSAS,690
2021,JAN THRU MAR,CALIFORNIA,"189,000"
2021,JAN THRU MAR,COLORADO,"1,000"
2021,JAN THRU MAR,CONNECTICUT,400
2021,JAN THRU MAR,FLORIDA,"47,000"
2021,JAN THRU MAR,GEORGIA,"34,000"
2021,JAN THRU MAR,HAWAII,"2,300"
2021,JAN THRU MAR,IDAHO,"11,000"
2021,JAN THRU MAR,ILLINOIS,"2,500"
2021,JAN THRU MAR,INDIANA,"2,400"
2021,JAN THRU MAR,IOWA,"1,100"
2021,JAN THRU MAR,KANSAS,"1,000"
2021,JAN THRU MAR,KENTUCKY,"1,000"
2021,JAN THRU MAR,LOUISIANA,"3,600"
2021,JAN THRU MAR,MAINE,60
2021,JAN THRU MAR,MARYLAND,"1,300"
2021,JAN THRU MAR,MASSACHUSETTS,30
2021,JAN THRU MAR,MICHIGAN,320
2021,JAN THRU MAR,MINNESOTA,"1,300"
2021,JAN THRU MAR,MISSISSIPPI,"14,000"
2021,JAN THRU MAR,MISSOURI,110
2021,JAN THRU MAR,MONTANA,820
2021,JAN THRU MAR,NEBRASKA,930
2021,JAN THRU MAR,NEW JERSEY,900
2021,JAN THRU MAR,NEW MEXICO,170
2021,JAN THRU MAR,NEW YORK,"2,600"
2021,JAN THRU MAR,NORTH CAROLINA,"1,900"
2021,JAN THRU MAR,NORTH DAKOTA,"2,700"
2021,JAN THRU MAR,OHIO,120
2021,JAN THRU MAR,OKLAHOMA,"4,100"
2021,JAN THRU MAR,OREGON,"1,600"
2021,JAN THRU MAR,OTHER STATES,750
2021,JAN THRU MAR,PENNSYLVANIA,"1,100"
2021,JAN THRU MAR,SOUTH CAROLINA,930
2021,JAN THRU MAR,SOUTH DAKOTA,0
2021,JAN THRU MAR,TENNESSEE,460
2021,JAN THRU MAR,TEXAS,"61,000"
2021,JAN THRU MAR,UTAH,"2,700"
2021,JAN THRU MAR,VERMONT,700
2021,JAN THRU MAR,VIRGINIA,"1,800"
2021,JAN THRU MAR,WASHINGTON,"9,500"
2021,JAN THRU MAR,WEST VIRGINIA,200
2021,JAN THRU MAR,WISCONSIN,230
2021,JAN THRU MAR,WYOMING,"3,000"
2021,JUL THRU SEP,ALABAMA,950
2021,JUL THRU SEP,ARIZONA,"2,000"
2021,JUL THRU SEP,ARKANSAS,"2,400"
2021,JUL THRU SEP,CALIFORNIA,"47,000"
2021,JUL THRU SEP,COLORADO,"1,500"
2021,JUL THRU SEP,CONNECTICUT,140
2021,JUL THRU SEP,FLORIDA,"34,000"
2021,JUL THRU SEP,GEORGIA,"28,000"
2021,JUL THRU SEP,HAWAII,100
2021,JUL THRU SEP,IDAHO,"7,000"
2021,JUL THRU SEP,ILLINOIS,640
2021,JUL THRU SEP,INDIANA,770
2021,JUL THRU SEP,IOWA,"1,000"
2021,JUL THRU SEP,KANSAS,500
2021,JUL THRU SEP,KENTUCKY,900
2021,JUL THRU SEP,LOUISIANA,"1,300"
2021,JUL THRU SEP,MAINE,380
2021,JUL THRU SEP,MARYLAND,300
2021,JUL THRU SEP,MASSACHUSETTS,"1,700"
2021,JUL THRU SEP,MICHIGAN,"7,500"
2021,JUL THRU SEP,MINNESOTA,"5,000"
2021,JUL THRU SEP,MISSISSIPPI,770
2021,JUL THRU SEP,MISSOURI,420
2021,JUL THRU SEP,MONTANA,870
2021,JUL THRU SEP,NEBRASKA,"1,200"
2021,JUL THRU SEP,NEW JERSEY,390
2021,JUL THRU SEP,NEW MEXICO,40
2021,JUL THRU SEP,NEW YORK,"2,200"
2021,JUL THRU SEP,NORTH CAROLINA,"3,800"
2021,JUL THRU SEP,NORTH DAKOTA,"7,500"
2021,JUL THRU SEP,OHIO,"1,300"
2021,JUL THRU SEP,OKLAHOMA,340
2021,JUL THRU SEP,OREGON,"9,000"
2021,JUL THRU SEP,OTHER STATES,210
2021,JUL THRU SEP,PENNSYLVANIA,740
2021,JUL THRU SEP,SOUTH CAROLINA,"2,500"
2021,JUL THRU SEP,SOUTH DAKOTA,"7,000"
2021,JUL THRU SEP,TENNESSEE,850
2021,JUL THRU SEP,TEXAS,"3,100"
2021,JUL THRU SEP,UTAH,"2,200"
2021,JUL THRU SEP,VERMONT,310
2021,JUL THRU SEP,VIRGINIA,530
2021,JUL THRU SEP,WASHINGTON,"4,300"
2021,JUL THRU SEP,WEST VIRGINIA,320
2021,JUL THRU SEP,WISCONSIN,"1,500"
2021,JUL THRU SEP,WYOMING,430
2021,OCT THRU DEC,ALABAMA,360
2021,OCT THRU DEC,ARIZONA,"7,500"
2021,OCT THRU DEC,ARKANSAS,920
2021,OCT THRU DEC,CALIFORNIA,"15,000"
2021,OCT THRU DEC,COLORADO,200
2021,OCT THRU DEC,CONNECTICUT,140
2021,OCT THRU DEC,FLORIDA,"20,000"
2021,OCT THRU DEC,GEORGIA,"12,500"
2021,OCT THRU DEC,HAWAII,"1,100"
2021,OCT THRU DEC,IDAHO,250
2021,OCT THRU DEC,ILLINOIS,180
2021,OCT THRU DEC,INDIANA,130
2021,OCT THRU DEC,IOWA,170
2021,OCT THRU DEC,KANSAS,140
2021,OCT THRU DEC,KENTUCKY,120
2021,OCT THRU DEC,LOUISIANA,"1,400"
2021,OCT THRU DEC,MAINE,70
2021,OCT THRU DEC,MARYLAND,"1,200"
2021,OCT THRU DEC,MASSACHUSETTS,20
2021,OCT THRU DEC,MICHIGAN,140
2021,OCT THRU DEC,MINNESOTA,"4,900"
2021,OCT THRU DEC,MISSISSIPPI,30
2021,OCT THRU DEC,MISSOURI,190
2021,OCT THRU DEC,MONTANA,"3,200"
2021,OCT THRU DEC,NEBRASKA,10
2021,OCT THRU DEC,NEW JERSEY,350
2021,OCT THRU DEC,NEW MEXICO,"2,000"
2021,OCT THRU DEC,NEW YORK,440
2021,OCT THRU DEC,NORTH CAROLINA,260
2021,OCT THRU DEC,NORTH DAKOTA,"11,000"
2021,OCT THRU DEC,OHIO,300
2021,OCT THRU DEC,OKLAHOMA,230
2021,OCT THRU DEC,OREGON,680
2021,OCT THRU DEC,OTHER STATES,140
2021,OCT THRU DEC,PENNSYLVANIA,250
2021,OCT THRU DEC,SOUTH CAROLINA,70
2021,OCT THRU DEC,SOUTH DAKOTA,"1,400"
2021,OCT THRU DEC,TENNESSEE,20
2021,OCT THRU DEC,TEXAS,"2,100"
2021,OCT THRU DEC,UTAH,"1,500"
2021,OCT THRU DEC,VERMONT,0
2021,OCT THRU DEC,VIRGINIA,160
2021,OCT THRU DEC,WASHINGTON,"1,400"
2021,OCT THRU DEC,WEST VIRGINIA,10
2021,OCT THRU DEC,WISCONSIN,"1,100"
2021,OCT THRU DEC,WYOMING,660
2020,APR THRU JUN,ALABAMA,"4,700"
2020,APR THRU JUN,ARIZONA,"14,500"
2020,APR THRU JUN,ARKANSAS,"4,900"
2020,APR THRU JUN,CALIFORNIA,"175,000"
2020,APR THRU JUN,COLORADO,"7,000"
2020,APR THRU JUN,CONNECTICUT,"1,200"
2020,APR THRU JUN,FLORIDA,"25,000"
2020,APR THRU JUN,GEORGIA,"18,500"
2020,APR THRU JUN,HAWAII,"3,000"
2020,APR THRU JUN,IDAHO,"22,000"
2020,APR THRU JUN,ILLINOIS,"4,200"
2020,APR THRU JUN,INDIANA,"4,500"
2020,APR THRU JUN,IOWA,"17,000"
2020,APR THRU JUN,KANSAS,"1,900"
2020,APR THRU JUN,KENTUCKY,"4,200"
2020,APR THRU JUN,LOUISIANA,"2,300"
2020,APR THRU JUN,MAINE,520
2020,APR THRU JUN,MARYLAND,"4,400"
2020,APR THRU JUN,MASSACHUSETTS,870
2020,APR THRU JUN,MICHIGAN,"11,000"
2020,APR THRU JUN,MINNESOTA,"9,000"
2020,APR THRU JUN,MISSISSIPPI,"1,500"
2020,APR THRU JUN,MISSOURI,"2,800"
2020,APR THRU JUN,MONTANA,"18,000"
2020,APR THRU JUN,NEBRASKA,"7,000"
2020,APR THRU JUN,NEW JERSEY,"1,500"
2020,APR THRU JUN,NEW MEXICO,400
2020,APR THRU JUN,NEW YORK,"6,000"
2020,APR THRU JUN,NORTH CAROLINA,"6,000"
2020,APR THRU JUN,NORTH DAKOTA,"53,000"
2020,APR THRU JUN,OHIO,"9,500"
2020,APR THRU JUN,OKLAHOMA,"6,000"
2020,APR THRU JUN,OREGON,"11,000"
2020,APR THRU JUN,OTHER STATES,"1,400"
2020,APR THRU JUN,PENNSYLVANIA,"5,500"
2020,APR THRU JUN,SOUTH CAROLINA,"2,700"
2020,APR THRU JUN,SOUTH DAKOTA,"10,000"
2020,APR THRU JUN,TENNESSEE,"4,200"
2020,APR THRU JUN,TEXAS,"15,000"
2020,APR THRU JUN,UTAH,"8,500"
2020,APR THRU JUN,VERMONT,680
2020,APR THRU JUN,VIRGINIA,"4,800"
2020,APR THRU JUN,WASHINGTON,"5,000"
2020,APR THRU JUN,WEST VIRGINIA,"1,600"
2020,APR THRU JUN,WISCONSIN,"14,000"
2020,APR THRU JUN,WYOMING,"4,400"
2020,JAN THRU MAR,ALABAMA,"1,900"
2020,JAN THRU MAR,ARIZONA,"3,000"
2020,JAN THRU MAR,ARKANSAS,"1,800"
2020,JAN THRU MAR,CALIFORNIA,"240,000"
2020,JAN THRU MAR,COLORADO,"4,000"
2020,JAN THRU MAR,CONNECTICUT,360
2020,JAN THRU MAR,FLORIDA,"41,000"
2020,JAN THRU MAR,GEORGIA,"41,000"
2020,JAN THRU MAR,HAWAII,"1,300"
2020,JAN THRU MAR,IDAHO,"4,400"
2020,JAN THRU MAR,ILLINOIS,"2,900"
2020,JAN THRU MAR,INDIANA,"1,500"
2020,JAN THRU MAR,IOWA,"6,000"
2020,JAN THRU MAR,KANSAS,"2,000"
2020,JAN THRU MAR,KENTUCKY,"1,400"
2020,JAN THRU MAR,LOUISIANA,"9,000"
2020,JAN THRU MAR,MAINE,460
2020,JAN THRU MAR,MARYLAND,"1,900"
2020,JAN THRU MAR,MASSACHUSETTS,"1,100"
2020,JAN THRU MAR,MICHIGAN,"10,000"
2020,JAN THRU MAR,MINNESOTA,"1,300"
2020,JAN THRU MAR,MISSISSIPPI,"16,000"
2020,JAN THRU MAR,MISSOURI,"3,400"
2020,JAN THRU MAR,MONTANA,500
2020,JAN THRU MAR,NEBRASKA,70
2020,JAN THRU MAR,NEW JERSEY,800
2020,JAN THRU MAR,NEW MEXICO,120
2020,JAN THRU MAR,NEW YORK,230
2020,JAN THRU MAR,NORTH CAROLINA,"2,600"
2020,JAN THRU MAR,NORTH DAKOTA,0
2020,JAN THRU MAR,OHIO,840
2020,JAN THRU MAR,OKLAHOMA,"5,000"
2020,JAN THRU MAR,OREGON,"9,000"
2020,JAN THRU MAR,OTHER STATES,560
2020,JAN THRU MAR,PENNSYLVANIA,370
2020,JAN THRU MAR,SOUTH CAROLINA,"2,700"
2020,JAN THRU MAR,SOUTH DAKOTA,20
2020,JAN THRU MAR,TENNESSEE,"2,200"
2020,JAN THRU MAR,TEXAS,"83,000"
2020,JAN THRU MAR,UTAH,"3,000"
2020,JAN THRU MAR,VERMONT,500
2020,JAN THRU MAR,VIRGINIA,"1,600"
2020,JAN THRU MAR,WASHINGTON,580
2020,JAN THRU MAR,WEST VIRGINIA,600
2020,JAN THRU MAR,WISCONSIN,700
2020,JAN THRU MAR,WYOMING,450
2020,JUL THRU SEP,ALABAMA,"1,800"
2020,JUL THRU SEP,ARIZONA,"2,600"
2020,JUL THRU SEP,ARKANSAS,"1,500"
2020,JUL THRU SEP,CALIFORNIA,"61,000"
2020,JUL THRU SEP,COLORADO,"3,800"
2020,JUL THRU SEP,CONNECTICUT,130
2020,JUL THRU SEP,FLORIDA,"36,000"
2020,JUL THRU SEP,GEORGIA,"22,000"
2020,JUL THRU SEP,HAWAII,"4,000"
2020,JUL THRU SEP,IDAHO,"18,500"
2020,JUL THRU SEP,ILLINOIS,770
2020,JUL THRU SEP,INDIANA,"1,200"
2020,JUL THRU SEP,IOWA,"1,100"
2020,JUL THRU SEP,KANSAS,600
2020,JUL THRU SEP,KENTUCKY,800
2020,JUL THRU SEP,LOUISIANA,"1,200"
2020,JUL THRU SEP,MAINE,700
2020,JUL THRU SEP,MARYLAND,"1,200"
2020,JUL THRU SEP,MASSACHUSETTS,840
2020,JUL THRU SEP,MICHIGAN,"37,000"
2020,JUL THRU SEP,MINNESOTA,"1,800"
2020,JUL THRU SEP,MISSISSIPPI,"2,500"
2020,JUL THRU SEP,MISSOURI,290
2020,JUL THRU SEP,MONTANA,"6,500"
2020,JUL THRU SEP,NEBRASKA,"3,000"
2020,JUL THRU SEP,NEW JERSEY,"1,500"
2020,JUL THRU SEP,NEW MEXICO,"3,300"
2020,JUL THRU SEP,NEW YORK,"5,500"
2020,JUL THRU SEP,NORTH CAROLINA,950
2020,JUL THRU SEP,NORTH DAKOTA,"57,000"
2020,JUL THRU SEP,OHIO,730
2020,JUL THRU SEP,OKLAHOMA,150
2020,JUL THRU SEP,OREGON,"13,000"
2020,JUL THRU SEP,OTHER STATES,"2,230"
2020,JUL THRU SEP,PENNSYLVANIA,"2,500"
2020,JUL THRU SEP,SOUTH CAROLINA,"1,200"
2020,JUL THRU SEP,SOUTH DAKOTA,"30,000"
2020,JUL THRU SEP,TENNESSEE,460
2020,JUL THRU SEP,TEXAS,"9,000"
2020,JUL THRU SEP,UTAH,"1,500"
2020,JUL THRU SEP,VERMONT,700
2020,JUL THRU SEP,VIRGINIA,910
2020,JUL THRU SEP,WASHINGTON,"5,000"
2020,JUL THRU SEP,WEST VIRGINIA,210
2020,JUL THRU SEP,WISCONSIN,970
2020,JUL THRU SEP,WYOMING,640
2020,OCT THRU DEC,ALABAMA,750
2020,OCT THRU DEC,ARIZONA,"5,500"
2020,OCT THRU DEC,ARKANSAS,380
2020,OCT THRU DEC,CALIFORNIA,"120,000"
2020,OCT THRU DEC,COLORADO,930
2020,OCT THRU DEC,CONNECTICUT,20
2020,OCT THRU DEC,FLORIDA,"50,000"
2020,OCT THRU DEC,GEORGIA,"11,000"
2020,OCT THRU DEC,HAWAII,200
2020,OCT THRU DEC,IDAHO,"8,000"
2020,OCT THRU DEC,ILLINOIS,330
2020,OCT THRU DEC,INDIANA,240
2020,OCT THRU DEC,IOWA,700
2020,OCT THRU DEC,KANSAS,460
2020,OCT THRU DEC,KENTUCKY,380
2020,OCT THRU DEC,LOUISIANA,30
2020,OCT THRU DEC,MAINE,180
2020,OCT THRU DEC,MARYLAND,60
2020,OCT THRU DEC,MASSACHUSETTS,270
2020,OCT THRU DEC,MICHIGAN,"2,400"
2020,OCT THRU DEC,MINNESOTA,"1,200"
2020,OCT THRU DEC,MISSISSIPPI,300
2020,OCT THRU DEC,MISSOURI,20
2020,OCT THRU DEC,MONTANA,"3,500"
2020,OCT THRU DEC,NEBRASKA,280
2020,OCT THRU DEC,NEW JERSEY,"2,000"
2020,OCT THRU DEC,NEW MEXICO,80
2020,OCT THRU DEC,NEW YORK,"2,400"
2020,OCT THRU DEC,NORTH CAROLINA,200
2020,OCT THRU DEC,NORTH DAKOTA,"12,500"
2020,OCT THRU DEC,OHIO,10
2020,OCT THRU DEC,OKLAHOMA,250
2020,OCT THRU DEC,OREGON,"7,000"
2020,OCT THRU DEC,OTHER STATES,80
2020,OCT THRU DEC,PENNSYLVANIA,580
2020,OCT THRU DEC,SOUTH CAROLINA,270
2020,OCT THRU DEC,SOUTH DAKOTA,"1,000"
2020,OCT THRU DEC,TENNESSEE,20
2020,OCT THRU DEC,TEXAS,"27,000"
2020,OCT THRU DEC,UTAH,"1,800"
2020,OCT THRU DEC,VERMONT,30
2020,OCT THRU DEC,VIRGINIA,70
2020,OCT THRU DEC,WASHINGTON,"6,000"
2020,OCT THRU DEC,WEST VIRGINIA,120
2020,OCT THRU DEC,WISCONSIN,"2,800"
2020,OCT THRU DEC,WYOMING,160
2019,JAN THRU MAR,ALABAMA,800
2019,JAN THRU MAR,ARIZONA,430
2019,JAN THRU MAR,ARKANSAS,20
2019,JAN THRU MAR,CALIFORNIA,"83,000"
2019,JAN THRU MAR,COLORADO,0
2019,JAN THRU MAR,CONNECTICUT,170
2019,JAN THRU MAR,FLORIDA,"41,000"
2019,JAN THRU MAR,GEORGIA,"19,500"
2019,JAN THRU MAR,HAWAII,660
2019,JAN THRU MAR,IDAHO,"4,600"
2019,JAN THRU MAR,ILLINOIS,210
2019,JAN THRU MAR,INDIANA,440
2019,JAN THRU MAR,IOWA,170
2019,JAN THRU MAR,KANSAS,370
2019,JAN THRU MAR,KENTUCKY,60
2019,JAN THRU MAR,LOUISIANA,"9,000"
2019,JAN THRU MAR,MAINE,10
2019,JAN THRU MAR,MARYLAND,30
2019,JAN THRU MAR,MASSACHUSETTS,60
2019,JAN THRU MAR,MICHIGAN,0
2019,JAN THRU MAR,MINNESOTA,80
2019,JAN THRU MAR,MISSISSIPPI,"3,800"
2019,JAN THRU MAR,MISSOURI,80
2019,JAN THRU MAR,MONTANA,"1,700"
2019,JAN THRU MAR,NEBRASKA,0
2019,JAN THRU MAR,NEW JERSEY,130
2019,JAN THRU MAR,NEW MEXICO,0
2019,JAN THRU MAR,NEW YORK,110
2019,JAN THRU MAR,NORTH CAROLINA,750
2019,JAN THRU MAR,NORTH DAKOTA,0
2019,JAN THRU MAR,OHIO,"1,700"
2019,JAN THRU MAR,OKLAHOMA,20
2019,JAN THRU MAR,OREGON,"8,000"
2019,JAN THRU MAR,OTHER STATES,70
2019,JAN THRU MAR,PENNSYLVANIA,370
2019,JAN THRU MAR,SOUTH CAROLINA,"2,000"
2019,JAN THRU MAR,SOUTH DAKOTA,0
2019,JAN THRU MAR,TENNESSEE,240
2019,JAN THRU MAR,TEXAS,"61,000"
2019,JAN THRU MAR,UTAH,900
2019,JAN THRU MAR,VERMONT,50
2019,JAN THRU MAR,VIRGINIA,80
2019,JAN THRU MAR,WASHINGTON,"5,500"
2019,JAN THRU MAR,WEST VIRGINIA,20
2019,JAN THRU MAR,WISCONSIN,580
2019,JAN THRU MAR,WYOMING,0
2019,JUL THRU SEP,ALABAMA,160
2019,JUL THRU SEP,ARIZONA,"5,500"
2019,JUL THRU SEP,ARKANSAS,170
2019,JUL THRU SEP,CALIFORNIA,"87,000"
2019,JUL THRU SEP,COLORADO,"2,200"
2019,JUL THRU SEP,CONNECTICUT,70
2019,JUL THRU SEP,FLORIDA,"46,000"
2019,JUL THRU SEP,GEORGIA,"12,000"
2019,JUL THRU SEP,HAWAII,200
2019,JUL THRU SEP,IDAHO,"8,500"
2019,JUL THRU SEP,ILLINOIS,460
2019,JUL THRU SEP,INDIANA,"2,200"
2019,JUL THRU SEP,IOWA,"2,000"
2019,JUL THRU SEP,KANSAS,190
2019,JUL THRU SEP,KENTUCKY,700
2019,JUL THRU SEP,LOUISIANA,"4,400"
2019,JUL THRU SEP,MAINE,460
2019,JUL THRU SEP,MARYLAND,720
2019,JUL THRU SEP,MASSACHUSETTS,800
2019,JUL THRU SEP,MICHIGAN,"3,000"
2019,JUL THRU SEP,MINNESOTA,"5,000"
2019,JUL THRU SEP,MISSISSIPPI,550
2019,JUL THRU SEP,MISSOURI,260
2019,JUL THRU SEP,MONTANA,"3,600"
2019,JUL THRU SEP,NEBRASKA,680
2019,JUL THRU SEP,NEW JERSEY,650
2019,JUL THRU SEP,NEW MEXICO,"1,000"
2019,JUL THRU SEP,NEW YORK,"3,200"
2019,JUL THRU SEP,NORTH CAROLINA,"1,800"
2019,JUL THRU SEP,NORTH DAKOTA,"15,000"
2019,JUL THRU SEP,OHIO,"2,800"
2019,JUL THRU SEP,OKLAHOMA,130
2019,JUL THRU SEP,OREGON,"6,000"
2019,JUL THRU SEP,OTHER STATES,320
2019,JUL THRU SEP,PENNSYLVANIA,"1,800"
2019,JUL THRU SEP,SOUTH CAROLINA,"2,000"
2019,JUL THRU SEP,SOUTH DAKOTA,"1,300"
2019,JUL THRU SEP,TENNESSEE,"2,200"
2019,JUL THRU SEP,TEXAS,"6,500"
2019,JUL THRU SEP,UTAH,"3,500"
2019,JUL THRU SEP,VERMONT,80
2019,JUL THRU SEP,VIRGINIA,350
2019,JUL THRU SEP,WASHINGTON,"12,000"
2019,JUL THRU SEP,WEST VIRGINIA,200
2019,JUL THRU SEP,WISCONSIN,"2,400"
2019,JUL THRU SEP,WYOMING,"2,500"
2019,OCT THRU DEC,ALABAMA,240
2019,OCT THRU DEC,ARIZONA,300
2019,OCT THRU DEC,ARKANSAS,430
2019,OCT THRU DEC,CALIFORNIA,"160,000"
2019,OCT THRU DEC,COLORADO,"1,100"
2019,OCT THRU DEC,CONNECTICUT,10
2019,OCT THRU DEC,FLORIDA,"28,000"
2019,OCT THRU DEC,GEORGIA,"10,500"
2019,OCT THRU DEC,HAWAII,300
2019,OCT THRU DEC,IDAHO,"1,800"
2019,OCT THRU DEC,ILLINOIS,"1,000"
2019,OCT THRU DEC,INDIANA,160
2019,OCT THRU DEC,IOWA,"1,500"
2019,OCT THRU DEC,KANSAS,190
2019,OCT THRU DEC,KENTUCKY,190
2019,OCT THRU DEC,LOUISIANA,70
2019,OCT THRU DEC,MAINE,110
2019,OCT THRU DEC,MARYLAND,390
2019,OCT THRU DEC,MASSACHUSETTS,60
2019,OCT THRU DEC,MICHIGAN,820
2019,OCT THRU DEC,MINNESOTA,"3,400"
2019,OCT THRU DEC,MISSISSIPPI,350
2019,OCT THRU DEC,MISSOURI,260
2019,OCT THRU DEC,MONTANA,770
2019,OCT THRU DEC,NEBRASKA,320
2019,OCT THRU DEC,NEW JERSEY,60
2019,OCT THRU DEC,NEW MEXICO,30
2019,OCT THRU DEC,NEW YORK,630
2019,OCT THRU DEC,NORTH CAROLINA,240
2019,OCT THRU DEC,NORTH DAKOTA,"3,000"
2019,OCT THRU DEC,OHIO,800
2019,OCT THRU DEC,OKLAHOMA,460
2019,OCT THRU DEC,OREGON,650
2019,OCT THRU DEC,OTHER STATES,280
2019,OCT THRU DEC,PENNSYLVANIA,"1,600"
2019,OCT THRU DEC,SOUTH CAROLINA,"1,400"
2019,OCT THRU DEC,SOUTH DAKOTA,0
2019,OCT THRU DEC,TENNESSEE,20
2019,OCT THRU DEC,TEXAS,"8,000"
2019,OCT THRU DEC,UTAH,970
2019,OCT THRU DEC,VERMONT,100
2019,OCT THRU DEC,VIRGINIA,10
2019,OCT THRU DEC,WASHINGTON,810
2019,OCT THRU DEC,WEST VIRGINIA,30
2019,OCT THRU DEC,WISCONSIN,"1,800"
2019,OCT THRU DEC,WYOMING,100
2018,APR THRU JUN,ALABAMA,"1,700"
2018,APR THRU JUN,ARIZONA,"14,000"
2018,APR THRU JUN,ARKANSAS,"13,000"
2018,APR THRU JUN,CALIFORNIA,"172,000"
2018,APR THRU JUN,COLORADO,"12,500"
2018,APR THRU JUN,CONNECTICUT,340
2018,APR THRU JUN,FLORIDA,"49,000"
2018,APR THRU JUN,GEORGIA,"35,000"
2018,APR THRU JUN,HAWAII,330
2018,APR THRU JUN,IDAHO,"14,500"
2018,APR THRU JUN,ILLINOIS,"5,000"
2018,APR THRU JUN,INDIANA,"4,000"
2018,APR THRU JUN,IOWA,"15,500"
2018,APR THRU JUN,KANSAS,"3,500"
2018,APR THRU JUN,KENTUCKY,"1,500"
2018,APR THRU JUN,LOUISIANA,"4,900"
2018,APR THRU JUN,MAINE,430
2018,APR THRU JUN,MARYLAND,"2,400"
2018,APR THRU JUN,MASSACHUSETTS,910
2018,APR THRU JUN,MICHIGAN,"23,000"
2018,APR THRU JUN,MINNESOTA,"42,000"
2018,APR THRU JUN,MISSISSIPPI,"4,000"
2018,APR THRU JUN,MISSOURI,"2,100"
2018,APR THRU JUN,MONTANA,"17,000"
2018,APR THRU JUN,NEBRASKA,"4,000"
2018,APR THRU JUN,NEW JERSEY,"1,300"
2018,APR THRU JUN,NEW MEXICO,"1,700"
2018,APR THRU JUN,NEW YORK,"11,000"
2018,APR THRU JUN,NORTH CAROLINA,"4,100"
2018,APR THRU JUN,NORTH DAKOTA,"23,000"
2018,APR THRU JUN,OHIO,"9,000"
2018,APR THRU JUN,OKLAHOMA,"10,500"
2018,APR THRU JUN,OREGON,"17,500"
2018,APR THRU JUN,OTHER STATES,"1,750"
2018,APR THRU JUN,PENNSYLVANIA,"6,000"
2018,APR THRU JUN,SOUTH CAROLINA,"2,600"
2018,APR THRU JUN,SOUTH DAKOTA,"12,500"
2018,APR THRU JUN,TENNESSEE,"3,800"
2018,APR THRU JUN,TEXAS,"79,000"
2018,APR THRU JUN,UTAH,"9,500"
2018,APR THRU JUN,VERMONT,"2,600"
2018,APR THRU JUN,VIRGINIA,"2,600"
2018,APR THRU JUN,WASHINGTON,"15,500"
2018,APR THRU JUN,WEST VIRGINIA,"2,300"
2018,APR THRU JUN,WISCONSIN,"12,000"
2018,APR THRU JUN,WYOMING,"5,500"
2018,JAN THRU MAR,ALABAMA,"1,200"
2018,JAN THRU MAR,ARIZONA,810
2018,JAN THRU MAR,ARKANSAS,540
2018,JAN THRU MAR,CALIFORNIA,"205,000"
2018,JAN THRU MAR,COLORADO,"1,400"
2018,JAN THRU MAR,CONNECTICUT,220
2018,JAN THRU MAR,FLORIDA,"57,000"
2018,JAN THRU MAR,GEORGIA,"29,000"
2018,JAN THRU MAR,HAWAII,"1,200"
2018,JAN THRU MAR,IDAHO,"2,500"
2018,JAN THRU MAR,ILLINOIS,"1,000"
2018,JAN THRU MAR,INDIANA,300
2018,JAN THRU MAR,IOWA,270
2018,JAN THRU MAR,KANSAS,370
2018,JAN THRU MAR,KENTUCKY,760
2018,JAN THRU MAR,LOUISIANA,"4,100"
2018,JAN THRU MAR,MAINE,20
2018,JAN THRU MAR,MARYLAND,400
2018,JAN THRU MAR,MASSACHUSETTS,240
2018,JAN THRU MAR,MICHIGAN,"4,000"
2018,JAN THRU MAR,MINNESOTA,"8,000"
2018,JAN THRU MAR,MISSISSIPPI,"28,000"
2018,JAN THRU MAR,MISSOURI,"1,400"
2018,JAN THRU MAR,MONTANA,840
2018,JAN THRU MAR,NEBRASKA,0
2018,JAN THRU MAR,NEW JERSEY,180
2018,JAN THRU MAR,NEW MEXICO,180
2018,JAN THRU MAR,NEW YORK,400
2018,JAN THRU MAR,NORTH CAROLINA,"2,400"
2018,JAN THRU MAR,NORTH DAKOTA,"2,600"
2018,JAN THRU MAR,OHIO,300
2018,JAN THRU MAR,OKLAHOMA,890
2018,JAN THRU MAR,OREGON,"16,500"
2018,JAN THRU MAR,OTHER STATES,160
2018,JAN THRU MAR,PENNSYLVANIA,"1,200"
2018,JAN THRU MAR,SOUTH CAROLINA,"1,900"
2018,JAN THRU MAR,SOUTH DAKOTA,250
2018,JAN THRU MAR,TENNESSEE,540
2018,JAN THRU MAR,TEXAS,"124,000"
2018,JAN THRU MAR,UTAH,490
2018,JAN THRU MAR,VERMONT,20
2018,JAN THRU MAR,VIRGINIA,540
2018,JAN THRU MAR,WASHINGTON,"7,000"
2018,JAN THRU MAR,WEST VIRGINIA,330
2018,JAN THRU MAR,WISCONSIN,"2,800"
2018,JAN THRU MAR,WYOMING,70
2018,JUL THRU SEP,ALABAMA,"1,600"
2018,JUL THRU SEP,ARIZONA,"3,200"
2018,JUL THRU SEP,ARKANSAS,"2,600"
2018,JUL THRU SEP,CALIFORNIA,"63,000"
2018,JUL THRU SEP,COLORADO,"1,500"
2018,JUL THRU SEP,CONNECTICUT,80
2018,JUL THRU SEP,FLORIDA,"53,000"
2018,JUL THRU SEP,GEORGIA,"27,000"
2018,JUL THRU SEP,HAWAII,"1,700"
2018,JUL THRU SEP,IDAHO,"15,000"
2018,JUL THRU SEP,ILLINOIS,700
2018,JUL THRU SEP,INDIANA,520
2018,JUL THRU SEP,IOWA,"1,200"
2018,JUL THRU SEP,KANSAS,300
2018,JUL THRU SEP,KENTUCKY,300
2018,JUL THRU SEP,LOUISIANA,"1,600"
2018,JUL THRU SEP,MAINE,60
2018,JUL THRU SEP,MARYLAND,580
2018,JUL THRU SEP,MASSACHUSETTS,850
2018,JUL THRU SEP,MICHIGAN,"3,000"
2018,JUL THRU SEP,MINNESOTA,"1,600"
2018,JUL THRU SEP,MISSISSIPPI,110
2018,JUL THRU SEP,MISSOURI,260
2018,JUL THRU SEP,MONTANA,"3,100"
2018,JUL THRU SEP,NEBRASKA,"8,500"
2018,JUL THRU SEP,NEW JERSEY,250
2018,JUL THRU SEP,NEW MEXICO,"3,800"
2018,JUL THRU SEP,NEW YORK,"3,600"
2018,JUL THRU SEP,NORTH CAROLINA,"2,600"
2018,JUL THRU SEP,NORTH DAKOTA,"23,000"
2018,JUL THRU SEP,OHIO,"1,300"
2018,JUL THRU SEP,OKLAHOMA,20
2018,JUL THRU SEP,OREGON,"3,000"
2018,JUL THRU SEP,OTHER STATES,480
2018,JUL THRU SEP,PENNSYLVANIA,"2,900"
2018,JUL THRU SEP,SOUTH CAROLINA,670
2018,JUL THRU SEP,SOUTH DAKOTA,"8,000"
2018,JUL THRU SEP,TENNESSEE,540
2018,JUL THRU SEP,TEXAS,"7,500"
2018,JUL THRU SEP,UTAH,970
2018,JUL THRU SEP,VERMONT,"1,200"
2018,JUL THRU SEP,VIRGINIA,"1,000"
2018,JUL THRU SEP,WASHINGTON,"7,000"
2018,JUL THRU SEP,WEST VIRGINIA,170
2018,JUL THRU SEP,WISCONSIN,"2,400"
2018,JUL THRU SEP,WYOMING,"1,800"
2018,OCT THRU DEC,ALABAMA,210
2018,OCT THRU DEC,ARIZONA,"2,200"
2018,OCT THRU DEC,ARKANSAS,110
2018,OCT THRU DEC,CALIFORNIA,"86,000"
2018,OCT THRU DEC,COLORADO,370
2018,OCT THRU DEC,CONNECTICUT,0
2018,OCT THRU DEC,FLORIDA,"53,000"
2018,OCT THRU DEC,GEORGIA,"6,500"
2018,OCT THRU DEC,HAWAII,"1,700"
2018,OCT THRU DEC,IDAHO,"9,000"
2018,OCT THRU DEC,ILLINOIS,600
2018,OCT THRU DEC,INDIANA,40
2018,OCT THRU DEC,IOWA,630
2018,OCT THRU DEC,KANSAS,420
2018,OCT THRU DEC,KENTUCKY,60
2018,OCT THRU DEC,LOUISIANA,130
2018,OCT THRU DEC,MAINE,210
2018,OCT THRU DEC,MARYLAND,60
2018,OCT THRU DEC,MASSACHUSETTS,110
2018,OCT THRU DEC,MICHIGAN,"3,900"
2018,OCT THRU DEC,MINNESOTA,"2,500"
2018,OCT THRU DEC,MISSISSIPPI,330
2018,OCT THRU DEC,MISSOURI,170
2018,OCT THRU DEC,MONTANA,"3,100"
2018,OCT THRU DEC,NEBRASKA,"7,000"
2018,OCT THRU DEC,NEW JERSEY,30
2018,OCT THRU DEC,NEW MEXICO,50
2018,OCT THRU DEC,NEW YORK,"1,000"
2018,OCT THRU DEC,NORTH CAROLINA,250
2018,OCT THRU DEC,NORTH DAKOTA,"7,500"
2018,OCT THRU DEC,OHIO,170
2018,OCT THRU DEC,OKLAHOMA,60
2018,OCT THRU DEC,OREGON,"10,500"
2018,OCT THRU DEC,OTHER STATES,20
2018,OCT THRU DEC,PENNSYLVANIA,270
2018,OCT THRU DEC,SOUTH CAROLINA,770
2018,OCT THRU DEC,SOUTH DAKOTA,"2,000"
2018,OCT THRU DEC,TENNESSEE,30
2018,OCT THRU DEC,TEXAS,"11,000"
2018,OCT THRU DEC,UTAH,180
2018,OCT THRU DEC,VERMONT,10
2018,OCT THRU DEC,VIRGINIA,80
2018,OCT THRU DEC,WASHINGTON,"5,500"
2018,OCT THRU DEC,WEST VIRGINIA,50
2018,OCT THRU DEC,WISCONSIN,"1,600"
2018,OCT THRU DEC,WYOMING,220
2017,APR THRU JUN,ALABAMA,"1,200"
2017,APR THRU JUN,ARIZONA,"12,500"
2017,APR THRU JUN,ARKANSAS,"6,000"
2017,APR THRU JUN,CALIFORNIA,"160,000"
2017,APR THRU JUN,COLORADO,"8,000"
2017,APR THRU JUN,CONNECTICUT,"2,200"
2017,APR THRU JUN,FLORIDA,"40,000"
2017,APR THRU JUN,GEORGIA,"21,000"
2017,APR THRU JUN,HAWAII,"3,000"
2017,APR THRU JUN,IDAHO,"22,000"
2017,APR THRU JUN,ILLINOIS,"3,600"
2017,APR THRU JUN,INDIANA,"3,000"
2017,APR THRU JUN,IOWA,"23,000"
2017,APR THRU JUN,KANSAS,"2,500"
2017,APR THRU JUN,KENTUCKY,"3,100"
2017,APR THRU JUN,LOUISIANA,"4,100"
2017,APR THRU JUN,MAINE,"1,100"
2017,APR THRU JUN,MARYLAND,"3,400"
2017,APR THRU JUN,MASSACHUSETTS,"1,400"
2017,APR THRU JUN,MICHIGAN,"20,000"
2017,APR THRU JUN,MINNESOTA,"19,000"
2017,APR THRU JUN,MISSISSIPPI,"5,500"
2017,APR THRU JUN,MISSOURI,"1,800"
2017,APR THRU JUN,MONTANA,"18,000"
2017,APR THRU JUN,NEBRASKA,"7,000"
2017,APR THRU JUN,NEW JERSEY,"1,900"
2017,APR THRU JUN,NEW MEXICO,"3,300"
2017,APR THRU JUN,NEW YORK,"16,500"
2017,APR THRU JUN,NORTH CAROLINA,"5,000"
2017,APR THRU JUN,NORTH DAKOTA,"31,000"
2017,APR THRU JUN,OHIO,"7,000"
2017,APR THRU JUN,OKLAHOMA,"4,700"
2017,APR THRU JUN,OREGON,"15,500"
2017,APR THRU JUN,OTHER STATES,870
2017,APR THRU JUN,PENNSYLVANIA,"7,500"
2017,APR THRU JUN,SOUTH CAROLINA,"3,000"
2017,APR THRU JUN,SOUTH DAKOTA,"10,000"
2017,APR THRU JUN,TENNESSEE,"2,600"
2017,APR THRU JUN,TEXAS,"43,000"
2017,APR THRU JUN,UTAH,"12,500"
2017,APR THRU JUN,VERMONT,390
2017,APR THRU JUN,VIRGINIA,"3,100"
2017,APR THRU JUN,WASHINGTON,"30,000"
2017,APR THRU JUN,WEST VIRGINIA,"4,100"
2017,APR THRU JUN,WISCONSIN,"13,000"
2017,APR THRU JUN,WYOMING,"6,000"
2017,JAN THRU MAR,ALABAMA,570
2017,JAN THRU MAR,ARIZONA,"2,900"
2017,JAN THRU MAR,ARKANSAS,430
2017,JAN THRU MAR,CALIFORNIA,"137,000"
2017,JAN THRU MAR,COLORADO,100
2017,JAN THRU MAR,CONNECTICUT,100
2017,JAN THRU MAR,FLORIDA,"78,000"
2017,JAN THRU MAR,GEORGIA,"25,000"
2017,JAN THRU MAR,HAWAII,510
2017,JAN THRU MAR,IDAHO,"2,000"
2017,JAN THRU MAR,ILLINOIS,"3,100"
2017,JAN THRU MAR,INDIANA,"1,700"
2017,JAN THRU MAR,IOWA,70
2017,JAN THRU MAR,KANSAS,930
2017,JAN THRU MAR,KENTUCKY,950
2017,JAN THRU MAR,LOUISIANA,"11,000"
2017,JAN THRU MAR,MAINE,100
2017,JAN THRU MAR,MARYLAND,770
2017,JAN THRU MAR,MASSACHUSETTS,120
2017,JAN THRU MAR,MICHIGAN,600
2017,JAN THRU MAR,MINNESOTA,"3,300"
2017,JAN THRU MAR,MISSISSIPPI,"23,000"
2017,JAN THRU MAR,MISSOURI,400
2017,JAN THRU MAR,MONTANA,"3,100"
2017,JAN THRU MAR,NEBRASKA,120
2017,JAN THRU MAR,NEW JERSEY,10
2017,JAN THRU MAR,NEW MEXICO,"3,600"
2017,JAN THRU MAR,NEW YORK,520
2017,JAN THRU MAR,NORTH CAROLINA,"3,700"
2017,JAN THRU MAR,NORTH DAKOTA,"1,100"
2017,JAN THRU MAR,OHIO,"1,300"
2017,JAN THRU MAR,OKLAHOMA,"9,500"
2017,JAN THRU MAR,OREGON,"7,500"
2017,JAN THRU MAR,OTHER STATES,130
2017,JAN THRU MAR,PENNSYLVANIA,810
2017,JAN THRU MAR,SOUTH CAROLINA,"4,700"
2017,JAN THRU MAR,SOUTH DAKOTA,"1,500"
2017,JAN THRU MAR,TENNESSEE,"1,500"
2017,JAN THRU MAR,TEXAS,"130,000"
2017,JAN THRU MAR,UTAH,"3,900"
2017,JAN THRU MAR,VERMONT,0
2017,JAN THRU MAR,VIRGINIA,"1,900"
2017,JAN THRU MAR,WASHINGTON,"8,500"
2017,JAN THRU MAR,WEST VIRGINIA,450
2017,JAN THRU MAR,WISCONSIN,450
2017,JAN THRU MAR,WYOMING,"1,300"
2017,JUL THRU SEP,ALABAMA,690
2017,JUL THRU SEP,ARIZONA,"5,000"
2017,JUL THRU SEP,ARKANSAS,"4,400"
2017,JUL THRU SEP,CALIFORNIA,"73,000"
2017,JUL THRU SEP,COLORADO,"2,900"
2017,JUL THRU SEP,CONNECTICUT,50
2017,JUL THRU SEP,FLORIDA,"39,000"
2017,JUL THRU SEP,GEORGIA,"19,000"
2017,JUL THRU SEP,HAWAII,430
2017,JUL THRU SEP,IDAHO,"9,000"
2017,JUL THRU SEP,ILLINOIS,710
2017,JUL THRU SEP,INDIANA,420
2017,JUL THRU SEP,IOWA,"2,100"
2017,JUL THRU SEP,KANSAS,"1,400"
2017,JUL THRU SEP,KENTUCKY,450
2017,JUL THRU SEP,LOUISIANA,"14,500"
2017,JUL THRU SEP,MAINE,210
2017,JUL THRU SEP,MARYLAND,"1,300"
2017,JUL THRU SEP,MASSACHUSETTS,790
2017,JUL THRU SEP,MICHIGAN,"4,300"
2017,JUL THRU SEP,MINNESOTA,"1,900"
2017,JUL THRU SEP,MISSISSIPPI,250
2017,JUL THRU SEP,MISSOURI,320
2017,JUL THRU SEP,MONTANA,"3,100"
2017,JUL THRU SEP,NEBRASKA,880
2017,JUL THRU SEP,NEW JERSEY,280
2017,JUL THRU SEP,NEW MEXICO,"1,800"
2017,JUL THRU SEP,NEW YORK,"3,100"
2017,JUL THRU SEP,NORTH CAROLINA,"4,100"
2017,JUL THRU SEP,NORTH DAKOTA,"24,000"
2017,JUL THRU SEP,OHIO,"1,100"
2017,JUL THRU SEP,OKLAHOMA,80
2017,JUL THRU SEP,OREGON,"7,500"
2017,JUL THRU SEP,OTHER STATES,380
2017,JUL THRU SEP,PENNSYLVANIA,"6,000"
2017,JUL THRU SEP,SOUTH CAROLINA,640
2017,JUL THRU SEP,SOUTH DAKOTA,"6,000"
2017,JUL THRU SEP,TENNESSEE,800
2017,JUL THRU SEP,TEXAS,"21,000"
2017,JUL THRU SEP,UTAH,"5,500"
2017,JUL THRU SEP,VERMONT,520
2017,JUL THRU SEP,VIRGINIA,430
2017,JUL THRU SEP,WASHINGTON,"5,500"
2017,JUL THRU SEP,WEST VIRGINIA,440
2017,JUL THRU SEP,WISCONSIN,"6,000"
2017,JUL THRU SEP,WYOMING,"3,100"
2017,OCT THRU DEC,ALABAMA,550
2017,OCT THRU DEC,ARIZONA,"1,300"
2017,OCT THRU DEC,ARKANSAS,"2,500"
2017,OCT THRU DEC,CALIFORNIA,"90,000"
2017,OCT THRU DEC,COLORADO,"1,500"
2017,OCT THRU DEC,CONNECTICUT,190
2017,OCT THRU DEC,FLORIDA,"55,000"
2017,OCT THRU DEC,GEORGIA,"4,300"
2017,OCT THRU DEC,HAWAII,970
2017,OCT THRU DEC,IDAHO,"10,000"
2017,OCT THRU DEC,ILLINOIS,140
2017,OCT THRU DEC,INDIANA,320
2017,OCT THRU DEC,IOWA,250
2017,OCT THRU DEC,KANSAS,140
2017,OCT THRU DEC,KENTUCKY,50
2017,OCT THRU DEC,LOUISIANA,390
2017,OCT THRU DEC,MAINE,220
2017,OCT THRU DEC,MARYLAND,20
2017,OCT THRU DEC,MASSACHUSETTS,120
2017,OCT THRU DEC,MICHIGAN,990
2017,OCT THRU DEC,MINNESOTA,"1,900"
2017,OCT THRU DEC,MISSISSIPPI,280
2017,OCT THRU DEC,MISSOURI,100
2017,OCT THRU DEC,MONTANA,"5,500"
2017,OCT THRU DEC,NEBRASKA,80
2017,OCT THRU DEC,NEW JERSEY,330
2017,OCT THRU DEC,NEW MEXICO,"1,700"
2017,OCT THRU DEC,NEW YORK,820
2017,OCT THRU DEC,NORTH CAROLINA,60
2017,OCT THRU DEC,NORTH DAKOTA,"10,000"
2017,OCT THRU DEC,OHIO,510
2017,OCT THRU DEC,OKLAHOMA,40
2017,OCT THRU DEC,OREGON,70
2017,OCT THRU DEC,OTHER STATES,150
2017,OCT THRU DEC,PENNSYLVANIA,"2,500"
2017,OCT THRU DEC,SOUTH CAROLINA,"1,300"
2017,OCT THRU DEC,SOUTH DAKOTA,0
2017,OCT THRU DEC,TENNESSEE,230
2017,OCT THRU DEC,TEXAS,"3,200"
2017,OCT THRU DEC,UTAH,480
2017,OCT THRU DEC,VERMONT,10
2017,OCT THRU DEC,VIRGINIA,300
2017,OCT THRU DEC,WASHINGTON,"2,900"
2017,OCT THRU DEC,WEST VIRGINIA,70
2017,OCT THRU DEC,WISCONSIN,530
2017,OCT THRU DEC,WYOMING,"2,500"
2016,APR THRU JUN,ALABAMA,"1,200"
2016,APR THRU JUN,ARIZONA,"14,000"
2016,APR THRU JUN,ARKANSAS,"12,000"
2016,APR THRU JUN,CALIFORNIA,"240,000"
2016,APR THRU JUN,COLORADO,"9,000"
2016,APR THRU JUN,CONNECTICUT,390
2016,APR THRU JUN,FLORIDA,"43,000"
2016,APR THRU JUN,GEORGIA,"17,500"
2016,APR THRU JUN,HAWAII,870
2016,APR THRU JUN,IDAHO,"19,000"
2016,APR THRU JUN,ILLINOIS,"2,200"
2016,APR THRU JUN,INDIANA,"2,700"
2016,APR THRU JUN,IOWA,"26,000"
2016,APR THRU JUN,KANSAS,"3,000"
2016,APR THRU JUN,KENTUCKY,"2,100"
2016,APR THRU JUN,LOUISIANA,"10,000"
2016,APR THRU JUN,MAINE,510
2016,APR THRU JUN,MARYLAND,"2,800"
2016,APR THRU JUN,MASSACHUSETTS,"1,100"
2016,APR THRU JUN,MICHIGAN,"13,500"
2016,APR THRU JUN,MINNESOTA,"24,000"
2016,APR THRU JUN,MISSISSIPPI,"9,000"
2016,APR THRU JUN,MISSOURI,"1,800"
2016,APR THRU JUN,MONTANA,"25,000"
2016,APR THRU JUN,NEBRASKA,"8,000"
2016,APR THRU JUN,NEW JERSEY,"1,900"
2016,APR THRU JUN,NEW MEXICO,"2,700"
2016,APR THRU JUN,NEW YORK,"13,500"
2016,APR THRU JUN,NORTH CAROLINA,"10,000"
2016,APR THRU JUN,NORTH DAKOTA,"23,000"
2016,APR THRU JUN,OHIO,"6,000"
2016,APR THRU JUN,OKLAHOMA,"4,000"
2016,APR THRU JUN,OREGON,"19,000"
2016,APR THRU JUN,OTHER STATES,"3,270"
2016,APR THRU JUN,PENNSYLVANIA,"6,500"
2016,APR THRU JUN,SOUTH CAROLINA,"2,200"
2016,APR THRU JUN,SOUTH DAKOTA,"15,000"
2016,APR THRU JUN,TENNESSEE,"3,900"
2016,APR THRU JUN,TEXAS,"74,000"
2016,APR THRU JUN,UTAH,"12,000"
2016,APR THRU JUN,VERMONT,480
2016,APR THRU JUN,VIRGINIA,"2,200"
2016,APR THRU JUN,WASHINGTON,"21,000"
2016,APR THRU JUN,WEST VIRGINIA,"2,600"
2016,APR THRU JUN,WISCONSIN,"17,500"
2016,APR THRU JUN,WYOMING,"7,500"
2016,JAN THRU MAR,ALABAMA,"2,100"
2016,JAN THRU MAR,ARIZONA,"3,500"
2016,JAN THRU MAR,ARKANSAS,"5,000"
2016,JAN THRU MAR,CALIFORNIA,"210,000"
2016,JAN THRU MAR,COLORADO,"1,700"
2016,JAN THRU MAR,CONNECTICUT,70
2016,JAN THRU MAR,FLORIDA,"49,000"
2016,JAN THRU MAR,GEORGIA,"36,000"
2016,JAN THRU MAR,HAWAII,570
2016,JAN THRU MAR,IDAHO,"5,500"
2016,JAN THRU MAR,ILLINOIS,860
2016,JAN THRU MAR,INDIANA,30
2016,JAN THRU MAR,IOWA,90
2016,JAN THRU MAR,KANSAS,"1,400"
2016,JAN THRU MAR,KENTUCKY,390
2016,JAN THRU MAR,LOUISIANA,"9,500"
2016,JAN THRU MAR,MAINE,0
2016,JAN THRU MAR,MARYLAND,"1,200"
2016,JAN THRU MAR,MASSACHUSETTS,"1,200"
2016,JAN THRU MAR,MICHIGAN,"2,300"
2016,JAN THRU MAR,MINNESOTA,"6,000"
2016,JAN THRU MAR,MISSISSIPPI,"48,000"
2016,JAN THRU MAR,MISSOURI,"5,500"
2016,JAN THRU MAR,MONTANA,"24,000"
2016,JAN THRU MAR,NEBRASKA,510
2016,JAN THRU MAR,NEW JERSEY,80
2016,JAN THRU MAR,NEW MEXICO,"1,400"
2016,JAN THRU MAR,NEW YORK,970
2016,JAN THRU MAR,NORTH CAROLINA,"1,100"
2016,JAN THRU MAR,NORTH DAKOTA,"4,600"
2016,JAN THRU MAR,OHIO,760
2016,JAN THRU MAR,OKLAHOMA,"4,800"
2016,JAN THRU MAR,OREGON,"3,800"
2016,JAN THRU MAR,OTHER STATES,60
2016,JAN THRU MAR,PENNSYLVANIA,480
2016,JAN THRU MAR,SOUTH CAROLINA,"3,200"
2016,JAN THRU MAR,SOUTH DAKOTA,"1,600"
2016,JAN THRU MAR,TENNESSEE,180
2016,JAN THRU MAR,TEXAS,"126,000"
2016,JAN THRU MAR,UTAH,"1,400"
2016,JAN THRU MAR,VERMONT,0
2016,JAN THRU MAR,VIRGINIA,560
2016,JAN THRU MAR,WASHINGTON,"5,500"
2016,JAN THRU MAR,WEST VIRGINIA,0
2016,JAN THRU MAR,WISCONSIN,530
2016,JAN THRU MAR,WYOMING,440
2016,JUL THRU SEP,ALABAMA,440
2016,JUL THRU SEP,ARIZONA,"3,200"
2016,JUL THRU SEP,ARKANSAS,270
2016,JUL THRU SEP,CALIFORNIA,"33,000"
2016,JUL THRU SEP,COLORADO,"1,100"
2016,JUL THRU SEP,CONNECTICUT,890
2016,JUL THRU SEP,FLORIDA,"62,000"
2016,JUL THRU SEP,GEORGIA,"12,500"
2016,JUL THRU SEP,HAWAII,430
2016,JUL THRU SEP,IDAHO,"1,900"
2016,JUL THRU SEP,ILLINOIS,850
2016,JUL THRU SEP,INDIANA,450
2016,JUL THRU SEP,IOWA,"10,500"
2016,JUL THRU SEP,KANSAS,310
2016,JUL THRU SEP,KENTUCKY,900
2016,JUL THRU SEP,LOUISIANA,"2,600"
2016,JUL THRU SEP,MAINE,240
2016,JUL THRU SEP,MARYLAND,400
2016,JUL THRU SEP,MASSACHUSETTS,450
2016,JUL THRU SEP,MICHIGAN,"11,000"
2016,JUL THRU SEP,MINNESOTA,"1,300"
2016,JUL THRU SEP,MISSISSIPPI,750
2016,JUL THRU SEP,MISSOURI,480
2016,JUL THRU SEP,MONTANA,"4,100"
2016,JUL THRU SEP,NEBRASKA,390
2016,JUL THRU SEP,NEW JERSEY,120
2016,JUL THRU SEP,NEW MEXICO,"2,000"
2016,JUL THRU SEP,NEW YORK,"1,900"
2016,JUL THRU SEP,NORTH CAROLINA,"1,400"
2016,JUL THRU SEP,NORTH DAKOTA,"25,000"
2016,JUL THRU SEP,OHIO,980
2016,JUL THRU SEP,OKLAHOMA,30
2016,JUL THRU SEP,OREGON,"2,900"
2016,JUL THRU SEP,OTHER STATES,"1,690"
2016,JUL THRU SEP,PENNSYLVANIA,680
2016,JUL THRU SEP,SOUTH CAROLINA,990
2016,JUL THRU SEP,SOUTH DAKOTA,"4,200"
2016,JUL THRU SEP,TENNESSEE,340
2016,JUL THRU SEP,TEXAS,"12,500"
2016,JUL THRU SEP,UTAH,"1,200"
2016,JUL THRU SEP,VERMONT,170
2016,JUL THRU SEP,VIRGINIA,460
2016,JUL THRU SEP,WASHINGTON,"7,500"
2016,JUL THRU SEP,WEST VIRGINIA,130
2016,JUL THRU SEP,WISCONSIN,880
2016,JUL THRU SEP,WYOMING,"1,800"
2016,OCT THRU DEC,ALABAMA,50
2016,OCT THRU DEC,ARIZONA,"4,600"
2016,OCT THRU DEC,ARKANSAS,20
2016,OCT THRU DEC,CALIFORNIA,"40,000"
2016,OCT THRU DEC,COLORADO,"2,500"
2016,OCT THRU DEC,CONNECTICUT,0
2016,OCT THRU DEC,FLORIDA,"31,000"
2016,OCT THRU DEC,GEORGIA,"12,000"
2016,OCT THRU DEC,HAWAII,60
2016,OCT THRU DEC,IDAHO,"5,000"
2016,OCT THRU DEC,ILLINOIS,0
2016,OCT THRU DEC,INDIANA,20
2016,OCT THRU DEC,IOWA,0
2016,OCT THRU DEC,KANSAS,200
2016,OCT THRU DEC,KENTUCKY,60
2016,OCT THRU DEC,LOUISIANA,250
2016,OCT THRU DEC,MAINE,0
2016,OCT THRU DEC,MARYLAND,20
2016,OCT THRU DEC,MASSACHUSETTS,0
2016,OCT THRU DEC,MICHIGAN,10
2016,OCT THRU DEC,MINNESOTA,0
2016,OCT THRU DEC,MISSISSIPPI,330
2016,OCT THRU DEC,MISSOURI,"1,400"
2016,OCT THRU DEC,MONTANA,"2,700"
2016,OCT THRU DEC,NEBRASKA,190
2016,OCT THRU DEC,NEW JERSEY,400
2016,OCT THRU DEC,NEW MEXICO,"1,100"
2016,OCT THRU DEC,NEW YORK,240
2016,OCT THRU DEC,NORTH CAROLINA,220
2016,OCT THRU DEC,NORTH DAKOTA,"13,500"
2016,OCT THRU DEC,OHIO,20
2016,OCT THRU DEC,OKLAHOMA,120
2016,OCT THRU DEC,OREGON,"1,500"
2016,OCT THRU DEC,OTHER STATES,20
2016,OCT THRU DEC,PENNSYLVANIA,120
2016,OCT THRU DEC,SOUTH CAROLINA,760
2016,OCT THRU DEC,SOUTH DAKOTA,0
2016,OCT THRU DEC,TENNESSEE,120
2016,OCT THRU DEC,TEXAS,"2,200"
2016,OCT THRU DEC,UTAH,440
2016,OCT THRU DEC,VERMONT,20
2016,OCT THRU DEC,VIRGINIA,230
2016,OCT THRU DEC,WASHINGTON,"3,100"
2016,OCT THRU DEC,WEST VIRGINIA,80
2016,OCT THRU DEC,WISCONSIN,10
2016,OCT THRU DEC,WYOMING,50
2015,APR THRU JUN,ALABAMA,"1,900"
2015,APR THRU JUN,ARIZONA,"19,500"
2015,APR THRU JUN,ARKANSAS,"11,500"
2015,APR THRU JUN,CALIFORNIA,"170,000"
2015,APR THRU JUN,COLORADO,"6,000"
2015,APR THRU JUN,CONNECTICUT,"1,100"
2015,APR THRU JUN,FLORIDA,"44,000"
2015,APR THRU JUN,GEORGIA,"25,000"
2015,APR THRU JUN,HAWAII,"1,100"
2015,APR THRU JUN,IDAHO,"16,500"
2015,APR THRU JUN,ILLINOIS,"6,000"
2015,APR THRU JUN,INDIANA,"4,900"
2015,APR THRU JUN,IOWA,"6,500"
2015,APR THRU JUN,KANSAS,"2,800"
2015,APR THRU JUN,KENTUCKY,"3,600"
2015,APR THRU JUN,LOUISIANA,"6,500"
2015,APR THRU JUN,MAINE,"3,500"
2015,APR THRU JUN,MARYLAND,"2,600"
2015,APR THRU JUN,MASSACHUSETTS,940
2015,APR THRU JUN,MICHIGAN,"13,500"
2015,APR THRU JUN,MINNESOTA,"20,000"
2015,APR THRU JUN,MISSISSIPPI,"5,500"
2015,APR THRU JUN,MISSOURI,"1,900"
2015,APR THRU JUN,MONTANA,"14,000"
2015,APR THRU JUN,NEBRASKA,"15,500"
2015,APR THRU JUN,NEW JERSEY,"2,100"
2015,APR THRU JUN,NEW MEXICO,"1,500"
2015,APR THRU JUN,NEW YORK,"11,000"
2015,APR THRU JUN,NORTH CAROLINA,"5,500"
2015,APR THRU JUN,NORTH DAKOTA,"39,000"
2015,APR THRU JUN,OHIO,"10,000"
2015,APR THRU JUN,OKLAHOMA,"5,500"
2015,APR THRU JUN,OREGON,"14,500"
2015,APR THRU JUN,OTHER STATES,"4,140"
2015,APR THRU JUN,PENNSYLVANIA,"8,500"
2015,APR THRU JUN,SOUTH CAROLINA,"1,100"
2015,APR THRU JUN,SOUTH DAKOTA,"27,000"
2015,APR THRU JUN,TENNESSEE,"3,600"
2015,APR THRU JUN,TEXAS,"76,000"
2015,APR THRU JUN,UTAH,"10,000"
2015,APR THRU JUN,VERMONT,580
2015,APR THRU JUN,VIRGINIA,"2,100"
2015,APR THRU JUN,WASHINGTON,"15,000"
2015,APR THRU JUN,WEST VIRGINIA,"2,900"
2015,APR THRU JUN,WISCONSIN,"10,000"
2015,APR THRU JUN,WYOMING,"7,500"
2015,JAN THRU MAR,ALABAMA,"2,800"
2015,JAN THRU MAR,ARIZONA,"3,400"
2015,JAN THRU MAR,ARKANSAS,"1,200"
2015,JAN THRU MAR,CALIFORNIA,"250,000"
2015,JAN THRU MAR,COLORADO,200
2015,JAN THRU MAR,CONNECTICUT,290
2015,JAN THRU MAR,FLORIDA,"54,000"
2015,JAN THRU MAR,GEORGIA,"47,000"
2015,JAN THRU MAR,HAWAII,"3,400"
2015,JAN THRU MAR,IDAHO,"2,600"
2015,JAN THRU MAR,ILLINOIS,"2,300"
2015,JAN THRU MAR,INDIANA,490
2015,JAN THRU MAR,IOWA,"1,700"
2015,JAN THRU MAR,KANSAS,450
2015,JAN THRU MAR,KENTUCKY,250
2015,JAN THRU MAR,LOUISIANA,"3,100"
2015,JAN THRU MAR,MAINE,20
2015,JAN THRU MAR,MARYLAND,"1,600"
2015,JAN THRU MAR,MASSACHUSETTS,260
2015,JAN THRU MAR,MICHIGAN,"7,500"
2015,JAN THRU MAR,MINNESOTA,690
2015,JAN THRU MAR,MISSISSIPPI,"22,000"
2015,JAN THRU MAR,MISSOURI,220
2015,JAN THRU MAR,MONTANA,"1,400"
2015,JAN THRU MAR,NEBRASKA,120
2015,JAN THRU MAR,NEW JERSEY,570
2015,JAN THRU MAR,NEW MEXICO,190
2015,JAN THRU MAR,NEW YORK,430
2015,JAN THRU MAR,NORTH CAROLINA,"6,000"
2015,JAN THRU MAR,NORTH DAKOTA,"1,800"
2015,JAN THRU MAR,OHIO,"5,000"
2015,JAN THRU MAR,OKLAHOMA,"2,600"
2015,JAN THRU MAR,OREGON,"4,300"
2015,JAN THRU MAR,OTHER STATES,870
2015,JAN THRU MAR,PENNSYLVANIA,360
2015,JAN THRU MAR,SOUTH CAROLINA,"2,700"
2015,JAN THRU MAR,SOUTH DAKOTA,"8,500"
2015,JAN THRU MAR,TENNESSEE,"1,000"
2015,JAN THRU MAR,TEXAS,"82,000"
2015,JAN THRU MAR,UTAH,"2,500"
2015,JAN THRU MAR,VERMONT,"1,200"
2015,JAN THRU MAR,VIRGINIA,800
2015,JAN THRU MAR,WASHINGTON,"13,500"
2015,JAN THRU MAR,WEST VIRGINIA,570
2015,JAN THRU MAR,WISCONSIN,"3,100"
2015,JAN THRU MAR,WYOMING,"2,000"
2015,JUL THRU SEP,ALABAMA,160
2015,JUL THRU SEP,ARIZONA,"4,300"
2015,JUL THRU SEP,ARKANSAS,500
2015,JUL THRU SEP,CALIFORNIA,"40,000"
2015,JUL THRU SEP,COLORADO,"1,400"
2015,JUL THRU SEP,CONNECTICUT,190
2015,JUL THRU SEP,FLORIDA,"37,000"
2015,JUL THRU SEP,GEORGIA,"19,500"
2015,JUL THRU SEP,HAWAII,"1,200"
2015,JUL THRU SEP,IDAHO,"5,500"
2015,JUL THRU SEP,ILLINOIS,"1,300"
2015,JUL THRU SEP,INDIANA,"1,400"
2015,JUL THRU SEP,IOWA,640
2015,JUL THRU SEP,KANSAS,100
2015,JUL THRU SEP,KENTUCKY,170
2015,JUL THRU SEP,LOUISIANA,"2,300"
2015,JUL THRU SEP,MAINE,410
2015,JUL THRU SEP,MARYLAND,730
2015,JUL THRU SEP,MASSACHUSETTS,290
2015,JUL THRU SEP,MICHIGAN,"3,300"
2015,JUL THRU SEP,MINNESOTA,640
2015,JUL THRU SEP,MISSISSIPPI,260
2015,JUL THRU SEP,MISSOURI,700
2015,JUL THRU SEP,MONTANA,"3,200"
2015,JUL THRU SEP,NEBRASKA,500
2015,JUL THRU SEP,NEW JERSEY,190
2015,JUL THRU SEP,NEW MEXICO,"1,300"
2015,JUL THRU SEP,NEW YORK,"4,400"
2015,JUL THRU SEP,NORTH CAROLINA,"2,500"
2015,JUL THRU SEP,NORTH DAKOTA,"11,000"
2015,JUL THRU SEP,OHIO,"2,300"
2015,JUL THRU SEP,OKLAHOMA,160
2015,JUL THRU SEP,OREGON,"8,000"
2015,JUL THRU SEP,OTHER STATES,"1,050"
2015,JUL THRU SEP,PENNSYLVANIA,"1,800"
2015,JUL THRU SEP,SOUTH CAROLINA,880
2015,JUL THRU SEP,SOUTH DAKOTA,"2,100"
2015,JUL THRU SEP,TENNESSEE,500
2015,JUL THRU SEP,TEXAS,"5,500"
2015,JUL THRU SEP,UTAH,"1,400"
2015,JUL THRU SEP,VERMONT,30
2015,JUL THRU SEP,VIRGINIA,520
2015,JUL THRU SEP,WASHINGTON,"1,800"
2015,JUL THRU SEP,WEST VIRGINIA,300
2015,JUL THRU SEP,WISCONSIN,"1,300"
2015,JUL THRU SEP,WYOMING,270
2015,OCT THRU DEC,ALABAMA,80
2015,OCT THRU DEC,ARIZONA,"3,000"
2015,OCT THRU DEC,ARKANSAS,"1,900"
2015,OCT THRU DEC,CALIFORNIA,"39,000"
2015,OCT THRU DEC,COLORADO,"3,400"
2015,OCT THRU DEC,CONNECTICUT,40
2015,OCT THRU DEC,FLORIDA,"30,000"
2015,OCT THRU DEC,GEORGIA,"4,400"
2015,OCT THRU DEC,HAWAII,"2,700"
2015,OCT THRU DEC,IDAHO,"5,500"
2015,OCT THRU DEC,ILLINOIS,0
2015,OCT THRU DEC,INDIANA,140
2015,OCT THRU DEC,IOWA,40
2015,OCT THRU DEC,KANSAS,50
2015,OCT THRU DEC,KENTUCKY,20
2015,OCT THRU DEC,LOUISIANA,"1,100"
2015,OCT THRU DEC,MAINE,530
2015,OCT THRU DEC,MARYLAND,0
2015,OCT THRU DEC,MASSACHUSETTS,30
2015,OCT THRU DEC,MICHIGAN,210
2015,OCT THRU DEC,MINNESOTA,600
2015,OCT THRU DEC,MISSISSIPPI,500
2015,OCT THRU DEC,MISSOURI,30
2015,OCT THRU DEC,MONTANA,"1,000"
2015,OCT THRU DEC,NEBRASKA,10
2015,OCT THRU DEC,NEW JERSEY,20
2015,OCT THRU DEC,NEW MEXICO,290
2015,OCT THRU DEC,NEW YORK,260
2015,OCT THRU DEC,NORTH CAROLINA,510
2015,OCT THRU DEC,NORTH DAKOTA,"2,700"
2015,OCT THRU DEC,OHIO,200
2015,OCT THRU DEC,OKLAHOMA,290
2015,OCT THRU DEC,OREGON,200
2015,OCT THRU DEC,OTHER STATES,100
2015,OCT THRU DEC,PENNSYLVANIA,"1,300"
2015,OCT THRU DEC,SOUTH CAROLINA,640
2015,OCT THRU DEC,SOUTH DAKOTA,"2,400"
2015,OCT THRU DEC,TENNESSEE,70
2015,OCT THRU DEC,TEXAS,"13,000"
2015,OCT THRU DEC,UTAH,120
2015,OCT THRU DEC,VERMONT,10
2015,OCT THRU DEC,VIRGINIA,0
2015,OCT THRU DEC,WASHINGTON,330
2015,OCT THRU DEC,WEST VIRGINIA,190
2015,OCT THRU DEC,WISCONSIN,210
2015,OCT THRU DEC,WYOMING,30