Year,Period,State,Colonies Renovated
2022,APR THRU JUN,ALABAMA,"1,900"
2022,APR THRU JUN,ARIZONA,"2,800"
2022,APR THRU JUN,ARKANSAS,"1,100"
2022,APR THRU JUN,CALIFORNIA,"121,000"
2022,APR THRU JUN,COLORADO,"2,300"
2022,APR THRU JUN,CONNECTICUT,30
2022,APR THRU JUN,FLORIDA,"39,000"
2022,APR THRU JUN,GEORGIA,"47,000"
2022,APR THRU JUN,HAWAII,"2,100"
2022,APR THRU JUN,IDAHO,"8,500"
2022,APR THRU JUN,ILLINOIS,"2,100"
2022,APR THRU JUN,INDIANA,620
2022,APR THRU JUN,IOWA,"2,400"
2022,APR THRU JUN,KANSAS,580
2022,APR THRU JUN,KENTUCKY,460
2022,APR THRU JUN,LOUISIANA,"11,500"
2022,APR THRU JUN,MAINE,300
2022,APR THRU JUN,MARYLAND,"1,100"
2022,APR THRU JUN,MASSACHUSETTS,910
2022,APR THRU JUN,MICHIGAN,"3,500"
2022,APR THRU JUN,MINNESOTA,"2,000"
2022,APR THRU JUN,MISSISSIPPI,"7,000"
2022,APR THRU JUN,MISSOURI,"4,800"
2022,APR THRU JUN,MONTANA,"8,000"
2022,APR THRU JUN,NEBRASKA,"5,000"
2022,APR THRU JUN,NEW JERSEY,70
2022,APR THRU JUN,NEW MEXICO,"2,200"
2022,APR THRU JUN,NEW YORK,"4,400"
2022,APR THRU JUN,NORTH CAROLINA,"3,300"
2022,APR THRU JUN,NORTH DAKOTA,"9,000"
2022,APR THRU JUN,OHIO,"1,200"
2022,APR THRU JUN,OKLAHOMA,"2,100"
2022,APR THRU JUN,OREGON,"19,500"
2022,APR THRU JUN,OTHER STATES,400
2022,APR THRU JUN,PENNSYLVANIA,"2,300"
2022,APR THRU JUN,SOUTH CAROLINA,"3,200"
2022,APR THRU JUN,SOUTH DAKOTA,"19,000"
2022,APR THRU JUN,TENNESSEE,"1,200"
2022,APR THRU JUN,TEXAS,"114,000"
2022,APR THRU JUN,UTAH,"5,000"
2022,APR THRU JUN,VERMONT,160
2022,APR THRU JUN,VIRGINIA,680
2022,APR THRU JUN,WASHINGTON,"23,000"
2022,APR THRU JUN,WEST VIRGINIA,"2,600"
2022,APR THRU JUN,WISCONSIN,"1,300"
2022,APR THRU JUN,WYOMING,"1,800"
2022,JAN THRU MAR,ALABAMA,520
2022,JAN THRU MAR,ARIZONA,10
2022,JAN THRU MAR,ARKANSAS,20
2022,JAN THRU MAR,CALIFORNIA,"95,000"
2022,JAN THRU MAR,COLORADO,10
2022,JAN THRU MAR,CONNECTICUT,170
2022,JAN THRU MAR,FLORIDA,"13,500"
2022,JAN THRU MAR,GEORGIA,"18,000"
2022,JAN THRU MAR,HAWAII,"1,000"
2022,JAN THRU MAR,IDAHO,"1,000"
2022,JAN THRU MAR,ILLINOIS,140
2022,JAN THRU MAR,INDIANA,30
2022,JAN THRU MAR,IOWA,30
2022,JAN THRU MAR,KANSAS,60
2022,JAN THRU MAR,KENTUCKY,160
2022,JAN THRU MAR,LOUISIANA,"2,200"
2022,JAN THRU MAR,MAINE,120
2022,JAN THRU MAR,MARYLAND,"1,000"
2022,JAN THRU MAR,MASSACHUSETTS,510
2022,JAN THRU MAR,MICHIGAN,"2,500"
2022,JAN THRU MAR,MINNESOTA,80
2022,JAN THRU MAR,MISSISSIPPI,"2,100"
2022,JAN THRU MAR,MISSOURI,570
2022,JAN THRU MAR,MONTANA,0
2022,JAN THRU MAR,NEBRASKA,0
2022,JAN THRU MAR,NEW JERSEY,30
2022,JAN THRU MAR,NEW MEXICO,0
2022,JAN THRU MAR,NEW YORK,730
2022,JAN THRU MAR,NORTH CAROLINA,520
2022,JAN THRU MAR,NORTH DAKOTA,0
2022,JAN THRU MAR,OHIO,530
2022,JAN THRU MAR,OKLAHOMA,"3,500"
2022,JAN THRU MAR,OREGON,310
2022,JAN THRU MAR,OTHER STATES,60
2022,JAN THRU MAR,PENNSYLVANIA,360
2022,JAN THRU MAR,SOUTH CAROLINA,830
2022,JAN THRU MAR,SOUTH DAKOTA,0
2022,JAN THRU MAR,TENNESSEE,200
2022,JAN THRU MAR,TEXAS,"34,000"
2022,JAN THRU MAR,UTAH,740
2022,JAN THRU MAR,VERMONT,0
2022,JAN THRU MAR,VIRGINIA,200
2022,JAN THRU MAR,WASHINGTON,"6,000"
2022,JAN THRU MAR,WEST VIRGINIA,200
2022,JAN THRU MAR,WISCONSIN,240
2022,JAN THRU MAR,WYOMING,0
2021,APR THRU JUN,ALABAMA,930
2021,APR THRU JUN,ARIZONA,"3,700"
2021,APR THRU JUN,ARKANSAS,"5,500"
2021,APR THRU JUN,CALIFORNIA,"180,000"
2021,APR THRU JUN,COLORADO,"1,100"
2021,APR THRU JUN,CONNECTICUT,340
2021,APR THRU JUN,FLORIDA,"31,000"
2021,APR THRU JUN,GEORGIA,"18,500"
2021,APR THRU JUN,HAWAII,"1,200"
2021,APR THRU JUN,IDAHO,"19,000"
2021,APR THRU JUN,ILLINOIS,"2,100"
2021,APR THRU JUN,INDIANA,"1,000"
2021,APR THRU JUN,IOWA,"3,900"
2021,APR THRU JUN,KANSAS,"1,600"
2021,APR THRU JUN,KENTUCKY,"4,500"
2021,APR THRU JUN,LOUISIANA,"2,000"
2021,APR THRU JUN,MAINE,260
2021,APR THRU JUN,MARYLAND,690
2021,APR THRU JUN,MASSACHUSETTS,310
2021,APR THRU JUN,MICHIGAN,"8,000"
2021,APR THRU JUN,MINNESOTA,"4,000"
2021,APR THRU JUN,MISSISSIPPI,"8,000"
2021,APR THRU JUN,MISSOURI,670
2021,APR THRU JUN,MONTANA,"15,500"
2021,APR THRU JUN,NEBRASKA,810
2021,APR THRU JUN,NEW JERSEY,140
2021,APR THRU JUN,NEW MEXICO,"2,300"
2021,APR THRU JUN,NEW YORK,"4,100"
2021,APR THRU JUN,NORTH CAROLINA,"3,300"
2021,APR THRU JUN,NORTH DAKOTA,"3,600"
2021,APR THRU JUN,OHIO,"2,400"
2021,APR THRU JUN,OKLAHOMA,190
2021,APR THRU JUN,OREGON,"19,500"
2021,APR THRU JUN,OTHER STATES,"3,130"
2021,APR THRU JUN,PENNSYLVANIA,"2,700"
2021,APR THRU JUN,SOUTH CAROLINA,"4,900"
2021,APR THRU JUN,SOUTH DAKOTA,"19,000"
2021,APR THRU JUN,TENNESSEE,"3,400"
2021,APR THRU JUN,TEXAS,"72,000"
2021,APR THRU JUN,UTAH,"3,700"
2021,APR THRU JUN,VERMONT,570
2021,APR THRU JUN,VIRGINIA,820
2021,APR THRU JUN,WASHINGTON,"2,600"
2021,APR THRU JUN,WEST VIRGINIA,390
2021,APR THRU JUN,WISCONSIN,"7,500"
2021,APR THRU JUN,WYOMING,"4,900"
2021,JAN THRU MAR,ALABAMA,200
2021,JAN THRU MAR,ARIZONA,"4,500"
2021,JAN THRU MAR,ARKANSAS,130
2021,JAN THRU MAR,CALIFORNIA,"84,000"
2021,JAN THRU MAR,COLORADO,30
2021,JAN THRU MAR,CONNECTICUT,50
2021,JAN THRU MAR,FLORIDA,"17,000"
2021,JAN THRU MAR,GEORGIA,"14,500"
2021,JAN THRU MAR,HAWAII,"1,600"
2021,JAN THRU MAR,IDAHO,"9,000"
2021,JAN THRU MAR,ILLINOIS,200
2021,JAN THRU MAR,INDIANA,20
2021,JAN THRU MAR,IOWA,30
2021,JAN THRU MAR,KANSAS,10
2021,JAN THRU MAR,KENTUCKY,80
2021,JAN THRU MAR,LOUISIANA,"3,000"
2021,JAN THRU MAR,MAINE,80
2021,JAN THRU MAR,MARYLAND,240
2021,JAN THRU MAR,MASSACHUSETTS,90
2021,JAN THRU MAR,MICHIGAN,"4,100"
2021,JAN THRU MAR,MINNESOTA,140
2021,JAN THRU MAR,MISSISSIPPI,70
2021,JAN THRU MAR,MISSOURI,40
2021,JAN THRU MAR,MONTANA,20
2021,JAN THRU MAR,NEBRASKA,0
2021,JAN THRU MAR,NEW JERSEY,80
2021,JAN THRU MAR,NEW MEXICO,0
2021,JAN THRU MAR,NEW YORK,380
2021,JAN THRU MAR,NORTH CAROLINA,110
2021,JAN THRU MAR,NORTH DAKOTA,0
2021,JAN THRU MAR,OHIO,20
2021,JAN THRU MAR,OKLAHOMA,360
2021,JAN THRU MAR,OREGON,610
2021,JAN THRU MAR,OTHER STATES,70
2021,JAN THRU MAR,PENNSYLVANIA,40
2021,JAN THRU MAR,SOUTH CAROLINA,190
2021,JAN THRU MAR,SOUTH DAKOTA,0
2021,JAN THRU MAR,TENNESSEE,310
2021,JAN THRU MAR,TEXAS,"13,500"
2021,JAN THRU MAR,UTAH,0
2021,JAN THRU MAR,VERMONT,70
2021,JAN THRU MAR,VIRGINIA,50
2021,JAN THRU MAR,WASHINGTON,850
2021,JAN THRU MAR,WEST VIRGINIA,460
2021,JAN THRU MAR,WISCONSIN,170
2021,JAN THRU MAR,WYOMING,"1,200"
2021,JUL THRU SEP,ALABAMA,280
2021,JUL THRU SEP,ARIZONA,"2,300"
2021,JUL THRU SEP,ARKANSAS,"1,700"
2021,JUL THRU SEP,CALIFORNIA,"51,000"
2021,JUL THRU SEP,COLORADO,750
2021,JUL THRU SEP,CONNECTICUT,170
2021,JUL THRU SEP,FLORIDA,"27,000"
2021,JUL THRU SEP,GEORGIA,"35,000"
2021,JUL THRU SEP,HAWAII,520
2021,JUL THRU SEP,IDAHO,"3,000"
2021,JUL THRU SEP,ILLINOIS,"1,200"
2021,JUL THRU SEP,INDIANA,"1,400"
2021,JUL THRU SEP,IOWA,130
2021,JUL THRU SEP,KANSAS,"1,300"
2021,JUL THRU SEP,KENTUCKY,740
2021,JUL THRU SEP,LOUISIANA,"2,800"
2021,JUL THRU SEP,MAINE,210
2021,JUL THRU SEP,MARYLAND,170
2021,JUL THRU SEP,MASSACHUSETTS,"1,200"
2021,JUL THRU SEP,MICHIGAN,"4,800"
2021,JUL THRU SEP,MINNESOTA,"1,300"
2021,JUL THRU SEP,MISSISSIPPI,310
2021,JUL THRU SEP,MISSOURI,900
2021,JUL THRU SEP,MONTANA,"7,500"
2021,JUL THRU SEP,NEBRASKA,"1,800"
2021,JUL THRU SEP,NEW JERSEY,480
2021,JUL THRU SEP,NEW MEXICO,130
2021,JUL THRU SEP,NEW YORK,"5,000"
2021,JUL THRU SEP,NORTH CAROLINA,"2,200"
2021,JUL THRU SEP,NORTH DAKOTA,"14,500"
2021,JUL THRU SEP,OHIO,"4,100"
2021,JUL THRU SEP,OKLAHOMA,20
2021,JUL THRU SEP,OREGON,"13,500"
2021,JUL THRU SEP,OTHER STATES,"1,460"
2021,JUL THRU SEP,PENNSYLVANIA,980
2021,JUL THRU SEP,SOUTH CAROLINA,460
2021,JUL THRU SEP,SOUTH DAKOTA,"3,100"
2021,JUL THRU SEP,TENNESSEE,740
2021,JUL THRU SEP,TEXAS,"6,000"
2021,JUL THRU SEP,UTAH,"1,900"
2021,JUL THRU SEP,VERMONT,100
2021,JUL THRU SEP,VIRGINIA,750
2021,JUL THRU SEP,WASHINGTON,"15,500"
2021,JUL THRU SEP,WEST VIRGINIA,220
2021,JUL THRU SEP,WISCONSIN,"4,300"
2021,JUL THRU SEP,WYOMING,"3,900"
2021,OCT THRU DEC,ALABAMA,10
2021,OCT THRU DEC,ARKANSAS,100
2021,OCT THRU DEC,CALIFORNIA,"29,000"
2021,OCT THRU DEC,CONNECTICUT,130
2021,OCT THRU DEC,FLORIDA,"11,000"
2021,OCT THRU DEC,GEORGIA,"12,000"
2021,OCT THRU DEC,HAWAII,530
2021,OCT THRU DEC,IDAHO,"4,300"
2021,OCT THRU DEC,ILLINOIS,810
2021,OCT THRU DEC,INDIANA,"2,400"
2021,OCT THRU DEC,IOWA,90
2021,OCT THRU DEC,KANSAS,50
2021,OCT THRU DEC,KENTUCKY,460
2021,OCT THRU DEC,LOUISIANA,"1,300"
2021,OCT THRU DEC,MAINE,160
2021,OCT THRU DEC,MASSACHUSETTS,50
2021,OCT THRU DEC,MICHIGAN,"2,200"
2021,OCT THRU DEC,MINNESOTA,350
2021,OCT THRU DEC,MISSISSIPPI,240
2021,OCT THRU DEC,MISSOURI,120
2021,OCT THRU DEC,MONTANA,"8,000"
2021,OCT THRU DEC,NEBRASKA,250
2021,OCT THRU DEC,NEW YORK,"26,000"
2021,OCT THRU DEC,NORTH CAROLINA,360
2021,OCT THRU DEC,NORTH DAKOTA,"8,000"
2021,OCT THRU DEC,OHIO,460
2021,OCT THRU DEC,OKLAHOMA,950
2021,OCT THRU DEC,OREGON,"29,000"
2021,OCT THRU DEC,OTHER STATES,110
2021,OCT THRU DEC,PENNSYLVANIA,150
2021,OCT THRU DEC,SOUTH CAROLINA,150
2021,OCT THRU DEC,SOUTH DAKOTA,120
2021,OCT THRU DEC,TENNESSEE,"1,200"
2021,OCT THRU DEC,TEXAS,"1,700"
2021,OCT THRU DEC,UTAH,"1,400"
2021,OCT THRU DEC,VERMONT,50
2021,OCT THRU DEC,VIRGINIA,210
2021,OCT THRU DEC,WASHINGTON,"2,300"
2021,OCT THRU DEC,WEST VIRGINIA,100
2021,OCT THRU DEC,WISCONSIN,150
2021,OCT THRU DEC,WYOMING,560
2020,APR THRU JUN,ALABAMA,"2,600"
2020,APR THRU JUN,ARIZONA,"4,700"
2020,APR THRU JUN,ARKANSAS,800
2020,APR THRU JUN,CALIFORNIA,"240,000"
2020,APR THRU JUN,COLORADO,"2,800"
2020,APR THRU JUN,CONNECTICUT,450
2020,APR THRU JUN,FLORIDA,"18,500"
2020,APR THRU JUN,GEORGIA,"20,000"
2020,APR THRU JUN,HAWAII,"2,300"
2020,APR THRU JUN,IDAHO,"29,000"
2020,APR THRU JUN,ILLINOIS,"1,700"
2020,APR THRU JUN,INDIANA,"1,800"
2020,APR THRU JUN,IOWA,"4,700"
2020,APR THRU JUN,KANSAS,"1,800"
2020,APR THRU JUN,KENTUCKY,"3,500"
2020,APR THRU JUN,LOUISIANA,"4,700"
2020,APR THRU JUN,MAINE,110
2020,APR THRU JUN,MARYLAND,"1,700"
2020,APR THRU JUN,MASSACHUSETTS,540
2020,APR THRU JUN,MICHIGAN,"10,000"
2020,APR THRU JUN,MINNESOTA,"2,600"
2020,APR THRU JUN,MISSISSIPPI,570
2020,APR THRU JUN,MISSOURI,"1,200"
2020,APR THRU JUN,MONTANA,"16,000"
2020,APR THRU JUN,NEBRASKA,"1,100"
2020,APR THRU JUN,NEW JERSEY,650
2020,APR THRU JUN,NEW MEXICO,40
2020,APR THRU JUN,NEW YORK,"2,800"
2020,APR THRU JUN,NORTH CAROLINA,"1,300"
2020,APR THRU JUN,NORTH DAKOTA,"38,000"
2020,APR THRU JUN,OHIO,"3,700"
2020,APR THRU JUN,OKLAHOMA,"3,100"
2020,APR THRU JUN,OREGON,"19,000"
2020,APR THRU JUN,OTHER STATES,"1,500"
2020,APR THRU JUN,PENNSYLVANIA,"1,500"
2020,APR THRU JUN,SOUTH CAROLINA,"2,500"
2020,APR THRU JUN,SOUTH DAKOTA,"14,500"
2020,APR THRU JUN,TENNESSEE,"3,200"
2020,APR THRU JUN,TEXAS,"136,000"
2020,APR THRU JUN,UTAH,"13,000"
2020,APR THRU JUN,VERMONT,110
2020,APR THRU JUN,VIRGINIA,"1,300"
2020,APR THRU JUN,WASHINGTON,"3,300"
2020,APR THRU JUN,WEST VIRGINIA,"1,500"
2020,APR THRU JUN,WISCONSIN,"4,600"
2020,APR THRU JUN,WYOMING,"2,100"
2020,JAN THRU MAR,ALABAMA,780
2020,JAN THRU MAR,ARIZONA,120
2020,JAN THRU MAR,ARKANSAS,30
2020,JAN THRU MAR,CALIFORNIA,"66,000"
2020,JAN THRU MAR,COLORADO,500
2020,JAN THRU MAR,FLORIDA,"8,000"
2020,JAN THRU MAR,GEORGIA,"22,000"
2020,JAN THRU MAR,HAWAII,"2,200"
2020,JAN THRU MAR,IDAHO,920
2020,JAN THRU MAR,ILLINOIS,160
2020,JAN THRU MAR,INDIANA,420
2020,JAN THRU MAR,IOWA,420
2020,JAN THRU MAR,KANSAS,130
2020,JAN THRU MAR,KENTUCKY,120
2020,JAN THRU MAR,LOUISIANA,"20,000"
2020,JAN THRU MAR,MARYLAND,30
2020,JAN THRU MAR,MASSACHUSETTS,100
2020,JAN THRU MAR,MICHIGAN,100
2020,JAN THRU MAR,MINNESOTA,40
2020,JAN THRU MAR,MISSISSIPPI,660
2020,JAN THRU MAR,MISSOURI,0
2020,JAN THRU MAR,NEW JERSEY,40
2020,JAN THRU MAR,NEW MEXICO,0
2020,JAN THRU MAR,NEW YORK,370
2020,JAN THRU MAR,NORTH CAROLINA,490
2020,JAN THRU MAR,OHIO,"1,100"
2020,JAN THRU MAR,OREGON,"1,700"
2020,JAN THRU MAR,OTHER STATES,20
2020,JAN THRU MAR,PENNSYLVANIA,320
2020,JAN THRU MAR,SOUTH CAROLINA,"1,100"
2020,JAN THRU MAR,TENNESSEE,130
2020,JAN THRU MAR,TEXAS,"24,000"
2020,JAN THRU MAR,VERMONT,70
2020,JAN THRU MAR,VIRGINIA,60
2020,JAN THRU MAR,WASHINGTON,150
2020,JAN THRU MAR,WEST VIRGINIA,680
2020,JAN THRU MAR,WISCONSIN,370
2020,JAN THRU MAR,WYOMING,60
2020,JUL THRU SEP,ALABAMA,990
2020,JUL THRU SEP,ARIZONA,"1,800"
2020,JUL THRU SEP,ARKANSAS,390
2020,JUL THRU SEP,CALIFORNIA,"108,000"
2020,JUL THRU SEP,COLORADO,"5,500"
2020,JUL THRU SEP,CONNECTICUT,150
2020,JUL THRU SEP,FLORIDA,"31,000"
2020,JUL THRU SEP,GEORGIA,"35,000"
2020,JUL THRU SEP,HAWAII,"3,400"
2020,JUL THRU SEP,IDAHO,"8,500"
2020,JUL THRU SEP,ILLINOIS,690
2020,JUL THRU SEP,INDIANA,"2,700"
2020,JUL THRU SEP,IOWA,"2,900"
2020,JUL THRU SEP,KANSAS,730
2020,JUL THRU SEP,KENTUCKY,510
2020,JUL THRU SEP,LOUISIANA,"3,100"
2020,JUL THRU SEP,MAINE,820
2020,JUL THRU SEP,MARYLAND,220
2020,JUL THRU SEP,MASSACHUSETTS,810
2020,JUL THRU SEP,MICHIGAN,"11,000"
2020,JUL THRU SEP,MINNESOTA,"3,700"
2020,JUL THRU SEP,MISSISSIPPI,130
2020,JUL THRU SEP,MISSOURI,820
2020,JUL THRU SEP,MONTANA,"28,000"
2020,JUL THRU SEP,NEBRASKA,"3,100"
2020,JUL THRU SEP,NEW JERSEY,"1,800"
2020,JUL THRU SEP,NEW MEXICO,760
2020,JUL THRU SEP,NEW YORK,"1,600"
2020,JUL THRU SEP,NORTH CAROLINA,"5,500"
2020,JUL THRU SEP,NORTH DAKOTA,"33,000"
2020,JUL THRU SEP,OHIO,"2,100"
2020,JUL THRU SEP,OKLAHOMA,930
2020,JUL THRU SEP,OREGON,"28,000"
2020,JUL THRU SEP,OTHER STATES,700
2020,JUL THRU SEP,PENNSYLVANIA,"1,200"
2020,JUL THRU SEP,SOUTH CAROLINA,"2,200"
2020,JUL THRU SEP,SOUTH DAKOTA,"12,500"
2020,JUL THRU SEP,TENNESSEE,860
2020,JUL THRU SEP,TEXAS,"7,500"
2020,JUL THRU SEP,UTAH,"2,300"
2020,JUL THRU SEP,VERMONT,180
2020,JUL THRU SEP,VIRGINIA,730
2020,JUL THRU SEP,WASHINGTON,"8,500"
2020,JUL THRU SEP,WEST VIRGINIA,800
2020,JUL THRU SEP,WISCONSIN,"9,000"
2020,JUL THRU SEP,WYOMING,"7,500"
2020,OCT THRU DEC,ALABAMA,60
2020,OCT THRU DEC,ARIZONA,600
2020,OCT THRU DEC,ARKANSAS,780
2020,OCT THRU DEC,CALIFORNIA,"58,000"
2020,OCT THRU DEC,COLORADO,20
2020,OCT THRU DEC,CONNECTICUT,20
2020,OCT THRU DEC,FLORIDA,"17,500"
2020,OCT THRU DEC,GEORGIA,"11,000"
2020,OCT THRU DEC,HAWAII,370
2020,OCT THRU DEC,IDAHO,"1,700"
2020,OCT THRU DEC,ILLINOIS,410
2020,OCT THRU DEC,INDIANA,260
2020,OCT THRU DEC,IOWA,850
2020,OCT THRU DEC,KANSAS,170
2020,OCT THRU DEC,KENTUCKY,520
2020,OCT THRU DEC,LOUISIANA,620
2020,OCT THRU DEC,MAINE,250
2020,OCT THRU DEC,MARYLAND,460
2020,OCT THRU DEC,MASSACHUSETTS,90
2020,OCT THRU DEC,MICHIGAN,"1,600"
2020,OCT THRU DEC,MINNESOTA,340
2020,OCT THRU DEC,MISSISSIPPI,30
2020,OCT THRU DEC,MISSOURI,110
2020,OCT THRU DEC,MONTANA,290
2020,OCT THRU DEC,NEBRASKA,"2,500"
2020,OCT THRU DEC,NEW JERSEY,480
2020,OCT THRU DEC,NEW MEXICO,50
2020,OCT THRU DEC,NEW YORK,"5,000"
2020,OCT THRU DEC,NORTH CAROLINA,"9,000"
2020,OCT THRU DEC,OHIO,490
2020,OCT THRU DEC,OREGON,"2,600"
2020,OCT THRU DEC,OTHER STATES,"1,300"
2020,OCT THRU DEC,PENNSYLVANIA,440
2020,OCT THRU DEC,SOUTH CAROLINA,210
2020,OCT THRU DEC,SOUTH DAKOTA,150
2020,OCT THRU DEC,TENNESSEE,640
2020,OCT THRU DEC,TEXAS,"1,700"
2020,OCT THRU DEC,UTAH,50
2020,OCT THRU DEC,VIRGINIA,450
2020,OCT THRU DEC,WASHINGTON,"2,000"
2020,OCT THRU DEC,WEST VIRGINIA,800
2020,OCT THRU DEC,WISCONSIN,"4,700"
2020,OCT THRU DEC,WYOMING,380
2019,JAN THRU MAR,ALABAMA,200
2019,JAN THRU MAR,ARIZONA,90
2019,JAN THRU MAR,ARKANSAS,20
2019,JAN THRU MAR,CALIFORNIA,"86,000"
2019,JAN THRU MAR,COLORADO,0
2019,JAN THRU MAR,CONNECTICUT,10
2019,JAN THRU MAR,FLORIDA,"16,500"
2019,JAN THRU MAR,GEORGIA,"8,000"
2019,JAN THRU MAR,HAWAII,"3,700"
2019,JAN THRU MAR,IDAHO,"1,100"
2019,JAN THRU MAR,ILLINOIS,80
2019,JAN THRU MAR,INDIANA,280
2019,JAN THRU MAR,IOWA,140
2019,JAN THRU MAR,KANSAS,110
2019,JAN THRU MAR,KENTUCKY,30
2019,JAN THRU MAR,LOUISIANA,"16,000"
2019,JAN THRU MAR,MAINE,30
2019,JAN THRU MAR,MARYLAND,10
2019,JAN THRU MAR,MASSACHUSETTS,20
2019,JAN THRU MAR,MICHIGAN,0
2019,JAN THRU MAR,MINNESOTA,470
2019,JAN THRU MAR,MISSISSIPPI,"1,700"
2019,JAN THRU MAR,MISSOURI,60
2019,JAN THRU MAR,MONTANA,"1,900"
2019,JAN THRU MAR,NEBRASKA,0
2019,JAN THRU MAR,NEW JERSEY,60
2019,JAN THRU MAR,NEW MEXICO,0
2019,JAN THRU MAR,NEW YORK,80
2019,JAN THRU MAR,NORTH CAROLINA,890
2019,JAN THRU MAR,NORTH DAKOTA,"1,300"
2019,JAN THRU MAR,OHIO,440
2019,JAN THRU MAR,OKLAHOMA,0
2019,JAN THRU MAR,OREGON,"1,800"
2019,JAN THRU MAR,OTHER STATES,30
2019,JAN THRU MAR,PENNSYLVANIA,320
2019,JAN THRU MAR,SOUTH CAROLINA,340
2019,JAN THRU MAR,SOUTH DAKOTA,0
2019,JAN THRU MAR,TENNESSEE,320
2019,JAN THRU MAR,TEXAS,"35,000"
2019,JAN THRU MAR,UTAH,0
2019,JAN THRU MAR,VERMONT, (Z)
2019,JAN THRU MAR,VIRGINIA,110
2019,JAN THRU MAR,WASHINGTON,"2,200"
2019,JAN THRU MAR,WEST VIRGINIA,60
2019,JAN THRU MAR,WISCONSIN,100
2019,JAN THRU MAR,WYOMING,0
2019,JUL THRU SEP,ALABAMA,330
2019,JUL THRU SEP,ARIZONA,"3,800"
2019,JUL THRU SEP,ARKANSAS,680
2019,JUL THRU SEP,CALIFORNIA,"108,000"
2019,JUL THRU SEP,COLORADO,"3,400"
2019,JUL THRU SEP,CONNECTICUT,470
2019,JUL THRU SEP,FLORIDA,"33,000"
2019,JUL THRU SEP,GEORGIA,"36,000"
2019,JUL THRU SEP,HAWAII,"6,000"
2019,JUL THRU SEP,IDAHO,"12,500"
2019,JUL THRU SEP,ILLINOIS,"1,300"
2019,JUL THRU SEP,INDIANA,"1,500"
2019,JUL THRU SEP,IOWA,"4,800"
2019,JUL THRU SEP,KANSAS,400
2019,JUL THRU SEP,KENTUCKY,430
2019,JUL THRU SEP,LOUISIANA,"13,000"
2019,JUL THRU SEP,MAINE,"3,500"
2019,JUL THRU SEP,MARYLAND,"1,200"
2019,JUL THRU SEP,MASSACHUSETTS,560
2019,JUL THRU SEP,MICHIGAN,"3,300"
2019,JUL THRU SEP,MINNESOTA,"2,100"
2019,JUL THRU SEP,MISSISSIPPI,850
2019,JUL THRU SEP,MISSOURI,350
2019,JUL THRU SEP,MONTANA,"12,500"
2019,JUL THRU SEP,NEBRASKA,"1,400"
2019,JUL THRU SEP,NEW JERSEY,"3,100"
2019,JUL THRU SEP,NEW MEXICO,550
2019,JUL THRU SEP,NEW YORK,"3,700"
2019,JUL THRU SEP,NORTH CAROLINA,"5,000"
2019,JUL THRU SEP,NORTH DAKOTA,"17,500"
2019,JUL THRU SEP,OHIO,"3,000"
2019,JUL THRU SEP,OKLAHOMA,"1,100"
2019,JUL THRU SEP,OREGON,"21,000"
2019,JUL THRU SEP,OTHER STATES,900
2019,JUL THRU SEP,PENNSYLVANIA,"1,900"
2019,JUL THRU SEP,SOUTH CAROLINA,"1,400"
2019,JUL THRU SEP,SOUTH DAKOTA,"8,000"
2019,JUL THRU SEP,TENNESSEE,"2,200"
2019,JUL THRU SEP,TEXAS,"7,000"
2019,JUL THRU SEP,UTAH,"1,700"
2019,JUL THRU SEP,VERMONT,490
2019,JUL THRU SEP,VIRGINIA,820
2019,JUL THRU SEP,WASHINGTON,"10,000"
2019,JUL THRU SEP,WEST VIRGINIA,"1,100"
2019,JUL THRU SEP,WISCONSIN,"10,000"
2019,JUL THRU SEP,WYOMING,"3,500"
2019,OCT THRU DEC,ALABAMA,70
2019,OCT THRU DEC,ARIZONA,300
2019,OCT THRU DEC,ARKANSAS,310
2019,OCT THRU DEC,CALIFORNIA,"37,000"
2019,OCT THRU DEC,COLORADO,440
2019,OCT THRU DEC,CONNECTICUT,50
2019,OCT THRU DEC,FLORIDA,"15,000"
2019,OCT THRU DEC,GEORGIA,"10,500"
2019,OCT THRU DEC,HAWAII,50
2019,OCT THRU DEC,IDAHO,"1,000"
2019,OCT THRU DEC,ILLINOIS,"1,500"
2019,OCT THRU DEC,INDIANA,180
2019,OCT THRU DEC,IOWA,530
2019,OCT THRU DEC,KANSAS,460
2019,OCT THRU DEC,KENTUCKY,170
2019,OCT THRU DEC,LOUISIANA,80
2019,OCT THRU DEC,MAINE,40
2019,OCT THRU DEC,MARYLAND,420
2019,OCT THRU DEC,MASSACHUSETTS,130
2019,OCT THRU DEC,MICHIGAN,"1,500"
2019,OCT THRU DEC,MINNESOTA,60
2019,OCT THRU DEC,MISSISSIPPI,50
2019,OCT THRU DEC,MISSOURI,10
2019,OCT THRU DEC,MONTANA,"4,000"
2019,OCT THRU DEC,NEBRASKA,10
2019,OCT THRU DEC,NEW JERSEY,80
2019,OCT THRU DEC,NEW MEXICO,10
2019,OCT THRU DEC,NEW YORK,510
2019,OCT THRU DEC,NORTH CAROLINA,770
2019,OCT THRU DEC,NORTH DAKOTA,"4,300"
2019,OCT THRU DEC,OHIO,390
2019,OCT THRU DEC,OREGON,"2,000"
2019,OCT THRU DEC,OTHER STATES,0
2019,OCT THRU DEC,PENNSYLVANIA,"1,100"
2019,OCT THRU DEC,SOUTH CAROLINA,430
2019,OCT THRU DEC,SOUTH DAKOTA,40
2019,OCT THRU DEC,TENNESSEE,70
2019,OCT THRU DEC,TEXAS,"1,700"
2019,OCT THRU DEC,UTAH,90
2019,OCT THRU DEC,VERMONT,270
2019,OCT THRU DEC,VIRGINIA,190
2019,OCT THRU DEC,WASHINGTON,100
2019,OCT THRU DEC,WEST VIRGINIA,"1,600"
2019,OCT THRU DEC,WISCONSIN,"3,000"
2019,OCT THRU DEC,WYOMING,490
2018,APR THRU JUN,ALABAMA,710
2018,APR THRU JUN,ARIZONA,"2,100"
2018,APR THRU JUN,ARKANSAS,"1,900"
2018,APR THRU JUN,CALIFORNIA,"255,000"
2018,APR THRU JUN,COLORADO,"4,700"
2018,APR THRU JUN,CONNECTICUT,170
2018,APR THRU JUN,FLORIDA,"68,000"
2018,APR THRU JUN,GEORGIA,"16,000"
2018,APR THRU JUN,HAWAII,"3,100"
2018,APR THRU JUN,IDAHO,"29,000"
2018,APR THRU JUN,ILLINOIS,"2,900"
2018,APR THRU JUN,INDIANA,730
2018,APR THRU JUN,IOWA,"4,800"
2018,APR THRU JUN,KANSAS,"2,100"
2018,APR THRU JUN,KENTUCKY,560
2018,APR THRU JUN,LOUISIANA,"4,000"
2018,APR THRU JUN,MAINE,790
2018,APR THRU JUN,MARYLAND,"1,200"
2018,APR THRU JUN,MASSACHUSETTS,350
2018,APR THRU JUN,MICHIGAN,"8,500"
2018,APR THRU JUN,MINNESOTA,"25,000"
2018,APR THRU JUN,MISSISSIPPI,"7,000"
2018,APR THRU JUN,MISSOURI,800
2018,APR THRU JUN,MONTANA,"22,000"
2018,APR THRU JUN,NEBRASKA,900
2018,APR THRU JUN,NEW JERSEY,170
2018,APR THRU JUN,NEW MEXICO,450
2018,APR THRU JUN,NEW YORK,"2,400"
2018,APR THRU JUN,NORTH CAROLINA,800
2018,APR THRU JUN,NORTH DAKOTA,"64,000"
2018,APR THRU JUN,OHIO,"2,100"
2018,APR THRU JUN,OKLAHOMA,"6,500"
2018,APR THRU JUN,OREGON,"24,000"
2018,APR THRU JUN,OTHER STATES,"1,030"
2018,APR THRU JUN,PENNSYLVANIA,"1,600"
2018,APR THRU JUN,SOUTH CAROLINA,"4,000"
2018,APR THRU JUN,SOUTH DAKOTA,"65,000"
2018,APR THRU JUN,TENNESSEE,"1,300"
2018,APR THRU JUN,TEXAS,"71,000"
2018,APR THRU JUN,UTAH,"4,100"
2018,APR THRU JUN,VERMONT,140
2018,APR THRU JUN,VIRGINIA,700
2018,APR THRU JUN,WASHINGTON,"19,000"
2018,APR THRU JUN,WEST VIRGINIA,550
2018,APR THRU JUN,WISCONSIN,"7,000"
2018,APR THRU JUN,WYOMING,"2,200"
2018,JAN THRU MAR,ALABAMA,"1,500"
2018,JAN THRU MAR,ARIZONA,230
2018,JAN THRU MAR,ARKANSAS,810
2018,JAN THRU MAR,CALIFORNIA,"133,000"
2018,JAN THRU MAR,COLORADO,190
2018,JAN THRU MAR,CONNECTICUT,330
2018,JAN THRU MAR,FLORIDA,"38,000"
2018,JAN THRU MAR,GEORGIA,"39,000"
2018,JAN THRU MAR,HAWAII,"5,000"
2018,JAN THRU MAR,IDAHO,"2,600"
2018,JAN THRU MAR,ILLINOIS,630
2018,JAN THRU MAR,INDIANA,30
2018,JAN THRU MAR,IOWA,110
2018,JAN THRU MAR,KANSAS,410
2018,JAN THRU MAR,KENTUCKY,20
2018,JAN THRU MAR,LOUISIANA,320
2018,JAN THRU MAR,MAINE,30
2018,JAN THRU MAR,MARYLAND,190
2018,JAN THRU MAR,MASSACHUSETTS,290
2018,JAN THRU MAR,MICHIGAN,"3,900"
2018,JAN THRU MAR,MINNESOTA,"2,900"
2018,JAN THRU MAR,MISSISSIPPI,"5,500"
2018,JAN THRU MAR,MISSOURI,50
2018,JAN THRU MAR,MONTANA,0
2018,JAN THRU MAR,NEBRASKA,0
2018,JAN THRU MAR,NEW JERSEY,190
2018,JAN THRU MAR,NEW MEXICO,0
2018,JAN THRU MAR,NEW YORK,170
2018,JAN THRU MAR,NORTH CAROLINA,260
2018,JAN THRU MAR,NORTH DAKOTA,10
2018,JAN THRU MAR,OHIO,580
2018,JAN THRU MAR,OKLAHOMA,240
2018,JAN THRU MAR,OREGON,"3,900"
2018,JAN THRU MAR,OTHER STATES,40
2018,JAN THRU MAR,PENNSYLVANIA,670
2018,JAN THRU MAR,SOUTH CAROLINA,"2,800"
2018,JAN THRU MAR,SOUTH DAKOTA,90
2018,JAN THRU MAR,TENNESSEE,470
2018,JAN THRU MAR,TEXAS,"42,000"
2018,JAN THRU MAR,UTAH,50
2018,JAN THRU MAR,VERMONT,0
2018,JAN THRU MAR,VIRGINIA,160
2018,JAN THRU MAR,WASHINGTON,870
2018,JAN THRU MAR,WEST VIRGINIA,60
2018,JAN THRU MAR,WISCONSIN,"1,600"
2018,JAN THRU MAR,WYOMING,0
2018,JUL THRU SEP,ALABAMA,"1,300"
2018,JUL THRU SEP,ARIZONA,"3,100"
2018,JUL THRU SEP,ARKANSAS,840
2018,JUL THRU SEP,CALIFORNIA,"141,000"
2018,JUL THRU SEP,COLORADO,"5,000"
2018,JUL THRU SEP,CONNECTICUT,310
2018,JUL THRU SEP,FLORIDA,"40,000"
2018,JUL THRU SEP,GEORGIA,"33,000"
2018,JUL THRU SEP,HAWAII,"3,000"
2018,JUL THRU SEP,IDAHO,"21,000"
2018,JUL THRU SEP,ILLINOIS,420
2018,JUL THRU SEP,INDIANA,"1,200"
2018,JUL THRU SEP,IOWA,990
2018,JUL THRU SEP,KANSAS,180
2018,JUL THRU SEP,KENTUCKY,660
2018,JUL THRU SEP,LOUISIANA,"2,300"
2018,JUL THRU SEP,MAINE,170
2018,JUL THRU SEP,MARYLAND,680
2018,JUL THRU SEP,MASSACHUSETTS,730
2018,JUL THRU SEP,MICHIGAN,"22,000"
2018,JUL THRU SEP,MINNESOTA,"6,500"
2018,JUL THRU SEP,MISSISSIPPI,650
2018,JUL THRU SEP,MISSOURI,410
2018,JUL THRU SEP,MONTANA,"22,000"
2018,JUL THRU SEP,NEBRASKA,"5,000"
2018,JUL THRU SEP,NEW JERSEY,220
2018,JUL THRU SEP,NEW MEXICO,"1,000"
2018,JUL THRU SEP,NEW YORK,"3,700"
2018,JUL THRU SEP,NORTH CAROLINA,"2,000"
2018,JUL THRU SEP,NORTH DAKOTA,"14,500"
2018,JUL THRU SEP,OHIO,"2,100"
2018,JUL THRU SEP,OKLAHOMA,10
2018,JUL THRU SEP,OREGON,"49,000"
2018,JUL THRU SEP,OTHER STATES,440
2018,JUL THRU SEP,PENNSYLVANIA,"2,300"
2018,JUL THRU SEP,SOUTH CAROLINA,"1,100"
2018,JUL THRU SEP,SOUTH DAKOTA,"6,500"
2018,JUL THRU SEP,TENNESSEE,"1,000"
2018,JUL THRU SEP,TEXAS,"9,500"
2018,JUL THRU SEP,UTAH,"1,400"
2018,JUL THRU SEP,VERMONT,80
2018,JUL THRU SEP,VIRGINIA,990
2018,JUL THRU SEP,WASHINGTON,"3,600"
2018,JUL THRU SEP,WEST VIRGINIA,"1,200"
2018,JUL THRU SEP,WISCONSIN,"3,800"
2018,JUL THRU SEP,WYOMING,"3,900"
2018,OCT THRU DEC,ALABAMA,"1,300"
2018,OCT THRU DEC,ARIZONA,330
2018,OCT THRU DEC,ARKANSAS,230
2018,OCT THRU DEC,CALIFORNIA,"46,000"
2018,OCT THRU DEC,COLORADO,10
2018,OCT THRU DEC,CONNECTICUT,60
2018,OCT THRU DEC,FLORIDA,"20,000"
2018,OCT THRU DEC,GEORGIA,"49,000"
2018,OCT THRU DEC,HAWAII,"6,000"
2018,OCT THRU DEC,IDAHO,910
2018,OCT THRU DEC,ILLINOIS,350
2018,OCT THRU DEC,INDIANA,"1,200"
2018,OCT THRU DEC,IOWA,80
2018,OCT THRU DEC,KANSAS,10
2018,OCT THRU DEC,KENTUCKY,430
2018,OCT THRU DEC,LOUISIANA,200
2018,OCT THRU DEC,MAINE,880
2018,OCT THRU DEC,MARYLAND,90
2018,OCT THRU DEC,MASSACHUSETTS,320
2018,OCT THRU DEC,MICHIGAN,"1,800"
2018,OCT THRU DEC,MINNESOTA,590
2018,OCT THRU DEC,MISSISSIPPI,50
2018,OCT THRU DEC,MISSOURI,150
2018,OCT THRU DEC,MONTANA,500
2018,OCT THRU DEC,NEBRASKA,840
2018,OCT THRU DEC,NEW JERSEY,80
2018,OCT THRU DEC,NEW MEXICO,0
2018,OCT THRU DEC,NEW YORK,"1,500"
2018,OCT THRU DEC,NORTH CAROLINA,300
2018,OCT THRU DEC,NORTH DAKOTA,"1,500"
2018,OCT THRU DEC,OHIO,450
2018,OCT THRU DEC,OKLAHOMA,20
2018,OCT THRU DEC,OREGON,"12,000"
2018,OCT THRU DEC,OTHER STATES,500
2018,OCT THRU DEC,PENNSYLVANIA,"1,500"
2018,OCT THRU DEC,SOUTH CAROLINA,790
2018,OCT THRU DEC,SOUTH DAKOTA,430
2018,OCT THRU DEC,TENNESSEE,370
2018,OCT THRU DEC,TEXAS,70
2018,OCT THRU DEC,UTAH,400
2018,OCT THRU DEC,VERMONT,20
2018,OCT THRU DEC,VIRGINIA,"1,300"
2018,OCT THRU DEC,WASHINGTON,"1,400"
2018,OCT THRU DEC,WEST VIRGINIA,70
2018,OCT THRU DEC,WISCONSIN,530
2018,OCT THRU DEC,WYOMING,0
2017,APR THRU JUN,ALABAMA,500
2017,APR THRU JUN,ARIZONA,"3,000"
2017,APR THRU JUN,ARKANSAS,"1,300"
2017,APR THRU JUN,CALIFORNIA,"220,000"
2017,APR THRU JUN,COLORADO,"7,500"
2017,APR THRU JUN,CONNECTICUT,350
2017,APR THRU JUN,FLORIDA,"50,000"
2017,APR THRU JUN,GEORGIA,"31,000"
2017,APR THRU JUN,HAWAII,920
2017,APR THRU JUN,IDAHO,"31,000"
2017,APR THRU JUN,ILLINOIS,"1,600"
2017,APR THRU JUN,INDIANA,510
2017,APR THRU JUN,IOWA,"3,900"
2017,APR THRU JUN,KANSAS,870
2017,APR THRU JUN,KENTUCKY,590
2017,APR THRU JUN,LOUISIANA,"8,000"
2017,APR THRU JUN,MAINE,"1,400"
2017,APR THRU JUN,MARYLAND,930
2017,APR THRU JUN,MASSACHUSETTS,490
2017,APR THRU JUN,MICHIGAN,"13,500"
2017,APR THRU JUN,MINNESOTA,"8,500"
2017,APR THRU JUN,MISSISSIPPI,"26,000"
2017,APR THRU JUN,MISSOURI,"1,000"
2017,APR THRU JUN,MONTANA,"18,000"
2017,APR THRU JUN,NEBRASKA,"27,000"
2017,APR THRU JUN,NEW JERSEY,660
2017,APR THRU JUN,NEW MEXICO,"3,900"
2017,APR THRU JUN,NEW YORK,"7,500"
2017,APR THRU JUN,NORTH CAROLINA,"2,700"
2017,APR THRU JUN,NORTH DAKOTA,"41,000"
2017,APR THRU JUN,OHIO,"2,500"
2017,APR THRU JUN,OKLAHOMA,"1,200"
2017,APR THRU JUN,OREGON,"22,000"
2017,APR THRU JUN,OTHER STATES,940
2017,APR THRU JUN,PENNSYLVANIA,"2,300"
2017,APR THRU JUN,SOUTH CAROLINA,"3,700"
2017,APR THRU JUN,SOUTH DAKOTA,"23,000"
2017,APR THRU JUN,TENNESSEE,"1,500"
2017,APR THRU JUN,TEXAS,"148,000"
2017,APR THRU JUN,UTAH,"10,000"
2017,APR THRU JUN,VERMONT,190
2017,APR THRU JUN,VIRGINIA,"1,100"
2017,APR THRU JUN,WASHINGTON,"20,000"
2017,APR THRU JUN,WEST VIRGINIA,"2,500"
2017,APR THRU JUN,WISCONSIN,"6,500"
2017,APR THRU JUN,WYOMING,"3,500"
2017,JAN THRU MAR,ALABAMA,740
2017,JAN THRU MAR,ARIZONA,0
2017,JAN THRU MAR,ARKANSAS,230
2017,JAN THRU MAR,CALIFORNIA,"93,000"
2017,JAN THRU MAR,COLORADO,0
2017,JAN THRU MAR,CONNECTICUT,110
2017,JAN THRU MAR,FLORIDA,"34,000"
2017,JAN THRU MAR,GEORGIA,"21,000"
2017,JAN THRU MAR,HAWAII,50
2017,JAN THRU MAR,IDAHO,280
2017,JAN THRU MAR,ILLINOIS,150
2017,JAN THRU MAR,INDIANA,70
2017,JAN THRU MAR,IOWA,0
2017,JAN THRU MAR,KANSAS,380
2017,JAN THRU MAR,KENTUCKY,430
2017,JAN THRU MAR,LOUISIANA,"1,900"
2017,JAN THRU MAR,MAINE,0
2017,JAN THRU MAR,MARYLAND,260
2017,JAN THRU MAR,MASSACHUSETTS,110
2017,JAN THRU MAR,MICHIGAN,130
2017,JAN THRU MAR,MINNESOTA,0
2017,JAN THRU MAR,MISSISSIPPI,"7,000"
2017,JAN THRU MAR,MISSOURI,10
2017,JAN THRU MAR,MONTANA,"6,000"
2017,JAN THRU MAR,NEBRASKA,0
2017,JAN THRU MAR,NEW JERSEY,0
2017,JAN THRU MAR,NEW MEXICO,0
2017,JAN THRU MAR,NEW YORK,0
2017,JAN THRU MAR,NORTH CAROLINA,"1,200"
2017,JAN THRU MAR,NORTH DAKOTA,10
2017,JAN THRU MAR,OHIO,530
2017,JAN THRU MAR,OKLAHOMA,"1,700"
2017,JAN THRU MAR,OREGON,"1,400"
2017,JAN THRU MAR,OTHER STATES,50
2017,JAN THRU MAR,PENNSYLVANIA,390
2017,JAN THRU MAR,SOUTH CAROLINA,970
2017,JAN THRU MAR,SOUTH DAKOTA,440
2017,JAN THRU MAR,TENNESSEE,160
2017,JAN THRU MAR,TEXAS,"68,000"
2017,JAN THRU MAR,UTAH,60
2017,JAN THRU MAR,VERMONT,0
2017,JAN THRU MAR,VIRGINIA,280
2017,JAN THRU MAR,WASHINGTON,0
2017,JAN THRU MAR,WEST VIRGINIA,100
2017,JAN THRU MAR,WISCONSIN,70
2017,JAN THRU MAR,WYOMING,0
2017,JUL THRU SEP,ALABAMA,530
2017,JUL THRU SEP,ARIZONA,"3,200"
2017,JUL THRU SEP,ARKANSAS,410
2017,JUL THRU SEP,CALIFORNIA,"74,000"
2017,JUL THRU SEP,COLORADO,"6,410"
2017,JUL THRU SEP,CONNECTICUT,20
2017,JUL THRU SEP,FLORIDA,"42,000"
2017,JUL THRU SEP,GEORGIA,"23,000"
2017,JUL THRU SEP,HAWAII,20
2017,JUL THRU SEP,IDAHO,"16,500"
2017,JUL THRU SEP,ILLINOIS,"1,200"
2017,JUL THRU SEP,INDIANA,740
2017,JUL THRU SEP,IOWA,"4,000"
2017,JUL THRU SEP,KANSAS,"1,000"
2017,JUL THRU SEP,KENTUCKY,700
2017,JUL THRU SEP,LOUISIANA,"34,000"
2017,JUL THRU SEP,MAINE,290
2017,JUL THRU SEP,MARYLAND,600
2017,JUL THRU SEP,MASSACHUSETTS,460
2017,JUL THRU SEP,MICHIGAN,"11,500"
2017,JUL THRU SEP,MINNESOTA,"2,200"
2017,JUL THRU SEP,MISSISSIPPI,230
2017,JUL THRU SEP,MISSOURI,310
2017,JUL THRU SEP,MONTANA,"23,000"
2017,JUL THRU SEP,NEBRASKA,"13,500"
2017,JUL THRU SEP,NEW JERSEY,110
2017,JUL THRU SEP,NEW MEXICO,200
2017,JUL THRU SEP,NEW YORK,"9,000"
2017,JUL THRU SEP,NORTH CAROLINA,"2,900"
2017,JUL THRU SEP,NORTH DAKOTA,"100,000"
2017,JUL THRU SEP,OHIO,"1,800"
2017,JUL THRU SEP,OKLAHOMA,270
2017,JUL THRU SEP,OREGON,"28,000"
2017,JUL THRU SEP,OTHER STATES,650
2017,JUL THRU SEP,PENNSYLVANIA,"1,600"
2017,JUL THRU SEP,SOUTH CAROLINA,440
2017,JUL THRU SEP,SOUTH DAKOTA,"7,500"
2017,JUL THRU SEP,TENNESSEE,960
2017,JUL THRU SEP,TEXAS,"7,500"
2017,JUL THRU SEP,UTAH,"3,200"
2017,JUL THRU SEP,VERMONT,270
2017,JUL THRU SEP,VIRGINIA,430
2017,JUL THRU SEP,WASHINGTON,"10,500"
2017,JUL THRU SEP,WEST VIRGINIA,"1,900"
2017,JUL THRU SEP,WISCONSIN,"9,000"
2017,JUL THRU SEP,WYOMING,"3,500"
2017,OCT THRU DEC,ALABAMA,500
2017,OCT THRU DEC,ARIZONA,"1,100"
2017,OCT THRU DEC,ARKANSAS,440
2017,OCT THRU DEC,CALIFORNIA,"104,000"
2017,OCT THRU DEC,COLORADO,"4,000"
2017,OCT THRU DEC,CONNECTICUT,110
2017,OCT THRU DEC,FLORIDA,"36,000"
2017,OCT THRU DEC,GEORGIA,"2,200"
2017,OCT THRU DEC,HAWAII,290
2017,OCT THRU DEC,IDAHO,"5,000"
2017,OCT THRU DEC,ILLINOIS,460
2017,OCT THRU DEC,INDIANA,100
2017,OCT THRU DEC,IOWA,"3,400"
2017,OCT THRU DEC,KANSAS,40
2017,OCT THRU DEC,KENTUCKY,120
2017,OCT THRU DEC,LOUISIANA,"1,900"
2017,OCT THRU DEC,MAINE,110
2017,OCT THRU DEC,MARYLAND,410
2017,OCT THRU DEC,MASSACHUSETTS,550
2017,OCT THRU DEC,MICHIGAN,"1,900"
2017,OCT THRU DEC,MINNESOTA,450
2017,OCT THRU DEC,MISSISSIPPI,830
2017,OCT THRU DEC,MISSOURI,230
2017,OCT THRU DEC,MONTANA,"2,900"
2017,OCT THRU DEC,NEBRASKA,50
2017,OCT THRU DEC,NEW JERSEY,270
2017,OCT THRU DEC,NEW YORK,460
2017,OCT THRU DEC,NORTH CAROLINA,290
2017,OCT THRU DEC,NORTH DAKOTA,"2,900"
2017,OCT THRU DEC,OHIO,960
2017,OCT THRU DEC,OREGON,"18,500"
2017,OCT THRU DEC,OTHER STATES,240
2017,OCT THRU DEC,PENNSYLVANIA,"1,100"
2017,OCT THRU DEC,SOUTH CAROLINA,750
2017,OCT THRU DEC,TENNESSEE,320
2017,OCT THRU DEC,TEXAS,"1,900"
2017,OCT THRU DEC,UTAH,70
2017,OCT THRU DEC,VERMONT,10
2017,OCT THRU DEC,VIRGINIA,210
2017,OCT THRU DEC,WASHINGTON,"14,000"
2017,OCT THRU DEC,WEST VIRGINIA,"1,600"
2017,OCT THRU DEC,WISCONSIN,"3,000"
2017,OCT THRU DEC,WYOMING,320
2016,APR THRU JUN,ALABAMA,690
2016,APR THRU JUN,ARIZONA,"1,600"
2016,APR THRU JUN,ARKANSAS,"1,600"
2016,APR THRU JUN,CALIFORNIA,"185,000"
2016,APR THRU JUN,COLORADO,680
2016,APR THRU JUN,CONNECTICUT,60
2016,APR THRU JUN,FLORIDA,"21,000"
2016,APR THRU JUN,GEORGIA,"3,600"
2016,APR THRU JUN,HAWAII,0
2016,APR THRU JUN,IDAHO,"5,500"
2016,APR THRU JUN,ILLINOIS,380
2016,APR THRU JUN,INDIANA,900
2016,APR THRU JUN,IOWA,760
2016,APR THRU JUN,KANSAS,900
2016,APR THRU JUN,KENTUCKY,270
2016,APR THRU JUN,LOUISIANA,"9,500"
2016,APR THRU JUN,MAINE,560
2016,APR THRU JUN,MARYLAND,400
2016,APR THRU JUN,MASSACHUSETTS,440
2016,APR THRU JUN,MICHIGAN,"3,200"
2016,APR THRU JUN,MINNESOTA,"4,200"
2016,APR THRU JUN,MISSISSIPPI,"61,000"
2016,APR THRU JUN,MISSOURI,730
2016,APR THRU JUN,MONTANA,"13,500"
2016,APR THRU JUN,NEBRASKA,"28,000"
2016,APR THRU JUN,NEW JERSEY,110
2016,APR THRU JUN,NEW MEXICO,100
2016,APR THRU JUN,NEW YORK,"1,500"
2016,APR THRU JUN,NORTH CAROLINA,550
2016,APR THRU JUN,NORTH DAKOTA,"95,000"
2016,APR THRU JUN,OHIO,"1,100"
2016,APR THRU JUN,OKLAHOMA,"10,000"
2016,APR THRU JUN,OREGON,"16,000"
2016,APR THRU JUN,OTHER STATES,270
2016,APR THRU JUN,PENNSYLVANIA,"1,100"
2016,APR THRU JUN,SOUTH CAROLINA,410
2016,APR THRU JUN,SOUTH DAKOTA,"13,000"
2016,APR THRU JUN,TENNESSEE,200
2016,APR THRU JUN,TEXAS,"54,000"
2016,APR THRU JUN,UTAH,"7,000"
2016,APR THRU JUN,VERMONT,30
2016,APR THRU JUN,VIRGINIA,480
2016,APR THRU JUN,WASHINGTON,"11,500"
2016,APR THRU JUN,WEST VIRGINIA,160
2016,APR THRU JUN,WISCONSIN,"3,600"
2016,APR THRU JUN,WYOMING,580
2016,JAN THRU MAR,ALABAMA,90
2016,JAN THRU MAR,ARIZONA,150
2016,JAN THRU MAR,ARKANSAS,"1,100"
2016,JAN THRU MAR,CALIFORNIA,"139,000"
2016,JAN THRU MAR,COLORADO,10
2016,JAN THRU MAR,CONNECTICUT,10
2016,JAN THRU MAR,FLORIDA,"15,500"
2016,JAN THRU MAR,GEORGIA,"3,200"
2016,JAN THRU MAR,HAWAII,530
2016,JAN THRU MAR,IDAHO,"3,300"
2016,JAN THRU MAR,ILLINOIS,40
2016,JAN THRU MAR,INDIANA,0
2016,JAN THRU MAR,IOWA,0
2016,JAN THRU MAR,KANSAS,100
2016,JAN THRU MAR,KENTUCKY,40
2016,JAN THRU MAR,LOUISIANA,"2,600"
2016,JAN THRU MAR,MAINE,0
2016,JAN THRU MAR,MARYLAND,10
2016,JAN THRU MAR,MASSACHUSETTS,140
2016,JAN THRU MAR,MICHIGAN,80
2016,JAN THRU MAR,MINNESOTA,0
2016,JAN THRU MAR,MISSISSIPPI,"25,000"
2016,JAN THRU MAR,MISSOURI,420
2016,JAN THRU MAR,MONTANA,0
2016,JAN THRU MAR,NEBRASKA,0
2016,JAN THRU MAR,NEW JERSEY,20
2016,JAN THRU MAR,NEW MEXICO,30
2016,JAN THRU MAR,NEW YORK,600
2016,JAN THRU MAR,NORTH CAROLINA,230
2016,JAN THRU MAR,NORTH DAKOTA,0
2016,JAN THRU MAR,OHIO,50
2016,JAN THRU MAR,OKLAHOMA,570
2016,JAN THRU MAR,OREGON,"1,300"
2016,JAN THRU MAR,OTHER STATES,0
2016,JAN THRU MAR,PENNSYLVANIA,170
2016,JAN THRU MAR,SOUTH CAROLINA,380
2016,JAN THRU MAR,SOUTH DAKOTA,0
2016,JAN THRU MAR,TENNESSEE,70
2016,JAN THRU MAR,TEXAS,"49,000"
2016,JAN THRU MAR,UTAH,50
2016,JAN THRU MAR,VERMONT,0
2016,JAN THRU MAR,VIRGINIA,70
2016,JAN THRU MAR,WASHINGTON,"1,200"
2016,JAN THRU MAR,WEST VIRGINIA,0
2016,JAN THRU MAR,WISCONSIN,0
2016,JAN THRU MAR,WYOMING,0
2016,JUL THRU SEP,ALABAMA,50
2016,JUL THRU SEP,ARIZONA,"2,600"
2016,JUL THRU SEP,ARKANSAS,60
2016,JUL THRU SEP,CALIFORNIA,"78,000"
2016,JUL THRU SEP,COLORADO,740
2016,JUL THRU SEP,CONNECTICUT,180
2016,JUL THRU SEP,FLORIDA,"14,500"
2016,JUL THRU SEP,GEORGIA,"2,300"
2016,JUL THRU SEP,HAWAII,820
2016,JUL THRU SEP,IDAHO,"2,800"
2016,JUL THRU SEP,ILLINOIS,310
2016,JUL THRU SEP,INDIANA,550
2016,JUL THRU SEP,IOWA,"2,400"
2016,JUL THRU SEP,KANSAS,190
2016,JUL THRU SEP,KENTUCKY,230
2016,JUL THRU SEP,LOUISIANA,"2,100"
2016,JUL THRU SEP,MAINE,140
2016,JUL THRU SEP,MARYLAND,20
2016,JUL THRU SEP,MASSACHUSETTS,40
2016,JUL THRU SEP,MICHIGAN,"9,500"
2016,JUL THRU SEP,MINNESOTA,"1,900"
2016,JUL THRU SEP,MISSISSIPPI,740
2016,JUL THRU SEP,MISSOURI,170
2016,JUL THRU SEP,MONTANA,"6,500"
2016,JUL THRU SEP,NEBRASKA,"27,000"
2016,JUL THRU SEP,NEW JERSEY,80
2016,JUL THRU SEP,NEW MEXICO,"1,000"
2016,JUL THRU SEP,NEW YORK,800
2016,JUL THRU SEP,NORTH CAROLINA,"1,200"
2016,JUL THRU SEP,NORTH DAKOTA,"104,000"
2016,JUL THRU SEP,OHIO,630
2016,JUL THRU SEP,OKLAHOMA,30
2016,JUL THRU SEP,OREGON,"4,300"
2016,JUL THRU SEP,OTHER STATES,430
2016,JUL THRU SEP,PENNSYLVANIA,780
2016,JUL THRU SEP,SOUTH CAROLINA,50
2016,JUL THRU SEP,SOUTH DAKOTA,"9,500"
2016,JUL THRU SEP,TENNESSEE,290
2016,JUL THRU SEP,TEXAS,810
2016,JUL THRU SEP,UTAH,120
2016,JUL THRU SEP,VERMONT,50
2016,JUL THRU SEP,VIRGINIA,360
2016,JUL THRU SEP,WASHINGTON,"2,000"
2016,JUL THRU SEP,WEST VIRGINIA,220
2016,JUL THRU SEP,WISCONSIN,640
2016,JUL THRU SEP,WYOMING,"1,000"
2016,OCT THRU DEC,ALABAMA,10
2016,OCT THRU DEC,ARIZONA,"3,100"
2016,OCT THRU DEC,ARKANSAS,10
2016,OCT THRU DEC,CALIFORNIA,"35,000"
2016,OCT THRU DEC,COLORADO,0
2016,OCT THRU DEC,CONNECTICUT,0
2016,OCT THRU DEC,FLORIDA,"11,500"
2016,OCT THRU DEC,GEORGIA,450
2016,OCT THRU DEC,HAWAII,840
2016,OCT THRU DEC,IDAHO,420
2016,OCT THRU DEC,ILLINOIS,0
2016,OCT THRU DEC,INDIANA,0
2016,OCT THRU DEC,IOWA,20
2016,OCT THRU DEC,KANSAS,0
2016,OCT THRU DEC,KENTUCKY,80
2016,OCT THRU DEC,LOUISIANA,340
2016,OCT THRU DEC,MAINE,0
2016,OCT THRU DEC,MARYLAND,30
2016,OCT THRU DEC,MASSACHUSETTS,0
2016,OCT THRU DEC,MICHIGAN,130
2016,OCT THRU DEC,MINNESOTA,0
2016,OCT THRU DEC,MISSISSIPPI,60
2016,OCT THRU DEC,MISSOURI,640
2016,OCT THRU DEC,MONTANA,0
2016,OCT THRU DEC,NEBRASKA,0
2016,OCT THRU DEC,NEW JERSEY,0
2016,OCT THRU DEC,NEW MEXICO,20
2016,OCT THRU DEC,NEW YORK,130
2016,OCT THRU DEC,NORTH CAROLINA,50
2016,OCT THRU DEC,NORTH DAKOTA,"2,500"
2016,OCT THRU DEC,OHIO,140
2016,OCT THRU DEC,OKLAHOMA,30
2016,OCT THRU DEC,OREGON,"1,000"
2016,OCT THRU DEC,OTHER STATES,0
2016,OCT THRU DEC,PENNSYLVANIA,180
2016,OCT THRU DEC,SOUTH CAROLINA,370
2016,OCT THRU DEC,SOUTH DAKOTA,"2,400"
2016,OCT THRU DEC,TENNESSEE,10
2016,OCT THRU DEC,TEXAS,650
2016,OCT THRU DEC,UTAH,50
2016,OCT THRU DEC,VERMONT,10
2016,OCT THRU DEC,VIRGINIA,10
2016,OCT THRU DEC,WASHINGTON,130
2016,OCT THRU DEC,WEST VIRGINIA,60
2016,OCT THRU DEC,WISCONSIN,20
2016,OCT THRU DEC,WYOMING,0
2015,APR THRU JUN,ALABAMA,680
2015,APR THRU JUN,ARIZONA,"7,000"
2015,APR THRU JUN,ARKANSAS,"5,500"
2015,APR THRU JUN,CALIFORNIA,"285,000"
2015,APR THRU JUN,COLORADO,"3,500"
2015,APR THRU JUN,CONNECTICUT,150
2015,APR THRU JUN,FLORIDA,"24,000"
2015,APR THRU JUN,GEORGIA,"19,000"
2015,APR THRU JUN,HAWAII,"1,200"
2015,APR THRU JUN,IDAHO,"10,500"
2015,APR THRU JUN,ILLINOIS,"1,500"
2015,APR THRU JUN,INDIANA,"4,300"
2015,APR THRU JUN,IOWA,"3,100"
2015,APR THRU JUN,KANSAS,420
2015,APR THRU JUN,KENTUCKY,"1,500"
2015,APR THRU JUN,LOUISIANA,"8,000"
2015,APR THRU JUN,MAINE,700
2015,APR THRU JUN,MARYLAND,710
2015,APR THRU JUN,MASSACHUSETTS,510
2015,APR THRU JUN,MICHIGAN,"5,500"
2015,APR THRU JUN,MINNESOTA,"21,000"
2015,APR THRU JUN,MISSISSIPPI,"10,000"
2015,APR THRU JUN,MISSOURI,"1,800"
2015,APR THRU JUN,MONTANA,"33,000"
2015,APR THRU JUN,NEBRASKA,"4,600"
2015,APR THRU JUN,NEW JERSEY,"2,900"
2015,APR THRU JUN,NEW MEXICO,330
2015,APR THRU JUN,NEW YORK,"1,500"
2015,APR THRU JUN,NORTH CAROLINA,"3,300"
2015,APR THRU JUN,NORTH DAKOTA,"61,000"
2015,APR THRU JUN,OHIO,"6,000"
2015,APR THRU JUN,OKLAHOMA,"2,200"
2015,APR THRU JUN,OREGON,"9,500"
2015,APR THRU JUN,OTHER STATES,"1,960"
2015,APR THRU JUN,PENNSYLVANIA,"2,600"
2015,APR THRU JUN,SOUTH CAROLINA,"2,000"
2015,APR THRU JUN,SOUTH DAKOTA,"23,000"
2015,APR THRU JUN,TENNESSEE,920
2015,APR THRU JUN,TEXAS,"94,000"
2015,APR THRU JUN,UTAH,"3,900"
2015,APR THRU JUN,VERMONT,50
2015,APR THRU JUN,VIRGINIA,430
2015,APR THRU JUN,WASHINGTON,"13,000"
2015,APR THRU JUN,WEST VIRGINIA,590
2015,APR THRU JUN,WISCONSIN,"5,500"
2015,APR THRU JUN,WYOMING,"5,000"
2015,JAN THRU MAR,ALABAMA,250
2015,JAN THRU MAR,ARIZONA,"2,100"
2015,JAN THRU MAR,ARKANSAS,90
2015,JAN THRU MAR,CALIFORNIA,"124,000"
2015,JAN THRU MAR,COLORADO,140
2015,JAN THRU MAR,CONNECTICUT,0
2015,JAN THRU MAR,FLORIDA,"25,000"
2015,JAN THRU MAR,GEORGIA,"9,500"
2015,JAN THRU MAR,HAWAII,760
2015,JAN THRU MAR,IDAHO,"8,000"
2015,JAN THRU MAR,ILLINOIS,390
2015,JAN THRU MAR,INDIANA,120
2015,JAN THRU MAR,IOWA,270
2015,JAN THRU MAR,KANSAS,70
2015,JAN THRU MAR,KENTUCKY,0
2015,JAN THRU MAR,LOUISIANA,"6,500"
2015,JAN THRU MAR,MAINE,0
2015,JAN THRU MAR,MARYLAND,870
2015,JAN THRU MAR,MASSACHUSETTS,120
2015,JAN THRU MAR,MICHIGAN,"2,400"
2015,JAN THRU MAR,MINNESOTA,530
2015,JAN THRU MAR,MISSISSIPPI,"7,500"
2015,JAN THRU MAR,MISSOURI,910
2015,JAN THRU MAR,MONTANA,"1,100"
2015,JAN THRU MAR,NEBRASKA,310
2015,JAN THRU MAR,NEW JERSEY,"1,600"
2015,JAN THRU MAR,NEW MEXICO,600
2015,JAN THRU MAR,NEW YORK,950
2015,JAN THRU MAR,NORTH CAROLINA,690
2015,JAN THRU MAR,NORTH DAKOTA,530
2015,JAN THRU MAR,OHIO,"3,300"
2015,JAN THRU MAR,OKLAHOMA,260
2015,JAN THRU MAR,OREGON,"2,400"
2015,JAN THRU MAR,OTHER STATES,150
2015,JAN THRU MAR,PENNSYLVANIA,0
2015,JAN THRU MAR,SOUTH CAROLINA,"1,400"
2015,JAN THRU MAR,SOUTH DAKOTA,"2,800"
2015,JAN THRU MAR,TENNESSEE,190
2015,JAN THRU MAR,TEXAS,"51,000"
2015,JAN THRU MAR,UTAH,290
2015,JAN THRU MAR,VERMONT,20
2015,JAN THRU MAR,VIRGINIA,460
2015,JAN THRU MAR,WASHINGTON,"9,000"
2015,JAN THRU MAR,WEST VIRGINIA,60
2015,JAN THRU MAR,WISCONSIN,"2,500"
2015,JAN THRU MAR,WYOMING,"1,400"
2015,JUL THRU SEP,ALABAMA,260
2015,JUL THRU SEP,ARIZONA,"15,500"
2015,JUL THRU SEP,ARKANSAS,210
2015,JUL THRU SEP,CALIFORNIA,"93,000"
2015,JUL THRU SEP,COLORADO,"1,400"
2015,JUL THRU SEP,CONNECTICUT,440
2015,JUL THRU SEP,FLORIDA,"29,000"
2015,JUL THRU SEP,GEORGIA,"15,500"
2015,JUL THRU SEP,HAWAII,"5,500"
2015,JUL THRU SEP,IDAHO,"11,500"
2015,JUL THRU SEP,ILLINOIS,"1,100"
2015,JUL THRU SEP,INDIANA,420
2015,JUL THRU SEP,IOWA,680
2015,JUL THRU SEP,KANSAS,160
2015,JUL THRU SEP,KENTUCKY,550
2015,JUL THRU SEP,LOUISIANA,"1,800"
2015,JUL THRU SEP,MAINE,140
2015,JUL THRU SEP,MARYLAND,70
2015,JUL THRU SEP,MASSACHUSETTS,400
2015,JUL THRU SEP,MICHIGAN,"3,800"
2015,JUL THRU SEP,MINNESOTA,"2,300"
2015,JUL THRU SEP,MISSISSIPPI,110
2015,JUL THRU SEP,MISSOURI,630
2015,JUL THRU SEP,MONTANA,"10,000"
2015,JUL THRU SEP,NEBRASKA,"6,000"
2015,JUL THRU SEP,NEW JERSEY,500
2015,JUL THRU SEP,NEW MEXICO,650
2015,JUL THRU SEP,NEW YORK,"7,000"
2015,JUL THRU SEP,NORTH CAROLINA,"1,100"
2015,JUL THRU SEP,NORTH DAKOTA,"22,000"
2015,JUL THRU SEP,OHIO,880
2015,JUL THRU SEP,OKLAHOMA,190
2015,JUL THRU SEP,OREGON,"21,000"
2015,JUL THRU SEP,OTHER STATES,700
2015,JUL THRU SEP,PENNSYLVANIA,"2,400"
2015,JUL THRU SEP,SOUTH CAROLINA,580
2015,JUL THRU SEP,SOUTH DAKOTA,"13,000"
2015,JUL THRU SEP,TENNESSEE,350
2015,JUL THRU SEP,TEXAS,"4,800"
2015,JUL THRU SEP,UTAH,"2,200"
2015,JUL THRU SEP,VERMONT,20
2015,JUL THRU SEP,VIRGINIA,220
2015,JUL THRU SEP,WASHINGTON,"20,000"
2015,JUL THRU SEP,WEST VIRGINIA,270
2015,JUL THRU SEP,WISCONSIN,"4,300"
2015,JUL THRU SEP,WYOMING,440
2015,OCT THRU DEC,ALABAMA,60
2015,OCT THRU DEC,ARIZONA,"16,000"
2015,OCT THRU DEC,ARKANSAS,0
2015,OCT THRU DEC,CALIFORNIA,"75,000"
2015,OCT THRU DEC,COLORADO,0
2015,OCT THRU DEC,CONNECTICUT,70
2015,OCT THRU DEC,FLORIDA,"28,000"
2015,OCT THRU DEC,GEORGIA,"1,900"
2015,OCT THRU DEC,HAWAII,760
2015,OCT THRU DEC,IDAHO,"5,500"
2015,OCT THRU DEC,ILLINOIS,30
2015,OCT THRU DEC,INDIANA,0
2015,OCT THRU DEC,IOWA,30
2015,OCT THRU DEC,KANSAS,20
2015,OCT THRU DEC,KENTUCKY,10
2015,OCT THRU DEC,LOUISIANA,"2,400"
2015,OCT THRU DEC,MAINE,20
2015,OCT THRU DEC,MARYLAND,0
2015,OCT THRU DEC,MASSACHUSETTS,30
2015,OCT THRU DEC,MICHIGAN,"1,600"
2015,OCT THRU DEC,MINNESOTA,40
2015,OCT THRU DEC,MISSISSIPPI,230
2015,OCT THRU DEC,MISSOURI,40
2015,OCT THRU DEC,MONTANA,80
2015,OCT THRU DEC,NEBRASKA,"5,500"
2015,OCT THRU DEC,NEW JERSEY,10
2015,OCT THRU DEC,NEW MEXICO,30
2015,OCT THRU DEC,NEW YORK,10
2015,OCT THRU DEC,NORTH CAROLINA,70
2015,OCT THRU DEC,NORTH DAKOTA,"9,000"
2015,OCT THRU DEC,OHIO,140
2015,OCT THRU DEC,OKLAHOMA,60
2015,OCT THRU DEC,OREGON,"1,400"
2015,OCT THRU DEC,OTHER STATES,50
2015,OCT THRU DEC,PENNSYLVANIA,"6,500"
2015,OCT THRU DEC,SOUTH CAROLINA,"1,000"
2015,OCT THRU DEC,SOUTH DAKOTA,0
2015,OCT THRU DEC,TENNESSEE,420
2015,OCT THRU DEC,TEXAS,"2,000"
2015,OCT THRU DEC,UTAH,100
2015,OCT THRU DEC,VERMONT,10
2015,OCT THRU DEC,VIRGINIA,350
2015,OCT THRU DEC,WASHINGTON,170
2015,OCT THRU DEC,WEST VIRGINIA,140
2015,OCT THRU DEC,WISCONSIN,10
2015,OCT THRU DEC,WYOMING,0