Year,Period,State,Colonies Inventory
2022,Q2,ALABAMA,"12,000"
2022,Q2,ARIZONA,"31,000"
2022,Q2,ARKANSAS,"19,000"
2022,Q2,CALIFORNIA,"980,000"
2022,Q2,COLORADO,"8,000"
2022,Q2,CONNECTICUT,"4,100"
2022,Q2,FLORIDA,"290,000"
2022,Q2,GEORGIA,"132,000"
2022,Q2,HAWAII,"22,000"
2022,Q2,IDAHO,"103,000"
2022,Q2,ILLINOIS,"9,000"
2022,Q2,INDIANA,"8,000"
2022,Q2,IOWA,"27,000"
2022,Q2,KANSAS,"4,600"
2022,Q2,KENTUCKY,"6,500"
2022,Q2,LOUISIANA,"43,000"
2022,Q2,MAINE,"7,000"
2022,Q2,MARYLAND,"7,500"
2022,Q2,MASSACHUSETTS,"5,500"
2022,Q2,MICHIGAN,"74,000"
2022,Q2,MINNESOTA,"102,000"
2022,Q2,MISSISSIPPI,"46,000"
2022,Q2,MISSOURI,"10,500"
2022,Q2,MONTANA,"38,000"
2022,Q2,NEBRASKA,"19,000"
2022,Q2,NEW JERSEY,"16,000"
2022,Q2,NEW MEXICO,"7,000"
2022,Q2,NEW YORK,"35,000"
2022,Q2,NORTH CAROLINA,"25,000"
2022,Q2,NORTH DAKOTA,"90,000"
2022,Q2,OHIO,"14,500"
2022,Q2,OKLAHOMA,"12,500"
2022,Q2,OREGON,"94,000"
2022,Q2,OTHER STATES,"4,390"
2022,Q2,PENNSYLVANIA,"23,000"
2022,Q2,SOUTH CAROLINA,"22,000"
2022,Q2,SOUTH DAKOTA,"13,500"
2022,Q2,TENNESSEE,"9,500"
2022,Q2,TEXAS,"345,000"
2022,Q2,UTAH,"23,000"
2022,Q2,VERMONT,"7,500"
2022,Q2,VIRGINIA,"9,000"
2022,Q2,WASHINGTON,"97,000"
2022,Q2,WEST VIRGINIA,"5,000"
2022,Q2,WISCONSIN,"52,000"
2022,Q2,WYOMING,"8,000"
2022,Q1,ALABAMA,"8,000"
2022,Q1,ARIZONA,"25,000"
2022,Q1,ARKANSAS,"18,500"
2022,Q1,CALIFORNIA,"1,020,000"
2022,Q1,COLORADO,"3,800"
2022,Q1,CONNECTICUT,"4,000"
2022,Q1,FLORIDA,"295,000"
2022,Q1,GEORGIA,"118,000"
2022,Q1,HAWAII,"21,000"
2022,Q1,IDAHO,"194,000"
2022,Q1,ILLINOIS,"11,500"
2022,Q1,INDIANA,"11,000"
2022,Q1,IOWA,"26,000"
2022,Q1,KANSAS,"5,000"
2022,Q1,KENTUCKY,"8,500"
2022,Q1,LOUISIANA,"35,000"
2022,Q1,MAINE,"3,100"
2022,Q1,MARYLAND,"6,500"
2022,Q1,MASSACHUSETTS,"6,000"
2022,Q1,MICHIGAN,"66,000"
2022,Q1,MINNESOTA,"95,000"
2022,Q1,MISSISSIPPI,"20,000"
2022,Q1,MISSOURI,"7,000"
2022,Q1,MONTANA,"45,000"
2022,Q1,NEBRASKA,"24,000"
2022,Q1,NEW JERSEY,"15,000"
2022,Q1,NEW MEXICO,"5,500"
2022,Q1,NEW YORK,"44,000"
2022,Q1,NORTH CAROLINA,"20,000"
2022,Q1,NORTH DAKOTA,"75,000"
2022,Q1,OHIO,"16,000"
2022,Q1,OKLAHOMA,"20,000"
2022,Q1,OREGON,"92,000"
2022,Q1,OTHER STATES,"6,870"
2022,Q1,PENNSYLVANIA,"23,000"
2022,Q1,SOUTH CAROLINA,"17,000"
2022,Q1,SOUTH DAKOTA,"21,000"
2022,Q1,TENNESSEE,"10,500"
2022,Q1,TEXAS,"270,000"
2022,Q1,UTAH,"28,000"
2022,Q1,VERMONT,"7,000"
2022,Q1,VIRGINIA,"7,500"
2022,Q1,WASHINGTON,"70,000"
2022,Q1,WEST VIRGINIA,"5,500"
2022,Q1,WISCONSIN,"39,000"
2022,Q1,WYOMING,"6,000"
2021,Q2,ALABAMA,"9,500"
2021,Q2,ARIZONA,"26,000"
2021,Q2,ARKANSAS,"12,500"
2021,Q2,CALIFORNIA,"1,090,000"
2021,Q2,COLORADO,"17,000"
2021,Q2,CONNECTICUT,"3,800"
2021,Q2,FLORIDA,"280,000"
2021,Q2,GEORGIA,"134,000"
2021,Q2,HAWAII,"21,000"
2021,Q2,IDAHO,"86,000"
2021,Q2,ILLINOIS,"12,500"
2021,Q2,INDIANA,"11,000"
2021,Q2,IOWA,"25,000"
2021,Q2,KANSAS,"7,500"
2021,Q2,KENTUCKY,"10,000"
2021,Q2,LOUISIANA,"29,000"
2021,Q2,MAINE,"2,200"
2021,Q2,MARYLAND,"6,500"
2021,Q2,MASSACHUSETTS,"3,700"
2021,Q2,MICHIGAN,"74,000"
2021,Q2,MINNESOTA,"69,000"
2021,Q2,MISSISSIPPI,"34,000"
2021,Q2,MISSOURI,"4,800"
2021,Q2,MONTANA,"38,000"
2021,Q2,NEBRASKA,"18,500"
2021,Q2,NEW JERSEY,"14,500"
2021,Q2,NEW MEXICO,"5,500"
2021,Q2,NEW YORK,"28,000"
2021,Q2,NORTH CAROLINA,"22,000"
2021,Q2,NORTH DAKOTA,"42,000"
2021,Q2,OHIO,"13,000"
2021,Q2,OKLAHOMA,"17,000"
2021,Q2,OREGON,"60,000"
2021,Q2,OTHER STATES,"6,020"
2021,Q2,PENNSYLVANIA,"20,000"
2021,Q2,SOUTH CAROLINA,"18,000"
2021,Q2,SOUTH DAKOTA,"16,500"
2021,Q2,TENNESSEE,"12,000"
2021,Q2,TEXAS,"365,000"
2021,Q2,UTAH,"20,000"
2021,Q2,VERMONT,"7,000"
2021,Q2,VIRGINIA,"8,000"
2021,Q2,WASHINGTON,"66,000"
2021,Q2,WEST VIRGINIA,"8,000"
2021,Q2,WISCONSIN,"42,000"
2021,Q2,WYOMING,"13,500"
2021,Q1,ALABAMA,"10,000"
2021,Q1,ARIZONA,"28,000"
2021,Q1,ARKANSAS,"21,000"
2021,Q1,CALIFORNIA,"1,180,000"
2021,Q1,COLORADO,"3,000"
2021,Q1,CONNECTICUT,"4,200"
2021,Q1,FLORIDA,"300,000"
2021,Q1,GEORGIA,"120,000"
2021,Q1,HAWAII,"19,500"
2021,Q1,IDAHO,"167,000"
2021,Q1,ILLINOIS,"11,500"
2021,Q1,INDIANA,"10,000"
2021,Q1,IOWA,"15,000"
2021,Q1,KANSAS,"5,000"
2021,Q1,KENTUCKY,"11,000"
2021,Q1,LOUISIANA,"51,000"
2021,Q1,MAINE,"2,900"
2021,Q1,MARYLAND,"7,000"
2021,Q1,MASSACHUSETTS,"5,000"
2021,Q1,MICHIGAN,"78,000"
2021,Q1,MINNESOTA,"61,000"
2021,Q1,MISSISSIPPI,"31,000"
2021,Q1,MISSOURI,"5,500"
2021,Q1,MONTANA,"40,000"
2021,Q1,NEBRASKA,"11,000"
2021,Q1,NEW JERSEY,"14,000"
2021,Q1,NEW MEXICO,"3,500"
2021,Q1,NEW YORK,"30,000"
2021,Q1,NORTH CAROLINA,"18,000"
2021,Q1,NORTH DAKOTA,"51,000"
2021,Q1,OHIO,"17,500"
2021,Q1,OKLAHOMA,"28,000"
2021,Q1,OREGON,"76,000"
2021,Q1,OTHER STATES,"6,640"
2021,Q1,PENNSYLVANIA,"23,000"
2021,Q1,SOUTH CAROLINA,"15,500"
2021,Q1,SOUTH DAKOTA,"28,000"
2021,Q1,TENNESSEE,"12,000"
2021,Q1,TEXAS,"240,000"
2021,Q1,UTAH,"17,500"
2021,Q1,VERMONT,"7,500"
2021,Q1,VIRGINIA,"7,500"
2021,Q1,WASHINGTON,"48,000"
2021,Q1,WEST VIRGINIA,"7,000"
2021,Q1,WISCONSIN,"42,000"
2021,Q1,WYOMING,"13,000"
2021,Q3,ALABAMA,"9,500"
2021,Q3,ARIZONA,"31,000"
2021,Q3,ARKANSAS,"20,000"
2021,Q3,CALIFORNIA,"650,000"
2021,Q3,COLORADO,"22,000"
2021,Q3,CONNECTICUT,"4,200"
2021,Q3,FLORIDA,"235,000"
2021,Q3,GEORGIA,"116,000"
2021,Q3,HAWAII,"21,000"
2021,Q3,IDAHO,"86,000"
2021,Q3,ILLINOIS,"14,500"
2021,Q3,INDIANA,"16,500"
2021,Q3,IOWA,"37,000"
2021,Q3,KANSAS,"9,000"
2021,Q3,KENTUCKY,"10,500"
2021,Q3,LOUISIANA,"29,000"
2021,Q3,MAINE,"10,000"
2021,Q3,MARYLAND,"6,000"
2021,Q3,MASSACHUSETTS,"13,000"
2021,Q3,MICHIGAN,"120,000"
2021,Q3,MINNESOTA,"106,000"
2021,Q3,MISSISSIPPI,"18,500"
2021,Q3,MISSOURI,"6,500"
2021,Q3,MONTANA,"103,000"
2021,Q3,NEBRASKA,"45,000"
2021,Q3,NEW JERSEY,"19,500"
2021,Q3,NEW MEXICO,"5,500"
2021,Q3,NEW YORK,"62,000"
2021,Q3,NORTH CAROLINA,"23,000"
2021,Q3,NORTH DAKOTA,"510,000"
2021,Q3,OHIO,"21,000"
2021,Q3,OKLAHOMA,"3,300"
2021,Q3,OREGON,"130,000"
2021,Q3,OTHER STATES,"8,890"
2021,Q3,PENNSYLVANIA,"25,000"
2021,Q3,SOUTH CAROLINA,"17,000"
2021,Q3,SOUTH DAKOTA,"230,000"
2021,Q3,TENNESSEE,"13,500"
2021,Q3,TEXAS,"138,000"
2021,Q3,UTAH,"37,000"
2021,Q3,VERMONT,"7,000"
2021,Q3,VIRGINIA,"10,500"
2021,Q3,WASHINGTON,"72,000"
2021,Q3,WEST VIRGINIA,"8,000"
2021,Q3,WISCONSIN,"66,000"
2021,Q3,WYOMING,"27,000"
2021,Q4,ALABAMA,"9,000"
2021,Q4,ARIZONA,"23,000"
2021,Q4,ARKANSAS,"18,000"
2021,Q4,CALIFORNIA,"640,000"
2021,Q4,COLORADO,"12,000"
2021,Q4,CONNECTICUT,"4,000"
2021,Q4,FLORIDA,"255,000"
2021,Q4,GEORGIA,"131,000"
2021,Q4,HAWAII,"20,000"
2021,Q4,IDAHO,"141,000"
2021,Q4,ILLINOIS,"12,500"
2021,Q4,INDIANA,"14,500"
2021,Q4,IOWA,"51,000"
2021,Q4,KANSAS,"8,000"
2021,Q4,KENTUCKY,"10,500"
2021,Q4,LOUISIANA,"30,000"
2021,Q4,MAINE,"5,500"
2021,Q4,MARYLAND,"5,500"
2021,Q4,MASSACHUSETTS,"10,500"
2021,Q4,MICHIGAN,"105,000"
2021,Q4,MINNESOTA,"100,000"
2021,Q4,MISSISSIPPI,"15,500"
2021,Q4,MISSOURI,"6,000"
2021,Q4,MONTANA,"92,000"
2021,Q4,NEBRASKA,"43,000"
2021,Q4,NEW JERSEY,"19,500"
2021,Q4,NEW MEXICO,"5,500"
2021,Q4,NEW YORK,"65,000"
2021,Q4,NORTH CAROLINA,"21,000"
2021,Q4,NORTH DAKOTA,"485,000"
2021,Q4,OHIO,"13,500"
2021,Q4,OKLAHOMA,"3,300"
2021,Q4,OREGON,"103,000"
2021,Q4,OTHER STATES,"8,990"
2021,Q4,PENNSYLVANIA,"26,000"
2021,Q4,SOUTH CAROLINA,"20,000"
2021,Q4,SOUTH DAKOTA,"190,000"
2021,Q4,TENNESSEE,"15,500"
2021,Q4,TEXAS,"146,000"
2021,Q4,UTAH,"37,000"
2021,Q4,VERMONT,"7,000"
2021,Q4,VIRGINIA,"8,500"
2021,Q4,WASHINGTON,"79,000"
2021,Q4,WEST VIRGINIA,"7,500"
2021,Q4,WISCONSIN,"47,000"
2021,Q4,WYOMING,"21,000"
2020,Q2,ALABAMA,"8,500"
2020,Q2,ARIZONA,"26,000"
2020,Q2,ARKANSAS,"17,000"
2020,Q2,CALIFORNIA,"1,200,000"
2020,Q2,COLORADO,"16,500"
2020,Q2,CONNECTICUT,"3,900"
2020,Q2,FLORIDA,"310,000"
2020,Q2,GEORGIA,"145,000"
2020,Q2,HAWAII,"15,500"
2020,Q2,IDAHO,"48,000"
2020,Q2,ILLINOIS,"12,000"
2020,Q2,INDIANA,"11,000"
2020,Q2,IOWA,"21,000"
2020,Q2,KANSAS,"7,500"
2020,Q2,KENTUCKY,"11,000"
2020,Q2,LOUISIANA,"53,000"
2020,Q2,MAINE,"1,600"
2020,Q2,MARYLAND,"7,000"
2020,Q2,MASSACHUSETTS,"4,400"
2020,Q2,MICHIGAN,"64,000"
2020,Q2,MINNESOTA,"59,000"
2020,Q2,MISSISSIPPI,"34,000"
2020,Q2,MISSOURI,"6,500"
2020,Q2,MONTANA,"48,000"
2020,Q2,NEBRASKA,"16,500"
2020,Q2,NEW JERSEY,"7,000"
2020,Q2,NEW MEXICO,"3,100"
2020,Q2,NEW YORK,"34,000"
2020,Q2,NORTH CAROLINA,"24,000"
2020,Q2,NORTH DAKOTA,"67,000"
2020,Q2,OHIO,"15,500"
2020,Q2,OKLAHOMA,"16,000"
2020,Q2,OREGON,"89,000"
2020,Q2,OTHER STATES,"6,500"
2020,Q2,PENNSYLVANIA,"24,000"
2020,Q2,SOUTH CAROLINA,"18,500"
2020,Q2,SOUTH DAKOTA,"9,500"
2020,Q2,TENNESSEE,"13,500"
2020,Q2,TEXAS,"360,000"
2020,Q2,UTAH,"21,000"
2020,Q2,VERMONT,"7,000"
2020,Q2,VIRGINIA,"7,500"
2020,Q2,WASHINGTON,"50,000"
2020,Q2,WEST VIRGINIA,"7,500"
2020,Q2,WISCONSIN,"27,000"
2020,Q2,WYOMING,"17,500"
2020,Q1,ALABAMA,"5,500"
2020,Q1,ARIZONA,"29,000"
2020,Q1,ARKANSAS,"16,500"
2020,Q1,CALIFORNIA,"1,350,000"
2020,Q1,COLORADO,"4,500"
2020,Q1,CONNECTICUT,"3,700"
2020,Q1,FLORIDA,"295,000"
2020,Q1,GEORGIA,"115,000"
2020,Q1,HAWAII,"16,000"
2020,Q1,IDAHO,"156,000"
2020,Q1,ILLINOIS,"11,500"
2020,Q1,INDIANA,"11,000"
2020,Q1,IOWA,"9,000"
2020,Q1,KANSAS,"4,500"
2020,Q1,KENTUCKY,"7,000"
2020,Q1,LOUISIANA,"44,000"
2020,Q1,MAINE,"1,300"
2020,Q1,MARYLAND,"7,000"
2020,Q1,MASSACHUSETTS,"3,800"
2020,Q1,MICHIGAN,"60,000"
2020,Q1,MINNESOTA,"21,000"
2020,Q1,MISSISSIPPI,"26,000"
2020,Q1,MISSOURI,"8,500"
2020,Q1,MONTANA,"18,000"
2020,Q1,NEBRASKA,"9,000"
2020,Q1,NEW JERSEY,"6,500"
2020,Q1,NEW MEXICO,"6,000"
2020,Q1,NEW YORK,"29,000"
2020,Q1,NORTH CAROLINA,"15,000"
2020,Q1,NORTH DAKOTA,"53,000"
2020,Q1,OHIO,"15,500"
2020,Q1,OKLAHOMA,"19,500"
2020,Q1,OREGON,"97,000"
2020,Q1,OTHER STATES,"7,800"
2020,Q1,PENNSYLVANIA,"18,500"
2020,Q1,SOUTH CAROLINA,"13,000"
2020,Q1,SOUTH DAKOTA,"20,000"
2020,Q1,TENNESSEE,"8,000"
2020,Q1,TEXAS,"235,000"
2020,Q1,UTAH,"12,000"
2020,Q1,VERMONT,"6,500"
2020,Q1,VIRGINIA,"6,000"
2020,Q1,WASHINGTON,"49,000"
2020,Q1,WEST VIRGINIA,"6,000"
2020,Q1,WISCONSIN,"16,000"
2020,Q1,WYOMING,"4,000"
2020,Q3,ALABAMA,"9,000"
2020,Q3,ARIZONA,"28,000"
2020,Q3,ARKANSAS,"19,000"
2020,Q3,CALIFORNIA,"640,000"
2020,Q3,COLORADO,"29,000"
2020,Q3,CONNECTICUT,"4,700"
2020,Q3,FLORIDA,"220,000"
2020,Q3,GEORGIA,"150,000"
2020,Q3,HAWAII,"18,500"
2020,Q3,IDAHO,"70,000"
2020,Q3,ILLINOIS,"14,000"
2020,Q3,INDIANA,"15,000"
2020,Q3,IOWA,"34,000"
2020,Q3,KANSAS,"7,000"
2020,Q3,KENTUCKY,"11,500"
2020,Q3,LOUISIANA,"48,000"
2020,Q3,MAINE,"9,500"
2020,Q3,MARYLAND,"7,500"
2020,Q3,MASSACHUSETTS,"11,000"
2020,Q3,MICHIGAN,"96,000"
2020,Q3,MINNESOTA,"114,000"
2020,Q3,MISSISSIPPI,"26,000"
2020,Q3,MISSOURI,"8,000"
2020,Q3,MONTANA,"138,000"
2020,Q3,NEBRASKA,"47,000"
2020,Q3,NEW JERSEY,"17,500"
2020,Q3,NEW MEXICO,"5,500"
2020,Q3,NEW YORK,"61,000"
2020,Q3,NORTH CAROLINA,"26,000"
2020,Q3,NORTH DAKOTA,"455,000"
2020,Q3,OHIO,"22,000"
2020,Q3,OKLAHOMA,"7,000"
2020,Q3,OREGON,"102,000"
2020,Q3,OTHER STATES,"10,630"
2020,Q3,PENNSYLVANIA,"27,000"
2020,Q3,SOUTH CAROLINA,"12,000"
2020,Q3,SOUTH DAKOTA,"230,000"
2020,Q3,TENNESSEE,"15,000"
2020,Q3,TEXAS,"167,000"
2020,Q3,UTAH,"24,000"
2020,Q3,VERMONT,"7,500"
2020,Q3,VIRGINIA,"8,500"
2020,Q3,WASHINGTON,"94,000"
2020,Q3,WEST VIRGINIA,"8,000"
2020,Q3,WISCONSIN,"68,000"
2020,Q3,WYOMING,"33,000"
2020,Q4,ALABAMA,"17,000"
2020,Q4,ARIZONA,"25,000"
2020,Q4,ARKANSAS,"22,000"
2020,Q4,CALIFORNIA,"700,000"
2020,Q4,COLORADO,"19,000"
2020,Q4,CONNECTICUT,"4,300"
2020,Q4,FLORIDA,"240,000"
2020,Q4,GEORGIA,"165,000"
2020,Q4,HAWAII,"22,000"
2020,Q4,IDAHO,"94,000"
2020,Q4,ILLINOIS,"13,000"
2020,Q4,INDIANA,"10,000"
2020,Q4,IOWA,"38,000"
2020,Q4,KANSAS,"6,000"
2020,Q4,KENTUCKY,"11,500"
2020,Q4,LOUISIANA,"46,000"
2020,Q4,MAINE,"9,000"
2020,Q4,MARYLAND,"6,000"
2020,Q4,MASSACHUSETTS,"10,000"
2020,Q4,MICHIGAN,"97,000"
2020,Q4,MINNESOTA,"99,000"
2020,Q4,MISSISSIPPI,"30,000"
2020,Q4,MISSOURI,"6,500"
2020,Q4,MONTANA,"81,000"
2020,Q4,NEBRASKA,"43,000"
2020,Q4,NEW JERSEY,"18,000"
2020,Q4,NEW MEXICO,"2,400"
2020,Q4,NEW YORK,"52,000"
2020,Q4,NORTH CAROLINA,"16,500"
2020,Q4,NORTH DAKOTA,"445,000"
2020,Q4,OHIO,"21,000"
2020,Q4,OKLAHOMA,"7,000"
2020,Q4,OREGON,"122,000"
2020,Q4,OTHER STATES,"10,640"
2020,Q4,PENNSYLVANIA,"23,000"
2020,Q4,SOUTH CAROLINA,"11,500"
2020,Q4,SOUTH DAKOTA,"197,000"
2020,Q4,TENNESSEE,"13,500"
2020,Q4,TEXAS,"144,000"
2020,Q4,UTAH,"29,000"
2020,Q4,VERMONT,"8,000"
2020,Q4,VIRGINIA,"8,000"
2020,Q4,WASHINGTON,"102,000"
2020,Q4,WEST VIRGINIA,"7,500"
2020,Q4,WISCONSIN,"60,000"
2020,Q4,WYOMING,"23,000"
2019,Q1,ALABAMA,"5,500"
2019,Q1,ARIZONA,"22,000"
2019,Q1,ARKANSAS,"28,000"
2019,Q1,CALIFORNIA,"1,140,000"
2019,Q1,COLORADO,"5,000"
2019,Q1,CONNECTICUT,"3,100"
2019,Q1,FLORIDA,"300,000"
2019,Q1,GEORGIA,"120,000"
2019,Q1,HAWAII,"16,500"
2019,Q1,IDAHO,"132,000"
2019,Q1,ILLINOIS,"9,000"
2019,Q1,INDIANA,"6,000"
2019,Q1,IOWA,"7,500"
2019,Q1,KANSAS,"4,500"
2019,Q1,KENTUCKY,"3,700"
2019,Q1,LOUISIANA,"49,000"
2019,Q1,MAINE,"7,000"
2019,Q1,MARYLAND,"8,000"
2019,Q1,MASSACHUSETTS,"3,800"
2019,Q1,MICHIGAN,"24,000"
2019,Q1,MINNESOTA,"17,000"
2019,Q1,MISSISSIPPI,"26,000"
2019,Q1,MISSOURI,"8,500"
2019,Q1,MONTANA,"37,000"
2019,Q1,NEBRASKA,"13,500"
2019,Q1,NEW JERSEY,"6,000"
2019,Q1,NEW MEXICO,"4,800"
2019,Q1,NEW YORK,"24,000"
2019,Q1,NORTH CAROLINA,"10,500"
2019,Q1,NORTH DAKOTA,"92,000"
2019,Q1,OHIO,"10,500"
2019,Q1,OKLAHOMA,"21,000"
2019,Q1,OREGON,"89,000"
2019,Q1,OTHER STATES,"6,070"
2019,Q1,PENNSYLVANIA,"15,000"
2019,Q1,SOUTH CAROLINA,"12,000"
2019,Q1,SOUTH DAKOTA,"18,500"
2019,Q1,TENNESSEE,"6,000"
2019,Q1,TEXAS,"260,000"
2019,Q1,UTAH,"8,500"
2019,Q1,VERMONT,"6,500"
2019,Q1,VIRGINIA,"5,500"
2019,Q1,WASHINGTON,"51,000"
2019,Q1,WEST VIRGINIA,"5,000"
2019,Q1,WISCONSIN,"16,500"
2019,Q1,WYOMING,"6,500"
2019,Q3,ALABAMA,"7,000"
2019,Q3,ARIZONA,"26,000"
2019,Q3,ARKANSAS,"20,000"
2019,Q3,CALIFORNIA,"650,000"
2019,Q3,COLORADO,"33,000"
2019,Q3,CONNECTICUT,"4,400"
2019,Q3,FLORIDA,"210,000"
2019,Q3,GEORGIA,"116,000"
2019,Q3,HAWAII,"17,000"
2019,Q3,IDAHO,"95,000"
2019,Q3,ILLINOIS,"13,500"
2019,Q3,INDIANA,"14,000"
2019,Q3,IOWA,"30,000"
2019,Q3,KANSAS,"7,500"
2019,Q3,KENTUCKY,"8,000"
2019,Q3,LOUISIANA,"42,000"
2019,Q3,MAINE,"11,500"
2019,Q3,MARYLAND,"7,500"
2019,Q3,MASSACHUSETTS,"13,500"
2019,Q3,MICHIGAN,"94,000"
2019,Q3,MINNESOTA,"126,000"
2019,Q3,MISSISSIPPI,"23,000"
2019,Q3,MISSOURI,"10,500"
2019,Q3,MONTANA,"147,000"
2019,Q3,NEBRASKA,"40,000"
2019,Q3,NEW JERSEY,"16,000"
2019,Q3,NEW MEXICO,"2,400"
2019,Q3,NEW YORK,"65,000"
2019,Q3,NORTH CAROLINA,"22,000"
2019,Q3,NORTH DAKOTA,"530,000"
2019,Q3,OHIO,"19,500"
2019,Q3,OKLAHOMA,"7,500"
2019,Q3,OREGON,"83,000"
2019,Q3,OTHER STATES,"13,660"
2019,Q3,PENNSYLVANIA,"19,000"
2019,Q3,SOUTH CAROLINA,"14,500"
2019,Q3,SOUTH DAKOTA,"255,000"
2019,Q3,TENNESSEE,"14,000"
2019,Q3,TEXAS,"126,000"
2019,Q3,UTAH,"24,000"
2019,Q3,VERMONT,"7,000"
2019,Q3,VIRGINIA,"9,000"
2019,Q3,WASHINGTON,"85,000"
2019,Q3,WEST VIRGINIA,"10,000"
2019,Q3,WISCONSIN,"63,000"
2019,Q3,WYOMING,"24,000"
2019,Q4,ALABAMA,"6,000"
2019,Q4,ARIZONA,"34,000"
2019,Q4,ARKANSAS,"19,000"
2019,Q4,CALIFORNIA,"700,000"
2019,Q4,COLORADO,"27,000"
2019,Q4,CONNECTICUT,"3,800"
2019,Q4,FLORIDA,"270,000"
2019,Q4,GEORGIA,"119,000"
2019,Q4,HAWAII,"17,000"
2019,Q4,IDAHO,"111,000"
2019,Q4,ILLINOIS,"13,000"
2019,Q4,INDIANA,"17,500"
2019,Q4,IOWA,"32,000"
2019,Q4,KANSAS,"4,800"
2019,Q4,KENTUCKY,"8,500"
2019,Q4,LOUISIANA,"41,000"
2019,Q4,MAINE,"11,500"
2019,Q4,MARYLAND,"6,500"
2019,Q4,MASSACHUSETTS,"5,000"
2019,Q4,MICHIGAN,"84,000"
2019,Q4,MINNESOTA,"97,000"
2019,Q4,MISSISSIPPI,"21,000"
2019,Q4,MISSOURI,"9,000"
2019,Q4,MONTANA,"71,000"
2019,Q4,NEBRASKA,"37,000"
2019,Q4,NEW JERSEY,"15,500"
2019,Q4,NEW MEXICO,"6,000"
2019,Q4,NEW YORK,"65,000"
2019,Q4,NORTH CAROLINA,"17,500"
2019,Q4,NORTH DAKOTA,"420,000"
2019,Q4,OHIO,"19,000"
2019,Q4,OKLAHOMA,"6,500"
2019,Q4,OREGON,"115,000"
2019,Q4,OTHER STATES,"11,010"
2019,Q4,PENNSYLVANIA,"21,000"
2019,Q4,SOUTH CAROLINA,"12,500"
2019,Q4,SOUTH DAKOTA,"189,000"
2019,Q4,TENNESSEE,"11,000"
2019,Q4,TEXAS,"129,000"
2019,Q4,UTAH,"30,000"
2019,Q4,VERMONT,"7,000"
2019,Q4,VIRGINIA,"8,000"
2019,Q4,WASHINGTON,"89,000"
2019,Q4,WEST VIRGINIA,"7,500"
2019,Q4,WISCONSIN,"46,000"
2019,Q4,WYOMING,"27,000"
2018,Q2,ALABAMA,"7,000"
2018,Q2,ARIZONA,"19,000"
2018,Q2,ARKANSAS,"14,500"
2018,Q2,CALIFORNIA,"1,130,000"
2018,Q2,COLORADO,"16,500"
2018,Q2,CONNECTICUT,"3,600"
2018,Q2,FLORIDA,"250,000"
2018,Q2,GEORGIA,"131,000"
2018,Q2,HAWAII,"16,500"
2018,Q2,IDAHO,"59,000"
2018,Q2,ILLINOIS,"10,000"
2018,Q2,INDIANA,"8,000"
2018,Q2,IOWA,"45,000"
2018,Q2,KANSAS,"3,900"
2018,Q2,KENTUCKY,"5,500"
2018,Q2,LOUISIANA,"48,000"
2018,Q2,MAINE,"2,200"
2018,Q2,MARYLAND,"7,000"
2018,Q2,MASSACHUSETTS,"3,500"
2018,Q2,MICHIGAN,"37,000"
2018,Q2,MINNESOTA,"69,000"
2018,Q2,MISSISSIPPI,"50,000"
2018,Q2,MISSOURI,"7,000"
2018,Q2,MONTANA,"50,000"
2018,Q2,NEBRASKA,"10,500"
2018,Q2,NEW JERSEY,"4,400"
2018,Q2,NEW MEXICO,"1,900"
2018,Q2,NEW YORK,"20,000"
2018,Q2,NORTH CAROLINA,"16,000"
2018,Q2,NORTH DAKOTA,"74,000"
2018,Q2,OHIO,"11,000"
2018,Q2,OKLAHOMA,"15,500"
2018,Q2,OREGON,"41,000"
2018,Q2,OTHER STATES,"4,380"
2018,Q2,PENNSYLVANIA,"15,500"
2018,Q2,SOUTH CAROLINA,"14,000"
2018,Q2,SOUTH DAKOTA,"10,000"
2018,Q2,TENNESSEE,"8,000"
2018,Q2,TEXAS,"305,000"
2018,Q2,UTAH,"14,500"
2018,Q2,VERMONT,"5,500"
2018,Q2,VIRGINIA,"5,000"
2018,Q2,WASHINGTON,"55,000"
2018,Q2,WEST VIRGINIA,"7,000"
2018,Q2,WISCONSIN,"26,000"
2018,Q2,WYOMING,"8,500"
2018,Q1,ALABAMA,"7,500"
2018,Q1,ARIZONA,"25,000"
2018,Q1,ARKANSAS,"22,000"
2018,Q1,CALIFORNIA,"1,150,000"
2018,Q1,COLORADO,"13,000"
2018,Q1,CONNECTICUT,"2,900"
2018,Q1,FLORIDA,"245,000"
2018,Q1,GEORGIA,"134,000"
2018,Q1,HAWAII,"17,000"
2018,Q1,IDAHO,"164,000"
2018,Q1,ILLINOIS,"10,500"
2018,Q1,INDIANA,"7,000"
2018,Q1,IOWA,"41,000"
2018,Q1,KANSAS,"3,700"
2018,Q1,KENTUCKY,"5,500"
2018,Q1,LOUISIANA,"50,000"
2018,Q1,MAINE,"1,900"
2018,Q1,MARYLAND,"8,000"
2018,Q1,MASSACHUSETTS,"3,700"
2018,Q1,MICHIGAN,"16,500"
2018,Q1,MINNESOTA,"39,000"
2018,Q1,MISSISSIPPI,"19,000"
2018,Q1,MISSOURI,"8,000"
2018,Q1,MONTANA,"35,000"
2018,Q1,NEBRASKA,"6,500"
2018,Q1,NEW JERSEY,"6,500"
2018,Q1,NEW MEXICO,"7,500"
2018,Q1,NEW YORK,"26,000"
2018,Q1,NORTH CAROLINA,"18,500"
2018,Q1,NORTH DAKOTA,"66,000"
2018,Q1,OHIO,"12,000"
2018,Q1,OKLAHOMA,"17,000"
2018,Q1,OREGON,"81,000"
2018,Q1,OTHER STATES,"3,820"
2018,Q1,PENNSYLVANIA,"14,500"
2018,Q1,SOUTH CAROLINA,"13,500"
2018,Q1,SOUTH DAKOTA,"23,000"
2018,Q1,TENNESSEE,"10,000"
2018,Q1,TEXAS,"205,000"
2018,Q1,UTAH,"7,500"
2018,Q1,VERMONT,"5,500"
2018,Q1,VIRGINIA,"7,000"
2018,Q1,WASHINGTON,"44,000"
2018,Q1,WEST VIRGINIA,"4,700"
2018,Q1,WISCONSIN,"21,000"
2018,Q1,WYOMING,"5,500"
2018,Q3,ALABAMA,"8,500"
2018,Q3,ARIZONA,"31,000"
2018,Q3,ARKANSAS,"29,000"
2018,Q3,CALIFORNIA,"590,000"
2018,Q3,COLORADO,"34,000"
2018,Q3,CONNECTICUT,"3,200"
2018,Q3,FLORIDA,"197,000"
2018,Q3,GEORGIA,"134,000"
2018,Q3,HAWAII,"16,500"
2018,Q3,IDAHO,"82,000"
2018,Q3,ILLINOIS,"11,000"
2018,Q3,INDIANA,"11,500"
2018,Q3,IOWA,"56,000"
2018,Q3,KANSAS,"6,000"
2018,Q3,KENTUCKY,"6,500"
2018,Q3,LOUISIANA,"53,000"
2018,Q3,MAINE,"12,500"
2018,Q3,MARYLAND,"7,500"
2018,Q3,MASSACHUSETTS,"8,000"
2018,Q3,MICHIGAN,"88,000"
2018,Q3,MINNESOTA,"121,000"
2018,Q3,MISSISSIPPI,"16,500"
2018,Q3,MISSOURI,"10,000"
2018,Q3,MONTANA,"145,000"
2018,Q3,NEBRASKA,"52,000"
2018,Q3,NEW JERSEY,"14,000"
2018,Q3,NEW MEXICO,"6,000"
2018,Q3,NEW YORK,"55,000"
2018,Q3,NORTH CAROLINA,"18,000"
2018,Q3,NORTH DAKOTA,"455,000"
2018,Q3,OHIO,"16,000"
2018,Q3,OKLAHOMA,"2,100"
2018,Q3,OREGON,"116,000"
2018,Q3,OTHER STATES,"6,490"
2018,Q3,PENNSYLVANIA,"20,000"
2018,Q3,SOUTH CAROLINA,"9,500"
2018,Q3,SOUTH DAKOTA,"168,000"
2018,Q3,TENNESSEE,"9,000"
2018,Q3,TEXAS,"112,000"
2018,Q3,UTAH,"30,000"
2018,Q3,VERMONT,"7,000"
2018,Q3,VIRGINIA,"7,500"
2018,Q3,WASHINGTON,"76,000"
2018,Q3,WEST VIRGINIA,"7,500"
2018,Q3,WISCONSIN,"61,000"
2018,Q3,WYOMING,"33,000"
2018,Q4,ALABAMA,"6,500"
2018,Q4,ARIZONA,"26,000"
2018,Q4,ARKANSAS,"30,000"
2018,Q4,CALIFORNIA,"680,000"
2018,Q4,COLORADO,"30,000"
2018,Q4,CONNECTICUT,"3,500"
2018,Q4,FLORIDA,"240,000"
2018,Q4,GEORGIA,"148,000"
2018,Q4,HAWAII,"16,000"
2018,Q4,IDAHO,"99,000"
2018,Q4,ILLINOIS,"12,000"
2018,Q4,INDIANA,"9,000"
2018,Q4,IOWA,"21,000"
2018,Q4,KANSAS,"5,500"
2018,Q4,KENTUCKY,"7,000"
2018,Q4,LOUISIANA,"50,000"
2018,Q4,MAINE,"12,000"
2018,Q4,MARYLAND,"7,000"
2018,Q4,MASSACHUSETTS,"4,900"
2018,Q4,MICHIGAN,"77,000"
2018,Q4,MINNESOTA,"84,000"
2018,Q4,MISSISSIPPI,"14,500"
2018,Q4,MISSOURI,"10,000"
2018,Q4,MONTANA,"98,000"
2018,Q4,NEBRASKA,"45,000"
2018,Q4,NEW JERSEY,"15,500"
2018,Q4,NEW MEXICO,"8,000"
2018,Q4,NEW YORK,"53,000"
2018,Q4,NORTH CAROLINA,"16,000"
2018,Q4,NORTH DAKOTA,"430,000"
2018,Q4,OHIO,"15,500"
2018,Q4,OKLAHOMA,"2,200"
2018,Q4,OREGON,"89,000"
2018,Q4,OTHER STATES,"8,370"
2018,Q4,PENNSYLVANIA,"21,000"
2018,Q4,SOUTH CAROLINA,"10,000"
2018,Q4,SOUTH DAKOTA,"140,000"
2018,Q4,TENNESSEE,"8,000"
2018,Q4,TEXAS,"116,000"
2018,Q4,UTAH,"27,000"
2018,Q4,VERMONT,"6,500"
2018,Q4,VIRGINIA,"7,000"
2018,Q4,WASHINGTON,"75,000"
2018,Q4,WEST VIRGINIA,"7,000"
2018,Q4,WISCONSIN,"48,000"
2018,Q4,WYOMING,"30,000"
2017,Q2,ALABAMA,"6,500"
2017,Q2,ARIZONA,"22,000"
2017,Q2,ARKANSAS,"17,000"
2017,Q2,CALIFORNIA,"980,000"
2017,Q2,COLORADO,"16,500"
2017,Q2,CONNECTICUT,"3,000"
2017,Q2,FLORIDA,"245,000"
2017,Q2,GEORGIA,"130,000"
2017,Q2,HAWAII,"12,000"
2017,Q2,IDAHO,"61,000"
2017,Q2,ILLINOIS,"11,500"
2017,Q2,INDIANA,"7,500"
2017,Q2,IOWA,"12,000"
2017,Q2,KANSAS,"3,800"
2017,Q2,KENTUCKY,"7,000"
2017,Q2,LOUISIANA,"56,000"
2017,Q2,MAINE,"2,200"
2017,Q2,MARYLAND,"8,000"
2017,Q2,MASSACHUSETTS,"2,500"
2017,Q2,MICHIGAN,"55,000"
2017,Q2,MINNESOTA,"32,000"
2017,Q2,MISSISSIPPI,"89,000"
2017,Q2,MISSOURI,"6,500"
2017,Q2,MONTANA,"47,000"
2017,Q2,NEBRASKA,"7,500"
2017,Q2,NEW JERSEY,"5,500"
2017,Q2,NEW MEXICO,"7,000"
2017,Q2,NEW YORK,"25,000"
2017,Q2,NORTH CAROLINA,"24,000"
2017,Q2,NORTH DAKOTA,"115,000"
2017,Q2,OHIO,"13,500"
2017,Q2,OKLAHOMA,"17,000"
2017,Q2,OREGON,"71,000"
2017,Q2,OTHER STATES,"5,650"
2017,Q2,PENNSYLVANIA,"15,500"
2017,Q2,SOUTH CAROLINA,"20,000"
2017,Q2,SOUTH DAKOTA,"30,000"
2017,Q2,TENNESSEE,"8,500"
2017,Q2,TEXAS,"345,000"
2017,Q2,UTAH,"21,000"
2017,Q2,VERMONT,"6,000"
2017,Q2,VIRGINIA,"8,500"
2017,Q2,WASHINGTON,"75,000"
2017,Q2,WEST VIRGINIA,"7,500"
2017,Q2,WISCONSIN,"18,000"
2017,Q2,WYOMING,"15,000"
2017,Q1,ALABAMA,"7,000"
2017,Q1,ARIZONA,"31,000"
2017,Q1,ARKANSAS,"18,000"
2017,Q1,CALIFORNIA,"1,170,000"
2017,Q1,COLORADO,"9,500"
2017,Q1,CONNECTICUT,"3,100"
2017,Q1,FLORIDA,"260,000"
2017,Q1,GEORGIA,"123,000"
2017,Q1,HAWAII,"13,000"
2017,Q1,IDAHO,"95,000"
2017,Q1,ILLINOIS,"11,000"
2017,Q1,INDIANA,"7,000"
2017,Q1,IOWA,"10,000"
2017,Q1,KANSAS,"3,800"
2017,Q1,KENTUCKY,"6,500"
2017,Q1,LOUISIANA,"44,000"
2017,Q1,MAINE,"2,700"
2017,Q1,MARYLAND,"9,000"
2017,Q1,MASSACHUSETTS,"3,300"
2017,Q1,MICHIGAN,"29,000"
2017,Q1,MINNESOTA,"27,000"
2017,Q1,MISSISSIPPI,"31,000"
2017,Q1,MISSOURI,"7,000"
2017,Q1,MONTANA,"18,500"
2017,Q1,NEBRASKA,"7,500"
2017,Q1,NEW JERSEY,"6,000"
2017,Q1,NEW MEXICO,"5,500"
2017,Q1,NEW YORK,"32,000"
2017,Q1,NORTH CAROLINA,"16,000"
2017,Q1,NORTH DAKOTA,"50,000"
2017,Q1,OHIO,"15,500"
2017,Q1,OKLAHOMA,"26,000"
2017,Q1,OREGON,"71,000"
2017,Q1,OTHER STATES,"6,190"
2017,Q1,PENNSYLVANIA,"17,000"
2017,Q1,SOUTH CAROLINA,"17,000"
2017,Q1,SOUTH DAKOTA,"21,000"
2017,Q1,TENNESSEE,"8,500"
2017,Q1,TEXAS,"275,000"
2017,Q1,UTAH,"16,000"
2017,Q1,VERMONT,"6,500"
2017,Q1,VIRGINIA,"8,000"
2017,Q1,WASHINGTON,"68,000"
2017,Q1,WEST VIRGINIA,"5,500"
2017,Q1,WISCONSIN,"17,000"
2017,Q1,WYOMING,"6,500"
2017,Q3,ALABAMA,"7,000"
2017,Q3,ARIZONA,"26,000"
2017,Q3,ARKANSAS,"29,000"
2017,Q3,CALIFORNIA,"590,000"
2017,Q3,COLORADO,"35,000"
2017,Q3,CONNECTICUT,"3,500"
2017,Q3,FLORIDA,"176,000"
2017,Q3,GEORGIA,"121,000"
2017,Q3,HAWAII,"15,000"
2017,Q3,IDAHO,"89,000"
2017,Q3,ILLINOIS,"13,000"
2017,Q3,INDIANA,"13,000"
2017,Q3,IOWA,"40,000"
2017,Q3,KANSAS,"7,000"
2017,Q3,KENTUCKY,"9,000"
2017,Q3,LOUISIANA,"64,000"
2017,Q3,MAINE,"5,500"
2017,Q3,MARYLAND,"8,500"
2017,Q3,MASSACHUSETTS,"9,000"
2017,Q3,MICHIGAN,"103,000"
2017,Q3,MINNESOTA,"136,000"
2017,Q3,MISSISSIPPI,"24,000"
2017,Q3,MISSOURI,"9,000"
2017,Q3,MONTANA,"154,000"
2017,Q3,NEBRASKA,"46,000"
2017,Q3,NEW JERSEY,"16,000"
2017,Q3,NEW MEXICO,"8,500"
2017,Q3,NEW YORK,"59,000"
2017,Q3,NORTH CAROLINA,"26,000"
2017,Q3,NORTH DAKOTA,"470,000"
2017,Q3,OHIO,"23,000"
2017,Q3,OKLAHOMA,"4,400"
2017,Q3,OREGON,"94,000"
2017,Q3,OTHER STATES,"8,100"
2017,Q3,PENNSYLVANIA,"18,500"
2017,Q3,SOUTH CAROLINA,"14,500"
2017,Q3,SOUTH DAKOTA,"152,000"
2017,Q3,TENNESSEE,"10,000"
2017,Q3,TEXAS,"104,000"
2017,Q3,UTAH,"35,000"
2017,Q3,VERMONT,"7,500"
2017,Q3,VIRGINIA,"11,500"
2017,Q3,WASHINGTON,"82,000"
2017,Q3,WEST VIRGINIA,"9,000"
2017,Q3,WISCONSIN,"74,000"
2017,Q3,WYOMING,"35,000"
2017,Q4,ALABAMA,"7,500"
2017,Q4,ARIZONA,"27,000"
2017,Q4,ARKANSAS,"25,000"
2017,Q4,CALIFORNIA,"680,000"
2017,Q4,COLORADO,"34,000"
2017,Q4,CONNECTICUT,"4,000"
2017,Q4,FLORIDA,"180,000"
2017,Q4,GEORGIA,"125,000"
2017,Q4,HAWAII,"15,000"
2017,Q4,IDAHO,"113,000"
2017,Q4,ILLINOIS,"13,500"
2017,Q4,INDIANA,"11,500"
2017,Q4,IOWA,"45,000"
2017,Q4,KANSAS,"6,500"
2017,Q4,KENTUCKY,"7,500"
2017,Q4,LOUISIANA,"58,000"
2017,Q4,MAINE,"5,500"
2017,Q4,MARYLAND,"8,000"
2017,Q4,MASSACHUSETTS,"6,000"
2017,Q4,MICHIGAN,"88,000"
2017,Q4,MINNESOTA,"98,000"
2017,Q4,MISSISSIPPI,"14,000"
2017,Q4,MISSOURI,"9,500"
2017,Q4,MONTANA,"115,000"
2017,Q4,NEBRASKA,"42,000"
2017,Q4,NEW JERSEY,"15,500"
2017,Q4,NEW MEXICO,"8,000"
2017,Q4,NEW YORK,"51,000"
2017,Q4,NORTH CAROLINA,"23,000"
2017,Q4,NORTH DAKOTA,"410,000"
2017,Q4,OHIO,"18,500"
2017,Q4,OKLAHOMA,"3,700"
2017,Q4,OREGON,"94,000"
2017,Q4,OTHER STATES,"6,070"
2017,Q4,PENNSYLVANIA,"24,000"
2017,Q4,SOUTH CAROLINA,"12,500"
2017,Q4,SOUTH DAKOTA,"111,000"
2017,Q4,TENNESSEE,"8,500"
2017,Q4,TEXAS,"127,000"
2017,Q4,UTAH,"29,000"
2017,Q4,VERMONT,"6,500"
2017,Q4,VIRGINIA,"9,500"
2017,Q4,WASHINGTON,"66,000"
2017,Q4,WEST VIRGINIA,"8,500"
2017,Q4,WISCONSIN,"51,000"
2017,Q4,WYOMING,"28,000"
2016,Q2,ALABAMA,"8,000"
2016,Q2,ARIZONA,"22,000"
2016,Q2,ARKANSAS,"24,000"
2016,Q2,CALIFORNIA,"1,110,000"
2016,Q2,COLORADO,"9,500"
2016,Q2,CONNECTICUT,"2,500"
2016,Q2,FLORIDA,"240,000"
2016,Q2,GEORGIA,"108,000"
2016,Q2,HAWAII,"13,500"
2016,Q2,IDAHO,"60,000"
2016,Q2,ILLINOIS,"9,000"
2016,Q2,INDIANA,"4,300"
2016,Q2,IOWA,"10,500"
2016,Q2,KANSAS,"4,700"
2016,Q2,KENTUCKY,"5,500"
2016,Q2,LOUISIANA,"52,000"
2016,Q2,MAINE,"3,600"
2016,Q2,MARYLAND,"8,000"
2016,Q2,MASSACHUSETTS,"4,200"
2016,Q2,MICHIGAN,"40,000"
2016,Q2,MINNESOTA,"27,000"
2016,Q2,MISSISSIPPI,"85,000"
2016,Q2,MISSOURI,"12,000"
2016,Q2,MONTANA,"62,000"
2016,Q2,NEBRASKA,"19,500"
2016,Q2,NEW JERSEY,"4,200"
2016,Q2,NEW MEXICO,"6,500"
2016,Q2,NEW YORK,"31,000"
2016,Q2,NORTH CAROLINA,"23,000"
2016,Q2,NORTH DAKOTA,"110,000"
2016,Q2,OHIO,"14,000"
2016,Q2,OKLAHOMA,"12,000"
2016,Q2,OREGON,"77,000"
2016,Q2,OTHER STATES,"7,970"
2016,Q2,PENNSYLVANIA,"11,000"
2016,Q2,SOUTH CAROLINA,"12,500"
2016,Q2,SOUTH DAKOTA,"51,000"
2016,Q2,TENNESSEE,"8,000"
2016,Q2,TEXAS,"340,000"
2016,Q2,UTAH,"14,500"
2016,Q2,VERMONT,"5,000"
2016,Q2,VIRGINIA,"6,000"
2016,Q2,WASHINGTON,"91,000"
2016,Q2,WEST VIRGINIA,"7,000"
2016,Q2,WISCONSIN,"18,500"
2016,Q2,WYOMING,"6,500"
2016,Q1,ALABAMA,"7,500"
2016,Q1,ARIZONA,"30,000"
2016,Q1,ARKANSAS,"27,000"
2016,Q1,CALIFORNIA,"1,130,000"
2016,Q1,COLORADO,"5,000"
2016,Q1,CONNECTICUT,"2,700"
2016,Q1,FLORIDA,"275,000"
2016,Q1,GEORGIA,"100,000"
2016,Q1,HAWAII,"15,000"
2016,Q1,IDAHO,"91,000"
2016,Q1,ILLINOIS,"8,500"
2016,Q1,INDIANA,"6,500"
2016,Q1,IOWA,"13,000"
2016,Q1,KANSAS,"5,000"
2016,Q1,KENTUCKY,"6,500"
2016,Q1,LOUISIANA,"54,000"
2016,Q1,MAINE,"2,200"
2016,Q1,MARYLAND,"7,500"
2016,Q1,MASSACHUSETTS,"3,000"
2016,Q1,MICHIGAN,"25,000"
2016,Q1,MINNESOTA,"36,000"
2016,Q1,MISSISSIPPI,"21,000"
2016,Q1,MISSOURI,"10,000"
2016,Q1,MONTANA,"16,500"
2016,Q1,NEBRASKA,"11,000"
2016,Q1,NEW JERSEY,"6,000"
2016,Q1,NEW MEXICO,"6,000"
2016,Q1,NEW YORK,"31,000"
2016,Q1,NORTH CAROLINA,"18,500"
2016,Q1,NORTH DAKOTA,"89,000"
2016,Q1,OHIO,"16,500"
2016,Q1,OKLAHOMA,"13,500"
2016,Q1,OREGON,"68,000"
2016,Q1,OTHER STATES,"7,340"
2016,Q1,PENNSYLVANIA,"12,500"
2016,Q1,SOUTH CAROLINA,"16,500"
2016,Q1,SOUTH DAKOTA,"47,000"
2016,Q1,TENNESSEE,"9,000"
2016,Q1,TEXAS,"240,000"
2016,Q1,UTAH,"12,000"
2016,Q1,VERMONT,"5,500"
2016,Q1,VIRGINIA,"6,500"
2016,Q1,WASHINGTON,"77,000"
2016,Q1,WEST VIRGINIA,"6,500"
2016,Q1,WISCONSIN,"20,000"
2016,Q1,WYOMING,"2,700"
2016,Q3,ALABAMA,"8,000"
2016,Q3,ARIZONA,"30,000"
2016,Q3,ARKANSAS,"32,000"
2016,Q3,CALIFORNIA,"740,000"
2016,Q3,COLORADO,"33,000"
2016,Q3,CONNECTICUT,"3,100"
2016,Q3,FLORIDA,"200,000"
2016,Q3,GEORGIA,"102,000"
2016,Q3,HAWAII,"13,500"
2016,Q3,IDAHO,"79,000"
2016,Q3,ILLINOIS,"11,000"
2016,Q3,INDIANA,"9,500"
2016,Q3,IOWA,"50,000"
2016,Q3,KANSAS,"8,000"
2016,Q3,KENTUCKY,"7,500"
2016,Q3,LOUISIANA,"51,000"
2016,Q3,MAINE,"5,500"
2016,Q3,MARYLAND,"7,000"
2016,Q3,MASSACHUSETTS,"9,500"
2016,Q3,MICHIGAN,"108,000"
2016,Q3,MINNESOTA,"132,000"
2016,Q3,MISSISSIPPI,"19,000"
2016,Q3,MISSOURI,"13,500"
2016,Q3,MONTANA,"147,000"
2016,Q3,NEBRASKA,"45,000"
2016,Q3,NEW JERSEY,"18,000"
2016,Q3,NEW MEXICO,"6,500"
2016,Q3,NEW YORK,"56,000"
2016,Q3,NORTH CAROLINA,"25,000"
2016,Q3,NORTH DAKOTA,"510,000"
2016,Q3,OHIO,"21,000"
2016,Q3,OKLAHOMA,"3,700"
2016,Q3,OREGON,"107,000"
2016,Q3,OTHER STATES,"11,880"
2016,Q3,PENNSYLVANIA,"19,000"
2016,Q3,SOUTH CAROLINA,"13,000"
2016,Q3,SOUTH DAKOTA,"178,000"
2016,Q3,TENNESSEE,"10,000"
2016,Q3,TEXAS,"129,000"
2016,Q3,UTAH,"27,000"
2016,Q3,VERMONT,"6,500"
2016,Q3,VIRGINIA,"8,000"
2016,Q3,WASHINGTON,"57,000"
2016,Q3,WEST VIRGINIA,"7,500"
2016,Q3,WISCONSIN,"71,000"
2016,Q3,WYOMING,"32,000"
2016,Q4,ALABAMA,"7,000"
2016,Q4,ARIZONA,"29,000"
2016,Q4,ARKANSAS,"28,000"
2016,Q4,CALIFORNIA,"770,000"
2016,Q4,COLORADO,"30,000"
2016,Q4,CONNECTICUT,"3,100"
2016,Q4,FLORIDA,"255,000"
2016,Q4,GEORGIA,"96,000"
2016,Q4,HAWAII,"13,500"
2016,Q4,IDAHO,"121,000"
2016,Q4,ILLINOIS,"9,000"
2016,Q4,INDIANA,"7,500"
2016,Q4,IOWA,"54,000"
2016,Q4,KANSAS,"5,000"
2016,Q4,KENTUCKY,"7,500"
2016,Q4,LOUISIANA,"48,000"
2016,Q4,MAINE,"3,500"
2016,Q4,MARYLAND,"7,500"
2016,Q4,MASSACHUSETTS,"8,000"
2016,Q4,MICHIGAN,"101,000"
2016,Q4,MINNESOTA,"113,000"
2016,Q4,MISSISSIPPI,"17,500"
2016,Q4,MISSOURI,"9,000"
2016,Q4,MONTANA,"124,000"
2016,Q4,NEBRASKA,"37,000"
2016,Q4,NEW JERSEY,"12,000"
2016,Q4,NEW MEXICO,"7,000"
2016,Q4,NEW YORK,"48,000"
2016,Q4,NORTH CAROLINA,"25,000"
2016,Q4,NORTH DAKOTA,"385,000"
2016,Q4,OHIO,"19,500"
2016,Q4,OKLAHOMA,"3,100"
2016,Q4,OREGON,"98,000"
2016,Q4,OTHER STATES,"6,360"
2016,Q4,PENNSYLVANIA,"21,000"
2016,Q4,SOUTH CAROLINA,"12,000"
2016,Q4,SOUTH DAKOTA,"146,000"
2016,Q4,TENNESSEE,"9,000"
2016,Q4,TEXAS,"136,000"
2016,Q4,UTAH,"30,000"
2016,Q4,VERMONT,"6,500"
2016,Q4,VIRGINIA,"7,000"
2016,Q4,WASHINGTON,"65,000"
2016,Q4,WEST VIRGINIA,"7,500"
2016,Q4,WISCONSIN,"59,000"
2016,Q4,WYOMING,"25,000"
2015,Q2,ALABAMA,"7,500"
2015,Q2,ARIZONA,"33,000"
2015,Q2,ARKANSAS,"13,500"
2015,Q2,CALIFORNIA,"1,040,000"
2015,Q2,COLORADO,"12,000"
2015,Q2,CONNECTICUT,"3,000"
2015,Q2,FLORIDA,"210,000"
2015,Q2,GEORGIA,"114,000"
2015,Q2,HAWAII,"13,500"
2015,Q2,IDAHO,"62,000"
2015,Q2,ILLINOIS,"9,500"
2015,Q2,INDIANA,"8,000"
2015,Q2,IOWA,"12,500"
2015,Q2,KANSAS,"6,000"
2015,Q2,KENTUCKY,"7,500"
2015,Q2,LOUISIANA,"44,000"
2015,Q2,MAINE,"4,600"
2015,Q2,MARYLAND,"8,000"
2015,Q2,MASSACHUSETTS,"4,100"
2015,Q2,MICHIGAN,"58,000"
2015,Q2,MINNESOTA,"71,000"
2015,Q2,MISSISSIPPI,"89,000"
2015,Q2,MISSOURI,"11,500"
2015,Q2,MONTANA,"36,000"
2015,Q2,NEBRASKA,"29,000"
2015,Q2,NEW JERSEY,"8,500"
2015,Q2,NEW MEXICO,"6,500"
2015,Q2,NEW YORK,"24,000"
2015,Q2,NORTH CAROLINA,"19,500"
2015,Q2,NORTH DAKOTA,"121,000"
2015,Q2,OHIO,"17,500"
2015,Q2,OKLAHOMA,"25,000"
2015,Q2,OREGON,"82,000"
2015,Q2,OTHER STATES,"8,600"
2015,Q2,PENNSYLVANIA,"15,500"
2015,Q2,SOUTH CAROLINA,"17,500"
2015,Q2,SOUTH DAKOTA,"100,000"
2015,Q2,TENNESSEE,"7,500"
2015,Q2,TEXAS,"305,000"
2015,Q2,UTAH,"24,000"
2015,Q2,VERMONT,"6,000"
2015,Q2,VIRGINIA,"7,500"
2015,Q2,WASHINGTON,"105,000"
2015,Q2,WEST VIRGINIA,"4,700"
2015,Q2,WISCONSIN,"25,000"
2015,Q2,WYOMING,"12,000"
2015,Q1,ALABAMA,"7,000"
2015,Q1,ARIZONA,"35,000"
2015,Q1,ARKANSAS,"13,000"
2015,Q1,CALIFORNIA,"1,440,000"
2015,Q1,COLORADO,"3,500"
2015,Q1,CONNECTICUT,"3,900"
2015,Q1,FLORIDA,"305,000"
2015,Q1,GEORGIA,"104,000"
2015,Q1,HAWAII,"10,500"
2015,Q1,IDAHO,"81,000"
2015,Q1,ILLINOIS,"6,000"
2015,Q1,INDIANA,"9,000"
2015,Q1,IOWA,"12,500"
2015,Q1,KANSAS,"4,600"
2015,Q1,KENTUCKY,"7,500"
2015,Q1,LOUISIANA,"51,000"
2015,Q1,MAINE,"3,100"
2015,Q1,MARYLAND,"7,500"
2015,Q1,MASSACHUSETTS,"2,900"
2015,Q1,MICHIGAN,"16,500"
2015,Q1,MINNESOTA,"28,000"
2015,Q1,MISSISSIPPI,"34,000"
2015,Q1,MISSOURI,"12,000"
2015,Q1,MONTANA,"8,500"
2015,Q1,NEBRASKA,"10,000"
2015,Q1,NEW JERSEY,"6,000"
2015,Q1,NEW MEXICO,"7,000"
2015,Q1,NEW YORK,"27,000"
2015,Q1,NORTH CAROLINA,"24,000"
2015,Q1,NORTH DAKOTA,"57,000"
2015,Q1,OHIO,"18,000"
2015,Q1,OKLAHOMA,"9,500"
2015,Q1,OREGON,"77,000"
2015,Q1,OTHER STATES,"3,410"
2015,Q1,PENNSYLVANIA,"14,000"
2015,Q1,SOUTH CAROLINA,"17,000"
2015,Q1,SOUTH DAKOTA,"50,000"
2015,Q1,TENNESSEE,"9,500"
2015,Q1,TEXAS,"191,000"
2015,Q1,UTAH,"6,000"
2015,Q1,VERMONT,"5,500"
2015,Q1,VIRGINIA,"8,000"
2015,Q1,WASHINGTON,"52,000"
2015,Q1,WEST VIRGINIA,"4,700"
2015,Q1,WISCONSIN,"16,500"
2015,Q1,WYOMING,"5,500"
2015,Q3,ALABAMA,"8,500"
2015,Q3,ARIZONA,"40,000"
2015,Q3,ARKANSAS,"23,000"
2015,Q3,CALIFORNIA,"730,000"
2015,Q3,COLORADO,"29,000"
2015,Q3,CONNECTICUT,"3,700"
2015,Q3,FLORIDA,"164,000"
2015,Q3,GEORGIA,"108,000"
2015,Q3,HAWAII,"14,500"
2015,Q3,IDAHO,"80,000"
2015,Q3,ILLINOIS,"14,000"
2015,Q3,INDIANA,"15,000"
2015,Q3,IOWA,"29,000"
2015,Q3,KANSAS,"9,000"
2015,Q3,KENTUCKY,"10,000"
2015,Q3,LOUISIANA,"50,000"
2015,Q3,MAINE,"6,000"
2015,Q3,MARYLAND,"7,000"
2015,Q3,MASSACHUSETTS,"7,500"
2015,Q3,MICHIGAN,"89,000"
2015,Q3,MINNESOTA,"133,000"
2015,Q3,MISSISSIPPI,"23,000"
2015,Q3,MISSOURI,"14,000"
2015,Q3,MONTANA,"140,000"
2015,Q3,NEBRASKA,"67,000"
2015,Q3,NEW JERSEY,"18,500"
2015,Q3,NEW MEXICO,"6,500"
2015,Q3,NEW YORK,"44,000"
2015,Q3,NORTH CAROLINA,"24,000"
2015,Q3,NORTH DAKOTA,"460,000"
2015,Q3,OHIO,"23,000"
2015,Q3,OKLAHOMA,"19,500"
2015,Q3,OREGON,"68,000"
2015,Q3,OTHER STATES,"12,180"
2015,Q3,PENNSYLVANIA,"25,000"
2015,Q3,SOUTH CAROLINA,"12,000"
2015,Q3,SOUTH DAKOTA,"295,000"
2015,Q3,TENNESSEE,"10,000"
2015,Q3,TEXAS,"76,000"
2015,Q3,UTAH,"31,000"
2015,Q3,VERMONT,"6,000"
2015,Q3,VIRGINIA,"8,000"
2015,Q3,WASHINGTON,"84,000"
2015,Q3,WEST VIRGINIA,"7,000"
2015,Q3,WISCONSIN,"60,000"
2015,Q3,WYOMING,"29,000"
2015,Q4,ALABAMA,"8,000"
2015,Q4,ARIZONA,"36,000"
2015,Q4,ARKANSAS,"23,000"
2015,Q4,CALIFORNIA,"750,000"
2015,Q4,COLORADO,"24,000"
2015,Q4,CONNECTICUT,"3,200"
2015,Q4,FLORIDA,"220,000"
2015,Q4,GEORGIA,"110,000"
2015,Q4,HAWAII,"13,000"
2015,Q4,IDAHO,"121,000"
2015,Q4,ILLINOIS,"14,000"
2015,Q4,INDIANA,"11,500"
2015,Q4,IOWA,"35,000"
2015,Q4,KANSAS,"8,500"
2015,Q4,KENTUCKY,"8,500"
2015,Q4,LOUISIANA,"55,000"
2015,Q4,MAINE,"4,700"
2015,Q4,MARYLAND,"7,500"
2015,Q4,MASSACHUSETTS,"4,500"
2015,Q4,MICHIGAN,"67,000"
2015,Q4,MINNESOTA,"104,000"
2015,Q4,MISSISSIPPI,"31,000"
2015,Q4,MISSOURI,"13,500"
2015,Q4,MONTANA,"116,000"
2015,Q4,NEBRASKA,"72,000"
2015,Q4,NEW JERSEY,"8,000"
2015,Q4,NEW MEXICO,"6,000"
2015,Q4,NEW YORK,"45,000"
2015,Q4,NORTH CAROLINA,"22,000"
2015,Q4,NORTH DAKOTA,"230,000"
2015,Q4,OHIO,"19,000"
2015,Q4,OKLAHOMA,"5,000"
2015,Q4,OREGON,"100,000"
2015,Q4,OTHER STATES,"11,360"
2015,Q4,PENNSYLVANIA,"22,000"
2015,Q4,SOUTH CAROLINA,"10,000"
2015,Q4,SOUTH DAKOTA,"194,000"
2015,Q4,TENNESSEE,"8,500"
2015,Q4,TEXAS,"125,000"
2015,Q4,UTAH,"28,000"
2015,Q4,VERMONT,"6,500"
2015,Q4,VIRGINIA,"7,500"
2015,Q4,WASHINGTON,"87,000"
2015,Q4,WEST VIRGINIA,"7,000"
2015,Q4,WISCONSIN,"48,000"
2015,Q4,WYOMING,"24,000"