Year,Period,State,"Colonies Loss, Deadout"
2022,APR THRU JUN,ALABAMA,"1,300"
2022,APR THRU JUN,ARIZONA,"3,100"
2022,APR THRU JUN,ARKANSAS,"2,800"
2022,APR THRU JUN,CALIFORNIA,"82,000"
2022,APR THRU JUN,COLORADO,"1,400"
2022,APR THRU JUN,CONNECTICUT,30
2022,APR THRU JUN,FLORIDA,"34,000"
2022,APR THRU JUN,GEORGIA,"25,000"
2022,APR THRU JUN,HAWAII,420
2022,APR THRU JUN,IDAHO,"14,500"
2022,APR THRU JUN,ILLINOIS,"1,100"
2022,APR THRU JUN,INDIANA,"1,600"
2022,APR THRU JUN,IOWA,"2,300"
2022,APR THRU JUN,KANSAS,650
2022,APR THRU JUN,KENTUCKY,610
2022,APR THRU JUN,LOUISIANA,"1,900"
2022,APR THRU JUN,MAINE,890
2022,APR THRU JUN,MARYLAND,390
2022,APR THRU JUN,MASSACHUSETTS,290
2022,APR THRU JUN,MICHIGAN,"3,200"
2022,APR THRU JUN,MINNESOTA,"1,500"
2022,APR THRU JUN,MISSISSIPPI,"4,000"
2022,APR THRU JUN,MISSOURI,"1,500"
2022,APR THRU JUN,MONTANA,970
2022,APR THRU JUN,NEBRASKA,"2,400"
2022,APR THRU JUN,NEW JERSEY,140
2022,APR THRU JUN,NEW MEXICO,"1,600"
2022,APR THRU JUN,NEW YORK,"2,000"
2022,APR THRU JUN,NORTH CAROLINA,"1,200"
2022,APR THRU JUN,NORTH DAKOTA,"16,500"
2022,APR THRU JUN,OHIO,400
2022,APR THRU JUN,OKLAHOMA,"1,100"
2022,APR THRU JUN,OREGON,"4,200"
2022,APR THRU JUN,OTHER STATES,120
2022,APR THRU JUN,PENNSYLVANIA,730
2022,APR THRU JUN,SOUTH CAROLINA,"2,500"
2022,APR THRU JUN,SOUTH DAKOTA,"4,100"
2022,APR THRU JUN,TENNESSEE,"4,400"
2022,APR THRU JUN,TEXAS,"41,000"
2022,APR THRU JUN,UTAH,"4,300"
2022,APR THRU JUN,VERMONT,150
2022,APR THRU JUN,VIRGINIA,580
2022,APR THRU JUN,WASHINGTON,"6,000"
2022,APR THRU JUN,WEST VIRGINIA,260
2022,APR THRU JUN,WISCONSIN,"1,600"
2022,APR THRU JUN,WYOMING,"1,900"
2022,JAN THRU MAR,ALABAMA,"1,100"
2022,JAN THRU MAR,ARIZONA,"2,300"
2022,JAN THRU MAR,ARKANSAS,"2,600"
2022,JAN THRU MAR,CALIFORNIA,"163,000"
2022,JAN THRU MAR,COLORADO,540
2022,JAN THRU MAR,CONNECTICUT,420
2022,JAN THRU MAR,FLORIDA,"24,000"
2022,JAN THRU MAR,GEORGIA,"14,000"
2022,JAN THRU MAR,HAWAII,"1,600"
2022,JAN THRU MAR,IDAHO,"8,000"
2022,JAN THRU MAR,ILLINOIS,"2,200"
2022,JAN THRU MAR,INDIANA,"2,900"
2022,JAN THRU MAR,IOWA,"2,800"
2022,JAN THRU MAR,KANSAS,520
2022,JAN THRU MAR,KENTUCKY,"1,300"
2022,JAN THRU MAR,LOUISIANA,"6,000"
2022,JAN THRU MAR,MAINE,340
2022,JAN THRU MAR,MARYLAND,"1,900"
2022,JAN THRU MAR,MASSACHUSETTS,950
2022,JAN THRU MAR,MICHIGAN,"4,500"
2022,JAN THRU MAR,MINNESOTA,"1,500"
2022,JAN THRU MAR,MISSISSIPPI,"3,300"
2022,JAN THRU MAR,MISSOURI,730
2022,JAN THRU MAR,MONTANA,300
2022,JAN THRU MAR,NEBRASKA,840
2022,JAN THRU MAR,NEW JERSEY,550
2022,JAN THRU MAR,NEW MEXICO,"1,900"
2022,JAN THRU MAR,NEW YORK,"5,500"
2022,JAN THRU MAR,NORTH CAROLINA,"2,300"
2022,JAN THRU MAR,NORTH DAKOTA,120
2022,JAN THRU MAR,OHIO,"1,800"
2022,JAN THRU MAR,OKLAHOMA,"3,000"
2022,JAN THRU MAR,OREGON,"5,000"
2022,JAN THRU MAR,OTHER STATES,710
2022,JAN THRU MAR,PENNSYLVANIA,"2,800"
2022,JAN THRU MAR,SOUTH CAROLINA,"2,500"
2022,JAN THRU MAR,SOUTH DAKOTA,"1,000"
2022,JAN THRU MAR,TENNESSEE,"2,300"
2022,JAN THRU MAR,TEXAS,"37,000"
2022,JAN THRU MAR,UTAH,"4,100"
2022,JAN THRU MAR,VERMONT,380
2022,JAN THRU MAR,VIRGINIA,"1,700"
2022,JAN THRU MAR,WASHINGTON,"7,500"
2022,JAN THRU MAR,WEST VIRGINIA,"1,000"
2022,JAN THRU MAR,WISCONSIN,"2,800"
2022,JAN THRU MAR,WYOMING,180
2021,APR THRU JUN,ALABAMA,"2,700"
2021,APR THRU JUN,ARIZONA,"4,300"
2021,APR THRU JUN,ARKANSAS,"1,600"
2021,APR THRU JUN,CALIFORNIA,"114,000"
2021,APR THRU JUN,COLORADO,"8,500"
2021,APR THRU JUN,CONNECTICUT,60
2021,APR THRU JUN,FLORIDA,"33,000"
2021,APR THRU JUN,GEORGIA,"21,000"
2021,APR THRU JUN,HAWAII,490
2021,APR THRU JUN,IDAHO,"19,500"
2021,APR THRU JUN,ILLINOIS,"1,100"
2021,APR THRU JUN,INDIANA,560
2021,APR THRU JUN,IOWA,"2,200"
2021,APR THRU JUN,KANSAS,"1,900"
2021,APR THRU JUN,KENTUCKY,270
2021,APR THRU JUN,LOUISIANA,"2,300"
2021,APR THRU JUN,MAINE,"1,100"
2021,APR THRU JUN,MARYLAND,320
2021,APR THRU JUN,MASSACHUSETTS,810
2021,APR THRU JUN,MICHIGAN,"3,500"
2021,APR THRU JUN,MINNESOTA,"5,500"
2021,APR THRU JUN,MISSISSIPPI,"4,600"
2021,APR THRU JUN,MISSOURI,670
2021,APR THRU JUN,MONTANA,"3,200"
2021,APR THRU JUN,NEBRASKA,"1,800"
2021,APR THRU JUN,NEW JERSEY,410
2021,APR THRU JUN,NEW MEXICO,670
2021,APR THRU JUN,NEW YORK,"3,000"
2021,APR THRU JUN,NORTH CAROLINA,"1,700"
2021,APR THRU JUN,NORTH DAKOTA,"6,000"
2021,APR THRU JUN,OHIO,820
2021,APR THRU JUN,OKLAHOMA,"3,600"
2021,APR THRU JUN,OREGON,"3,300"
2021,APR THRU JUN,OTHER STATES,140
2021,APR THRU JUN,PENNSYLVANIA,"2,000"
2021,APR THRU JUN,SOUTH CAROLINA,"1,700"
2021,APR THRU JUN,SOUTH DAKOTA,"7,000"
2021,APR THRU JUN,TENNESSEE,720
2021,APR THRU JUN,TEXAS,"74,000"
2021,APR THRU JUN,UTAH,"3,800"
2021,APR THRU JUN,VERMONT,40
2021,APR THRU JUN,VIRGINIA,530
2021,APR THRU JUN,WASHINGTON,"2,900"
2021,APR THRU JUN,WEST VIRGINIA,170
2021,APR THRU JUN,WISCONSIN,"2,100"
2021,APR THRU JUN,WYOMING,"2,700"
2021,JAN THRU MAR,ALABAMA,"1,100"
2021,JAN THRU MAR,ARIZONA,"6,500"
2021,JAN THRU MAR,ARKANSAS,"4,900"
2021,JAN THRU MAR,CALIFORNIA,"275,000"
2021,JAN THRU MAR,COLORADO,700
2021,JAN THRU MAR,CONNECTICUT,800
2021,JAN THRU MAR,FLORIDA,"31,000"
2021,JAN THRU MAR,GEORGIA,"20,000"
2021,JAN THRU MAR,HAWAII,800
2021,JAN THRU MAR,IDAHO,"14,500"
2021,JAN THRU MAR,ILLINOIS,"3,000"
2021,JAN THRU MAR,INDIANA,"2,600"
2021,JAN THRU MAR,IOWA,"2,100"
2021,JAN THRU MAR,KANSAS,"1,400"
2021,JAN THRU MAR,KENTUCKY,"2,100"
2021,JAN THRU MAR,LOUISIANA,"7,000"
2021,JAN THRU MAR,MAINE,300
2021,JAN THRU MAR,MARYLAND,"1,800"
2021,JAN THRU MAR,MASSACHUSETTS,980
2021,JAN THRU MAR,MICHIGAN,"1,500"
2021,JAN THRU MAR,MINNESOTA,"3,200"
2021,JAN THRU MAR,MISSISSIPPI,"5,500"
2021,JAN THRU MAR,MISSOURI,900
2021,JAN THRU MAR,MONTANA,330
2021,JAN THRU MAR,NEBRASKA,640
2021,JAN THRU MAR,NEW JERSEY,350
2021,JAN THRU MAR,NEW MEXICO,270
2021,JAN THRU MAR,NEW YORK,"4,900"
2021,JAN THRU MAR,NORTH CAROLINA,"4,000"
2021,JAN THRU MAR,NORTH DAKOTA,180
2021,JAN THRU MAR,OHIO,"4,000"
2021,JAN THRU MAR,OKLAHOMA,"2,600"
2021,JAN THRU MAR,OREGON,"3,100"
2021,JAN THRU MAR,OTHER STATES,540
2021,JAN THRU MAR,PENNSYLVANIA,"5,500"
2021,JAN THRU MAR,SOUTH CAROLINA,"1,200"
2021,JAN THRU MAR,SOUTH DAKOTA,450
2021,JAN THRU MAR,TENNESSEE,"2,200"
2021,JAN THRU MAR,TEXAS,"30,000"
2021,JAN THRU MAR,UTAH,"2,600"
2021,JAN THRU MAR,VERMONT,"1,300"
2021,JAN THRU MAR,VIRGINIA,"1,400"
2021,JAN THRU MAR,WASHINGTON,"5,500"
2021,JAN THRU MAR,WEST VIRGINIA,"1,200"
2021,JAN THRU MAR,WISCONSIN,"2,500"
2021,JAN THRU MAR,WYOMING,"2,200"
2021,JUL THRU SEP,ALABAMA,"1,400"
2021,JUL THRU SEP,ARIZONA,"6,500"
2021,JUL THRU SEP,ARKANSAS,"1,800"
2021,JUL THRU SEP,CALIFORNIA,"25,000"
2021,JUL THRU SEP,COLORADO,"1,700"
2021,JUL THRU SEP,CONNECTICUT,120
2021,JUL THRU SEP,FLORIDA,"39,000"
2021,JUL THRU SEP,GEORGIA,"22,000"
2021,JUL THRU SEP,HAWAII,"1,100"
2021,JUL THRU SEP,IDAHO,"3,500"
2021,JUL THRU SEP,ILLINOIS,680
2021,JUL THRU SEP,INDIANA,"1,700"
2021,JUL THRU SEP,IOWA,"4,500"
2021,JUL THRU SEP,KANSAS,"1,600"
2021,JUL THRU SEP,KENTUCKY,"1,100"
2021,JUL THRU SEP,LOUISIANA,"2,300"
2021,JUL THRU SEP,MAINE,"1,400"
2021,JUL THRU SEP,MARYLAND,490
2021,JUL THRU SEP,MASSACHUSETTS,"1,100"
2021,JUL THRU SEP,MICHIGAN,"8,500"
2021,JUL THRU SEP,MINNESOTA,"7,000"
2021,JUL THRU SEP,MISSISSIPPI,"1,900"
2021,JUL THRU SEP,MISSOURI,480
2021,JUL THRU SEP,MONTANA,"6,000"
2021,JUL THRU SEP,NEBRASKA,"6,000"
2021,JUL THRU SEP,NEW JERSEY,400
2021,JUL THRU SEP,NEW MEXICO,30
2021,JUL THRU SEP,NEW YORK,"5,500"
2021,JUL THRU SEP,NORTH CAROLINA,"3,000"
2021,JUL THRU SEP,NORTH DAKOTA,"67,000"
2021,JUL THRU SEP,OHIO,"1,700"
2021,JUL THRU SEP,OKLAHOMA,260
2021,JUL THRU SEP,OREGON,"14,000"
2021,JUL THRU SEP,OTHER STATES,530
2021,JUL THRU SEP,PENNSYLVANIA,"1,600"
2021,JUL THRU SEP,SOUTH CAROLINA,"2,200"
2021,JUL THRU SEP,SOUTH DAKOTA,"29,000"
2021,JUL THRU SEP,TENNESSEE,"1,100"
2021,JUL THRU SEP,TEXAS,"4,000"
2021,JUL THRU SEP,UTAH,"2,900"
2021,JUL THRU SEP,VERMONT,10
2021,JUL THRU SEP,VIRGINIA,890
2021,JUL THRU SEP,WASHINGTON,"4,900"
2021,JUL THRU SEP,WEST VIRGINIA,570
2021,JUL THRU SEP,WISCONSIN,"7,000"
2021,JUL THRU SEP,WYOMING,"2,200"
2021,OCT THRU DEC,ALABAMA,"1,100"
2021,OCT THRU DEC,ARIZONA,"5,500"
2021,OCT THRU DEC,ARKANSAS,480
2021,OCT THRU DEC,CALIFORNIA,"50,000"
2021,OCT THRU DEC,COLORADO,"1,600"
2021,OCT THRU DEC,CONNECTICUT,180
2021,OCT THRU DEC,FLORIDA,"38,000"
2021,OCT THRU DEC,GEORGIA,"24,000"
2021,OCT THRU DEC,HAWAII,100
2021,OCT THRU DEC,IDAHO,"22,000"
2021,OCT THRU DEC,ILLINOIS,"1,300"
2021,OCT THRU DEC,INDIANA,"1,700"
2021,OCT THRU DEC,IOWA,"4,000"
2021,OCT THRU DEC,KANSAS,"2,100"
2021,OCT THRU DEC,KENTUCKY,880
2021,OCT THRU DEC,LOUISIANA,"2,800"
2021,OCT THRU DEC,MAINE,700
2021,OCT THRU DEC,MARYLAND,720
2021,OCT THRU DEC,MASSACHUSETTS,290
2021,OCT THRU DEC,MICHIGAN,"6,000"
2021,OCT THRU DEC,MINNESOTA,"10,500"
2021,OCT THRU DEC,MISSISSIPPI,"3,000"
2021,OCT THRU DEC,MISSOURI,590
2021,OCT THRU DEC,MONTANA,"17,000"
2021,OCT THRU DEC,NEBRASKA,"7,500"
2021,OCT THRU DEC,NEW JERSEY,430
2021,OCT THRU DEC,NEW MEXICO,"1,900"
2021,OCT THRU DEC,NEW YORK,"21,000"
2021,OCT THRU DEC,NORTH CAROLINA,"2,100"
2021,OCT THRU DEC,NORTH DAKOTA,"27,000"
2021,OCT THRU DEC,OHIO,"1,600"
2021,OCT THRU DEC,OKLAHOMA,"1,400"
2021,OCT THRU DEC,OREGON,"10,500"
2021,OCT THRU DEC,OTHER STATES,510
2021,OCT THRU DEC,PENNSYLVANIA,"2,400"
2021,OCT THRU DEC,SOUTH CAROLINA,"3,200"
2021,OCT THRU DEC,SOUTH DAKOTA,"11,500"
2021,OCT THRU DEC,TENNESSEE,"1,400"
2021,OCT THRU DEC,TEXAS,"23,000"
2021,OCT THRU DEC,UTAH,"3,200"
2021,OCT THRU DEC,VERMONT,40
2021,OCT THRU DEC,VIRGINIA,930
2021,OCT THRU DEC,WASHINGTON,"6,500"
2021,OCT THRU DEC,WEST VIRGINIA,560
2021,OCT THRU DEC,WISCONSIN,"5,500"
2021,OCT THRU DEC,WYOMING,"2,400"
2020,APR THRU JUN,ALABAMA,"4,100"
2020,APR THRU JUN,ARIZONA,"1,300"
2020,APR THRU JUN,ARKANSAS,"1,800"
2020,APR THRU JUN,CALIFORNIA,"100,000"
2020,APR THRU JUN,COLORADO,"2,100"
2020,APR THRU JUN,CONNECTICUT,30
2020,APR THRU JUN,FLORIDA,"40,000"
2020,APR THRU JUN,GEORGIA,"10,000"
2020,APR THRU JUN,HAWAII,0
2020,APR THRU JUN,IDAHO,"18,000"
2020,APR THRU JUN,ILLINOIS,"1,500"
2020,APR THRU JUN,INDIANA,920
2020,APR THRU JUN,IOWA,"3,600"
2020,APR THRU JUN,KANSAS,680
2020,APR THRU JUN,KENTUCKY,"1,200"
2020,APR THRU JUN,LOUISIANA,"1,800"
2020,APR THRU JUN,MAINE,700
2020,APR THRU JUN,MARYLAND,670
2020,APR THRU JUN,MASSACHUSETTS,630
2020,APR THRU JUN,MICHIGAN,"1,500"
2020,APR THRU JUN,MINNESOTA,"13,000"
2020,APR THRU JUN,MISSISSIPPI,"4,500"
2020,APR THRU JUN,MISSOURI,390
2020,APR THRU JUN,MONTANA,"2,000"
2020,APR THRU JUN,NEBRASKA,"1,900"
2020,APR THRU JUN,NEW JERSEY,710
2020,APR THRU JUN,NEW MEXICO,"1,000"
2020,APR THRU JUN,NEW YORK,"4,000"
2020,APR THRU JUN,NORTH CAROLINA,"1,600"
2020,APR THRU JUN,NORTH DAKOTA,"20,000"
2020,APR THRU JUN,OHIO,"1,700"
2020,APR THRU JUN,OKLAHOMA,"1,500"
2020,APR THRU JUN,OREGON,"2,500"
2020,APR THRU JUN,OTHER STATES,260
2020,APR THRU JUN,PENNSYLVANIA,930
2020,APR THRU JUN,SOUTH CAROLINA,"1,700"
2020,APR THRU JUN,SOUTH DAKOTA,"4,600"
2020,APR THRU JUN,TENNESSEE,"1,200"
2020,APR THRU JUN,TEXAS,"35,000"
2020,APR THRU JUN,UTAH,"2,800"
2020,APR THRU JUN,VERMONT,200
2020,APR THRU JUN,VIRGINIA,"1,200"
2020,APR THRU JUN,WASHINGTON,"3,500"
2020,APR THRU JUN,WEST VIRGINIA,570
2020,APR THRU JUN,WISCONSIN,"1,700"
2020,APR THRU JUN,WYOMING,"2,000"
2020,JAN THRU MAR,ALABAMA,410
2020,JAN THRU MAR,ARIZONA,"8,500"
2020,JAN THRU MAR,ARKANSAS,"1,600"
2020,JAN THRU MAR,CALIFORNIA,"230,000"
2020,JAN THRU MAR,COLORADO,670
2020,JAN THRU MAR,CONNECTICUT,330
2020,JAN THRU MAR,FLORIDA,"30,000"
2020,JAN THRU MAR,GEORGIA,"14,500"
2020,JAN THRU MAR,HAWAII,"1,800"
2020,JAN THRU MAR,IDAHO,"18,500"
2020,JAN THRU MAR,ILLINOIS,"2,400"
2020,JAN THRU MAR,INDIANA,"1,600"
2020,JAN THRU MAR,IOWA,"1,600"
2020,JAN THRU MAR,KANSAS,760
2020,JAN THRU MAR,KENTUCKY,"1,200"
2020,JAN THRU MAR,LOUISIANA,"4,800"
2020,JAN THRU MAR,MAINE,160
2020,JAN THRU MAR,MARYLAND,"1,900"
2020,JAN THRU MAR,MASSACHUSETTS,470
2020,JAN THRU MAR,MICHIGAN,"7,000"
2020,JAN THRU MAR,MINNESOTA,920
2020,JAN THRU MAR,MISSISSIPPI,"5,000"
2020,JAN THRU MAR,MISSOURI,"5,500"
2020,JAN THRU MAR,MONTANA,150
2020,JAN THRU MAR,NEBRASKA,670
2020,JAN THRU MAR,NEW JERSEY,430
2020,JAN THRU MAR,NEW MEXICO,40
2020,JAN THRU MAR,NEW YORK,"2,500"
2020,JAN THRU MAR,NORTH CAROLINA,"2,500"
2020,JAN THRU MAR,NORTH DAKOTA,"7,500"
2020,JAN THRU MAR,OHIO,"6,000"
2020,JAN THRU MAR,OKLAHOMA,700
2020,JAN THRU MAR,OREGON,"4,800"
2020,JAN THRU MAR,OTHER STATES,440
2020,JAN THRU MAR,PENNSYLVANIA,"2,100"
2020,JAN THRU MAR,SOUTH CAROLINA,"1,400"
2020,JAN THRU MAR,SOUTH DAKOTA,"1,200"
2020,JAN THRU MAR,TENNESSEE,"2,700"
2020,JAN THRU MAR,TEXAS,"35,000"
2020,JAN THRU MAR,UTAH,"1,100"
2020,JAN THRU MAR,VERMONT,520
2020,JAN THRU MAR,VIRGINIA,"1,100"
2020,JAN THRU MAR,WASHINGTON,"1,500"
2020,JAN THRU MAR,WEST VIRGINIA,"1,100"
2020,JAN THRU MAR,WISCONSIN,"1,900"
2020,JAN THRU MAR,WYOMING,140
2020,JUL THRU SEP,ALABAMA,"3,700"
2020,JUL THRU SEP,ARIZONA,"8,000"
2020,JUL THRU SEP,ARKANSAS,"1,700"
2020,JUL THRU SEP,CALIFORNIA,"69,000"
2020,JUL THRU SEP,COLORADO,"7,000"
2020,JUL THRU SEP,CONNECTICUT,300
2020,JUL THRU SEP,FLORIDA,"29,000"
2020,JUL THRU SEP,GEORGIA,"23,000"
2020,JUL THRU SEP,HAWAII,500
2020,JUL THRU SEP,IDAHO,"11,000"
2020,JUL THRU SEP,ILLINOIS,"1,400"
2020,JUL THRU SEP,INDIANA,"1,600"
2020,JUL THRU SEP,IOWA,"1,800"
2020,JUL THRU SEP,KANSAS,910
2020,JUL THRU SEP,KENTUCKY,"1,400"
2020,JUL THRU SEP,LOUISIANA,"2,600"
2020,JUL THRU SEP,MAINE,"1,500"
2020,JUL THRU SEP,MARYLAND,690
2020,JUL THRU SEP,MASSACHUSETTS,330
2020,JUL THRU SEP,MICHIGAN,"34,000"
2020,JUL THRU SEP,MINNESOTA,"10,500"
2020,JUL THRU SEP,MISSISSIPPI,"1,600"
2020,JUL THRU SEP,MISSOURI,730
2020,JUL THRU SEP,MONTANA,"8,500"
2020,JUL THRU SEP,NEBRASKA,"4,300"
2020,JUL THRU SEP,NEW JERSEY,"2,300"
2020,JUL THRU SEP,NEW MEXICO,"1,600"
2020,JUL THRU SEP,NEW YORK,"3,600"
2020,JUL THRU SEP,NORTH CAROLINA,"4,600"
2020,JUL THRU SEP,NORTH DAKOTA,"53,000"
2020,JUL THRU SEP,OHIO,"1,900"
2020,JUL THRU SEP,OKLAHOMA,"1,100"
2020,JUL THRU SEP,OREGON,"12,000"
2020,JUL THRU SEP,OTHER STATES,"2,080"
2020,JUL THRU SEP,PENNSYLVANIA,"2,200"
2020,JUL THRU SEP,SOUTH CAROLINA,"1,800"
2020,JUL THRU SEP,SOUTH DAKOTA,"66,000"
2020,JUL THRU SEP,TENNESSEE,"2,200"
2020,JUL THRU SEP,TEXAS,"9,500"
2020,JUL THRU SEP,UTAH,"2,000"
2020,JUL THRU SEP,VERMONT,210
2020,JUL THRU SEP,VIRGINIA,"1,200"
2020,JUL THRU SEP,WASHINGTON,"7,000"
2020,JUL THRU SEP,WEST VIRGINIA,540
2020,JUL THRU SEP,WISCONSIN,"8,000"
2020,JUL THRU SEP,WYOMING,"3,600"
2020,OCT THRU DEC,ALABAMA,"1,100"
2020,OCT THRU DEC,ARIZONA,"4,000"
2020,OCT THRU DEC,ARKANSAS,"2,100"
2020,OCT THRU DEC,CALIFORNIA,"164,000"
2020,OCT THRU DEC,COLORADO,"5,000"
2020,OCT THRU DEC,CONNECTICUT,500
2020,OCT THRU DEC,FLORIDA,"29,000"
2020,OCT THRU DEC,GEORGIA,"30,000"
2020,OCT THRU DEC,HAWAII,"2,700"
2020,OCT THRU DEC,IDAHO,"19,000"
2020,OCT THRU DEC,ILLINOIS,"1,700"
2020,OCT THRU DEC,INDIANA,930
2020,OCT THRU DEC,IOWA,"4,800"
2020,OCT THRU DEC,KANSAS,"2,400"
2020,OCT THRU DEC,KENTUCKY,"1,100"
2020,OCT THRU DEC,LOUISIANA,"1,700"
2020,OCT THRU DEC,MAINE,100
2020,OCT THRU DEC,MARYLAND,980
2020,OCT THRU DEC,MASSACHUSETTS,390
2020,OCT THRU DEC,MICHIGAN,"10,500"
2020,OCT THRU DEC,MINNESOTA,"9,500"
2020,OCT THRU DEC,MISSISSIPPI,"3,800"
2020,OCT THRU DEC,MISSOURI,750
2020,OCT THRU DEC,MONTANA,"14,000"
2020,OCT THRU DEC,NEBRASKA,"7,000"
2020,OCT THRU DEC,NEW JERSEY,310
2020,OCT THRU DEC,NEW MEXICO,190
2020,OCT THRU DEC,NEW YORK,"4,100"
2020,OCT THRU DEC,NORTH CAROLINA,"2,500"
2020,OCT THRU DEC,NORTH DAKOTA,"45,000"
2020,OCT THRU DEC,OHIO,"1,600"
2020,OCT THRU DEC,OKLAHOMA,300
2020,OCT THRU DEC,OREGON,"15,500"
2020,OCT THRU DEC,OTHER STATES,"2,470"
2020,OCT THRU DEC,PENNSYLVANIA,"1,900"
2020,OCT THRU DEC,SOUTH CAROLINA,"2,600"
2020,OCT THRU DEC,SOUTH DAKOTA,"16,000"
2020,OCT THRU DEC,TENNESSEE,680
2020,OCT THRU DEC,TEXAS,"43,000"
2020,OCT THRU DEC,UTAH,"3,800"
2020,OCT THRU DEC,VERMONT,270
2020,OCT THRU DEC,VIRGINIA,"1,000"
2020,OCT THRU DEC,WASHINGTON,"16,500"
2020,OCT THRU DEC,WEST VIRGINIA,550
2020,OCT THRU DEC,WISCONSIN,"8,000"
2020,OCT THRU DEC,WYOMING,"1,600"
2019,JAN THRU MAR,ALABAMA,650
2019,JAN THRU MAR,ARIZONA,"2,500"
2019,JAN THRU MAR,ARKANSAS,"6,500"
2019,JAN THRU MAR,CALIFORNIA,"235,000"
2019,JAN THRU MAR,COLORADO,320
2019,JAN THRU MAR,CONNECTICUT,270
2019,JAN THRU MAR,FLORIDA,"46,000"
2019,JAN THRU MAR,GEORGIA,"14,500"
2019,JAN THRU MAR,HAWAII,390
2019,JAN THRU MAR,IDAHO,"12,500"
2019,JAN THRU MAR,ILLINOIS,"2,300"
2019,JAN THRU MAR,INDIANA,710
2019,JAN THRU MAR,IOWA,"1,600"
2019,JAN THRU MAR,KANSAS,"1,500"
2019,JAN THRU MAR,KENTUCKY,890
2019,JAN THRU MAR,LOUISIANA,"3,500"
2019,JAN THRU MAR,MAINE,470
2019,JAN THRU MAR,MARYLAND,"2,300"
2019,JAN THRU MAR,MASSACHUSETTS,680
2019,JAN THRU MAR,MICHIGAN,"6,500"
2019,JAN THRU MAR,MINNESOTA,"2,200"
2019,JAN THRU MAR,MISSISSIPPI,"2,400"
2019,JAN THRU MAR,MISSOURI,"1,100"
2019,JAN THRU MAR,MONTANA,"3,500"
2019,JAN THRU MAR,NEBRASKA,"2,500"
2019,JAN THRU MAR,NEW JERSEY,310
2019,JAN THRU MAR,NEW MEXICO,170
2019,JAN THRU MAR,NEW YORK,"3,400"
2019,JAN THRU MAR,NORTH CAROLINA,"1,700"
2019,JAN THRU MAR,NORTH DAKOTA,"1,100"
2019,JAN THRU MAR,OHIO,"3,500"
2019,JAN THRU MAR,OKLAHOMA,50
2019,JAN THRU MAR,OREGON,"7,500"
2019,JAN THRU MAR,OTHER STATES,590
2019,JAN THRU MAR,PENNSYLVANIA,"2,900"
2019,JAN THRU MAR,SOUTH CAROLINA,690
2019,JAN THRU MAR,SOUTH DAKOTA,"1,100"
2019,JAN THRU MAR,TENNESSEE,"1,500"
2019,JAN THRU MAR,TEXAS,"17,000"
2019,JAN THRU MAR,UTAH,"1,800"
2019,JAN THRU MAR,VERMONT,260
2019,JAN THRU MAR,VIRGINIA,"1,100"
2019,JAN THRU MAR,WASHINGTON,"7,000"
2019,JAN THRU MAR,WEST VIRGINIA,"1,300"
2019,JAN THRU MAR,WISCONSIN,"3,700"
2019,JAN THRU MAR,WYOMING,250
2019,JUL THRU SEP,ALABAMA,990
2019,JUL THRU SEP,ARIZONA,"2,000"
2019,JUL THRU SEP,ARKANSAS,"2,100"
2019,JUL THRU SEP,CALIFORNIA,"93,000"
2019,JUL THRU SEP,COLORADO,"9,500"
2019,JUL THRU SEP,CONNECTICUT,200
2019,JUL THRU SEP,FLORIDA,"20,000"
2019,JUL THRU SEP,GEORGIA,"13,000"
2019,JUL THRU SEP,HAWAII,200
2019,JUL THRU SEP,IDAHO,"10,500"
2019,JUL THRU SEP,ILLINOIS,940
2019,JUL THRU SEP,INDIANA,"1,000"
2019,JUL THRU SEP,IOWA,"3,400"
2019,JUL THRU SEP,KANSAS,"1,900"
2019,JUL THRU SEP,KENTUCKY,850
2019,JUL THRU SEP,LOUISIANA,"4,100"
2019,JUL THRU SEP,MAINE,"1,100"
2019,JUL THRU SEP,MARYLAND,790
2019,JUL THRU SEP,MASSACHUSETTS,"1,100"
2019,JUL THRU SEP,MICHIGAN,"11,000"
2019,JUL THRU SEP,MINNESOTA,"21,000"
2019,JUL THRU SEP,MISSISSIPPI,"2,900"
2019,JUL THRU SEP,MISSOURI,500
2019,JUL THRU SEP,MONTANA,"18,500"
2019,JUL THRU SEP,NEBRASKA,"3,700"
2019,JUL THRU SEP,NEW JERSEY,680
2019,JUL THRU SEP,NEW MEXICO,170
2019,JUL THRU SEP,NEW YORK,"8,500"
2019,JUL THRU SEP,NORTH CAROLINA,"2,700"
2019,JUL THRU SEP,NORTH DAKOTA,"81,000"
2019,JUL THRU SEP,OHIO,"1,600"
2019,JUL THRU SEP,OKLAHOMA,930
2019,JUL THRU SEP,OREGON,"8,000"
2019,JUL THRU SEP,OTHER STATES,"2,080"
2019,JUL THRU SEP,PENNSYLVANIA,980
2019,JUL THRU SEP,SOUTH CAROLINA,"2,200"
2019,JUL THRU SEP,SOUTH DAKOTA,"51,000"
2019,JUL THRU SEP,TENNESSEE,"4,500"
2019,JUL THRU SEP,TEXAS,"11,000"
2019,JUL THRU SEP,UTAH,"2,800"
2019,JUL THRU SEP,VERMONT,120
2019,JUL THRU SEP,VIRGINIA,570
2019,JUL THRU SEP,WASHINGTON,"21,000"
2019,JUL THRU SEP,WEST VIRGINIA,"1,100"
2019,JUL THRU SEP,WISCONSIN,"6,500"
2019,JUL THRU SEP,WYOMING,"3,000"
2019,OCT THRU DEC,ALABAMA,660
2019,OCT THRU DEC,ARIZONA,"7,000"
2019,OCT THRU DEC,ARKANSAS,"1,600"
2019,OCT THRU DEC,CALIFORNIA,"136,000"
2019,OCT THRU DEC,COLORADO,"8,000"
2019,OCT THRU DEC,CONNECTICUT,300
2019,OCT THRU DEC,FLORIDA,"30,000"
2019,OCT THRU DEC,GEORGIA,"20,000"
2019,OCT THRU DEC,HAWAII,"1,300"
2019,OCT THRU DEC,IDAHO,"15,500"
2019,OCT THRU DEC,ILLINOIS,"1,700"
2019,OCT THRU DEC,INDIANA,"1,300"
2019,OCT THRU DEC,IOWA,"7,500"
2019,OCT THRU DEC,KANSAS,650
2019,OCT THRU DEC,KENTUCKY,410
2019,OCT THRU DEC,LOUISIANA,"2,300"
2019,OCT THRU DEC,MAINE,770
2019,OCT THRU DEC,MARYLAND,"1,100"
2019,OCT THRU DEC,MASSACHUSETTS,"1,200"
2019,OCT THRU DEC,MICHIGAN,"6,500"
2019,OCT THRU DEC,MINNESOTA,"15,500"
2019,OCT THRU DEC,MISSISSIPPI,"3,400"
2019,OCT THRU DEC,MISSOURI,"1,500"
2019,OCT THRU DEC,MONTANA,"7,000"
2019,OCT THRU DEC,NEBRASKA,"2,700"
2019,OCT THRU DEC,NEW JERSEY,220
2019,OCT THRU DEC,NEW MEXICO,70
2019,OCT THRU DEC,NEW YORK,"10,000"
2019,OCT THRU DEC,NORTH CAROLINA,"3,200"
2019,OCT THRU DEC,NORTH DAKOTA,"27,000"
2019,OCT THRU DEC,OHIO,"2,700"
2019,OCT THRU DEC,OKLAHOMA,"2,500"
2019,OCT THRU DEC,OREGON,"15,000"
2019,OCT THRU DEC,OTHER STATES,"1,340"
2019,OCT THRU DEC,PENNSYLVANIA,"3,800"
2019,OCT THRU DEC,SOUTH CAROLINA,"1,900"
2019,OCT THRU DEC,SOUTH DAKOTA,"7,500"
2019,OCT THRU DEC,TENNESSEE,"1,300"
2019,OCT THRU DEC,TEXAS,"17,500"
2019,OCT THRU DEC,UTAH,"4,400"
2019,OCT THRU DEC,VERMONT,190
2019,OCT THRU DEC,VIRGINIA,"1,200"
2019,OCT THRU DEC,WASHINGTON,"12,500"
2019,OCT THRU DEC,WEST VIRGINIA,"1,500"
2019,OCT THRU DEC,WISCONSIN,"8,500"
2019,OCT THRU DEC,WYOMING,"3,300"
2018,APR THRU JUN,ALABAMA,650
2018,APR THRU JUN,ARIZONA,"2,600"
2018,APR THRU JUN,ARKANSAS,"2,000"
2018,APR THRU JUN,CALIFORNIA,"110,000"
2018,APR THRU JUN,COLORADO,"3,000"
2018,APR THRU JUN,CONNECTICUT,120
2018,APR THRU JUN,FLORIDA,"56,000"
2018,APR THRU JUN,GEORGIA,"18,000"
2018,APR THRU JUN,HAWAII,380
2018,APR THRU JUN,IDAHO,"6,500"
2018,APR THRU JUN,ILLINOIS,"2,300"
2018,APR THRU JUN,INDIANA,"1,800"
2018,APR THRU JUN,IOWA,"4,300"
2018,APR THRU JUN,KANSAS,300
2018,APR THRU JUN,KENTUCKY,910
2018,APR THRU JUN,LOUISIANA,"1,400"
2018,APR THRU JUN,MAINE,"3,100"
2018,APR THRU JUN,MARYLAND,370
2018,APR THRU JUN,MASSACHUSETTS,260
2018,APR THRU JUN,MICHIGAN,"7,500"
2018,APR THRU JUN,MINNESOTA,"8,500"
2018,APR THRU JUN,MISSISSIPPI,"3,400"
2018,APR THRU JUN,MISSOURI,390
2018,APR THRU JUN,MONTANA,"5,500"
2018,APR THRU JUN,NEBRASKA,"2,100"
2018,APR THRU JUN,NEW JERSEY,270
2018,APR THRU JUN,NEW MEXICO,50
2018,APR THRU JUN,NEW YORK,"2,700"
2018,APR THRU JUN,NORTH CAROLINA,"2,500"
2018,APR THRU JUN,NORTH DAKOTA,"23,000"
2018,APR THRU JUN,OHIO,"1,500"
2018,APR THRU JUN,OKLAHOMA,"1,700"
2018,APR THRU JUN,OREGON,"3,400"
2018,APR THRU JUN,OTHER STATES,380
2018,APR THRU JUN,PENNSYLVANIA,"1,100"
2018,APR THRU JUN,SOUTH CAROLINA,"1,300"
2018,APR THRU JUN,SOUTH DAKOTA,"17,000"
2018,APR THRU JUN,TENNESSEE,"1,200"
2018,APR THRU JUN,TEXAS,"38,000"
2018,APR THRU JUN,UTAH,"1,900"
2018,APR THRU JUN,VERMONT,520
2018,APR THRU JUN,VIRGINIA,500
2018,APR THRU JUN,WASHINGTON,"7,500"
2018,APR THRU JUN,WEST VIRGINIA,570
2018,APR THRU JUN,WISCONSIN,"6,500"
2018,APR THRU JUN,WYOMING,"2,300"
2018,JAN THRU MAR,ALABAMA,820
2018,JAN THRU MAR,ARIZONA,"6,000"
2018,JAN THRU MAR,ARKANSAS,"7,500"
2018,JAN THRU MAR,CALIFORNIA,"215,000"
2018,JAN THRU MAR,COLORADO,"4,900"
2018,JAN THRU MAR,CONNECTICUT,140
2018,JAN THRU MAR,FLORIDA,"39,000"
2018,JAN THRU MAR,GEORGIA,"25,000"
2018,JAN THRU MAR,HAWAII,"1,600"
2018,JAN THRU MAR,IDAHO,"22,000"
2018,JAN THRU MAR,ILLINOIS,"2,400"
2018,JAN THRU MAR,INDIANA,"1,000"
2018,JAN THRU MAR,IOWA,"2,100"
2018,JAN THRU MAR,KANSAS,950
2018,JAN THRU MAR,KENTUCKY,"1,200"
2018,JAN THRU MAR,LOUISIANA,"3,600"
2018,JAN THRU MAR,MAINE,410
2018,JAN THRU MAR,MARYLAND,"1,600"
2018,JAN THRU MAR,MASSACHUSETTS,"1,000"
2018,JAN THRU MAR,MICHIGAN,"7,000"
2018,JAN THRU MAR,MINNESOTA,"3,900"
2018,JAN THRU MAR,MISSISSIPPI,"2,000"
2018,JAN THRU MAR,MISSOURI,"1,400"
2018,JAN THRU MAR,MONTANA,140
2018,JAN THRU MAR,NEBRASKA,430
2018,JAN THRU MAR,NEW JERSEY,730
2018,JAN THRU MAR,NEW MEXICO,"3,900"
2018,JAN THRU MAR,NEW YORK,"3,700"
2018,JAN THRU MAR,NORTH CAROLINA,"4,200"
2018,JAN THRU MAR,NORTH DAKOTA,"3,200"
2018,JAN THRU MAR,OHIO,"4,500"
2018,JAN THRU MAR,OKLAHOMA,"3,700"
2018,JAN THRU MAR,OREGON,"4,800"
2018,JAN THRU MAR,OTHER STATES,"1,870"
2018,JAN THRU MAR,PENNSYLVANIA,"3,300"
2018,JAN THRU MAR,SOUTH CAROLINA,"1,800"
2018,JAN THRU MAR,SOUTH DAKOTA,390
2018,JAN THRU MAR,TENNESSEE,"3,400"
2018,JAN THRU MAR,TEXAS,"32,000"
2018,JAN THRU MAR,UTAH,620
2018,JAN THRU MAR,VERMONT,810
2018,JAN THRU MAR,VIRGINIA,"2,100"
2018,JAN THRU MAR,WASHINGTON,"4,600"
2018,JAN THRU MAR,WEST VIRGINIA,"2,500"
2018,JAN THRU MAR,WISCONSIN,"4,600"
2018,JAN THRU MAR,WYOMING,220
2018,JUL THRU SEP,ALABAMA,"1,700"
2018,JUL THRU SEP,ARIZONA,"8,000"
2018,JUL THRU SEP,ARKANSAS,"2,300"
2018,JUL THRU SEP,CALIFORNIA,"73,000"
2018,JUL THRU SEP,COLORADO,"5,000"
2018,JUL THRU SEP,CONNECTICUT,130
2018,JUL THRU SEP,FLORIDA,"30,000"
2018,JUL THRU SEP,GEORGIA,"17,000"
2018,JUL THRU SEP,HAWAII,"1,800"
2018,JUL THRU SEP,IDAHO,"14,000"
2018,JUL THRU SEP,ILLINOIS,660
2018,JUL THRU SEP,INDIANA,990
2018,JUL THRU SEP,IOWA,"3,600"
2018,JUL THRU SEP,KANSAS,950
2018,JUL THRU SEP,KENTUCKY,840
2018,JUL THRU SEP,LOUISIANA,"1,900"
2018,JUL THRU SEP,MAINE,890
2018,JUL THRU SEP,MARYLAND,360
2018,JUL THRU SEP,MASSACHUSETTS,"2,200"
2018,JUL THRU SEP,MICHIGAN,"8,000"
2018,JUL THRU SEP,MINNESOTA,"29,000"
2018,JUL THRU SEP,MISSISSIPPI,"2,900"
2018,JUL THRU SEP,MISSOURI,540
2018,JUL THRU SEP,MONTANA,"18,500"
2018,JUL THRU SEP,NEBRASKA,"6,500"
2018,JUL THRU SEP,NEW JERSEY,320
2018,JUL THRU SEP,NEW MEXICO,"1,200"
2018,JUL THRU SEP,NEW YORK,"3,900"
2018,JUL THRU SEP,NORTH CAROLINA,"2,200"
2018,JUL THRU SEP,NORTH DAKOTA,"59,000"
2018,JUL THRU SEP,OHIO,"1,300"
2018,JUL THRU SEP,OKLAHOMA,370
2018,JUL THRU SEP,OREGON,"13,000"
2018,JUL THRU SEP,OTHER STATES,890
2018,JUL THRU SEP,PENNSYLVANIA,860
2018,JUL THRU SEP,SOUTH CAROLINA,"1,400"
2018,JUL THRU SEP,SOUTH DAKOTA,"22,000"
2018,JUL THRU SEP,TENNESSEE,900
2018,JUL THRU SEP,TEXAS,"7,500"
2018,JUL THRU SEP,UTAH,"4,400"
2018,JUL THRU SEP,VERMONT,90
2018,JUL THRU SEP,VIRGINIA,610
2018,JUL THRU SEP,WASHINGTON,"12,000"
2018,JUL THRU SEP,WEST VIRGINIA,520
2018,JUL THRU SEP,WISCONSIN,"10,000"
2018,JUL THRU SEP,WYOMING,"3,900"
2018,OCT THRU DEC,ALABAMA,830
2018,OCT THRU DEC,ARIZONA,"5,000"
2018,OCT THRU DEC,ARKANSAS,"6,000"
2018,OCT THRU DEC,CALIFORNIA,"170,000"
2018,OCT THRU DEC,COLORADO,"3,500"
2018,OCT THRU DEC,CONNECTICUT,220
2018,OCT THRU DEC,FLORIDA,"43,000"
2018,OCT THRU DEC,GEORGIA,"19,500"
2018,OCT THRU DEC,HAWAII,940
2018,OCT THRU DEC,IDAHO,"15,000"
2018,OCT THRU DEC,ILLINOIS,"1,400"
2018,OCT THRU DEC,INDIANA,"3,300"
2018,OCT THRU DEC,IOWA,"4,200"
2018,OCT THRU DEC,KANSAS,"1,000"
2018,OCT THRU DEC,KENTUCKY,"2,000"
2018,OCT THRU DEC,LOUISIANA,"2,600"
2018,OCT THRU DEC,MAINE,"1,400"
2018,OCT THRU DEC,MARYLAND,690
2018,OCT THRU DEC,MASSACHUSETTS,650
2018,OCT THRU DEC,MICHIGAN,"6,000"
2018,OCT THRU DEC,MINNESOTA,"11,500"
2018,OCT THRU DEC,MISSISSIPPI,"2,000"
2018,OCT THRU DEC,MISSOURI,880
2018,OCT THRU DEC,MONTANA,"5,500"
2018,OCT THRU DEC,NEBRASKA,"5,000"
2018,OCT THRU DEC,NEW JERSEY,"1,300"
2018,OCT THRU DEC,NEW MEXICO,"3,000"
2018,OCT THRU DEC,NEW YORK,"4,400"
2018,OCT THRU DEC,NORTH CAROLINA,"2,700"
2018,OCT THRU DEC,NORTH DAKOTA,"29,000"
2018,OCT THRU DEC,OHIO,"2,100"
2018,OCT THRU DEC,OKLAHOMA,"2,500"
2018,OCT THRU DEC,OREGON,"13,000"
2018,OCT THRU DEC,OTHER STATES,"1,150"
2018,OCT THRU DEC,PENNSYLVANIA,"4,000"
2018,OCT THRU DEC,SOUTH CAROLINA,"1,500"
2018,OCT THRU DEC,SOUTH DAKOTA,"21,000"
2018,OCT THRU DEC,TENNESSEE,"1,900"
2018,OCT THRU DEC,TEXAS,"17,000"
2018,OCT THRU DEC,UTAH,"3,400"
2018,OCT THRU DEC,VERMONT,170
2018,OCT THRU DEC,VIRGINIA,"1,100"
2018,OCT THRU DEC,WASHINGTON,"11,000"
2018,OCT THRU DEC,WEST VIRGINIA,"1,200"
2018,OCT THRU DEC,WISCONSIN,"8,500"
2018,OCT THRU DEC,WYOMING,"2,700"
2017,APR THRU JUN,ALABAMA,440
2017,APR THRU JUN,ARIZONA,"2,600"
2017,APR THRU JUN,ARKANSAS,"1,900"
2017,APR THRU JUN,CALIFORNIA,"90,000"
2017,APR THRU JUN,COLORADO,"4,500"
2017,APR THRU JUN,CONNECTICUT,140
2017,APR THRU JUN,FLORIDA,"35,000"
2017,APR THRU JUN,GEORGIA,"12,500"
2017,APR THRU JUN,HAWAII,70
2017,APR THRU JUN,IDAHO,"10,500"
2017,APR THRU JUN,ILLINOIS,"1,200"
2017,APR THRU JUN,INDIANA,"1,200"
2017,APR THRU JUN,IOWA,"2,400"
2017,APR THRU JUN,KANSAS,390
2017,APR THRU JUN,KENTUCKY,900
2017,APR THRU JUN,LOUISIANA,"2,600"
2017,APR THRU JUN,MAINE,910
2017,APR THRU JUN,MARYLAND,190
2017,APR THRU JUN,MASSACHUSETTS,140
2017,APR THRU JUN,MICHIGAN,"7,500"
2017,APR THRU JUN,MINNESOTA,"12,000"
2017,APR THRU JUN,MISSISSIPPI,"3,800"
2017,APR THRU JUN,MISSOURI,270
2017,APR THRU JUN,MONTANA,"3,700"
2017,APR THRU JUN,NEBRASKA,"1,500"
2017,APR THRU JUN,NEW JERSEY,430
2017,APR THRU JUN,NEW MEXICO,"1,800"
2017,APR THRU JUN,NEW YORK,"1,300"
2017,APR THRU JUN,NORTH CAROLINA,"3,000"
2017,APR THRU JUN,NORTH DAKOTA,"16,000"
2017,APR THRU JUN,OHIO,"1,100"
2017,APR THRU JUN,OKLAHOMA,200
2017,APR THRU JUN,OREGON,"5,000"
2017,APR THRU JUN,OTHER STATES,160
2017,APR THRU JUN,PENNSYLVANIA,540
2017,APR THRU JUN,SOUTH CAROLINA,870
2017,APR THRU JUN,SOUTH DAKOTA,"13,000"
2017,APR THRU JUN,TENNESSEE,"1,300"
2017,APR THRU JUN,TEXAS,"28,000"
2017,APR THRU JUN,UTAH,"2,700"
2017,APR THRU JUN,VERMONT,170
2017,APR THRU JUN,VIRGINIA,"1,000"
2017,APR THRU JUN,WASHINGTON,"7,000"
2017,APR THRU JUN,WEST VIRGINIA,370
2017,APR THRU JUN,WISCONSIN,"4,000"
2017,APR THRU JUN,WYOMING,"1,300"
2017,JAN THRU MAR,ALABAMA,"1,600"
2017,JAN THRU MAR,ARIZONA,"6,000"
2017,JAN THRU MAR,ARKANSAS,"3,500"
2017,JAN THRU MAR,CALIFORNIA,"195,000"
2017,JAN THRU MAR,COLORADO,"1,100"
2017,JAN THRU MAR,CONNECTICUT,380
2017,JAN THRU MAR,FLORIDA,"30,000"
2017,JAN THRU MAR,GEORGIA,"14,000"
2017,JAN THRU MAR,HAWAII,190
2017,JAN THRU MAR,IDAHO,"8,500"
2017,JAN THRU MAR,ILLINOIS,"2,900"
2017,JAN THRU MAR,INDIANA,"1,900"
2017,JAN THRU MAR,IOWA,"3,000"
2017,JAN THRU MAR,KANSAS,"1,000"
2017,JAN THRU MAR,KENTUCKY,"1,300"
2017,JAN THRU MAR,LOUISIANA,"2,700"
2017,JAN THRU MAR,MAINE,"1,000"
2017,JAN THRU MAR,MARYLAND,"2,100"
2017,JAN THRU MAR,MASSACHUSETTS,"1,500"
2017,JAN THRU MAR,MICHIGAN,"5,000"
2017,JAN THRU MAR,MINNESOTA,"3,500"
2017,JAN THRU MAR,MISSISSIPPI,"2,600"
2017,JAN THRU MAR,MISSOURI,"1,200"
2017,JAN THRU MAR,MONTANA,470
2017,JAN THRU MAR,NEBRASKA,750
2017,JAN THRU MAR,NEW JERSEY,490
2017,JAN THRU MAR,NEW MEXICO,"2,100"
2017,JAN THRU MAR,NEW YORK,"6,000"
2017,JAN THRU MAR,NORTH CAROLINA,"2,500"
2017,JAN THRU MAR,NORTH DAKOTA,640
2017,JAN THRU MAR,OHIO,"4,400"
2017,JAN THRU MAR,OKLAHOMA,550
2017,JAN THRU MAR,OREGON,"8,000"
2017,JAN THRU MAR,OTHER STATES,"1,540"
2017,JAN THRU MAR,PENNSYLVANIA,"4,000"
2017,JAN THRU MAR,SOUTH CAROLINA,"1,600"
2017,JAN THRU MAR,SOUTH DAKOTA,"2,700"
2017,JAN THRU MAR,TENNESSEE,"1,600"
2017,JAN THRU MAR,TEXAS,"49,000"
2017,JAN THRU MAR,UTAH,"2,700"
2017,JAN THRU MAR,VERMONT,440
2017,JAN THRU MAR,VIRGINIA,"1,400"
2017,JAN THRU MAR,WASHINGTON,"9,000"
2017,JAN THRU MAR,WEST VIRGINIA,800
2017,JAN THRU MAR,WISCONSIN,"4,400"
2017,JAN THRU MAR,WYOMING,"3,600"
2017,JUL THRU SEP,ALABAMA,900
2017,JUL THRU SEP,ARIZONA,"4,100"
2017,JUL THRU SEP,ARKANSAS,"6,000"
2017,JUL THRU SEP,CALIFORNIA,"67,000"
2017,JUL THRU SEP,COLORADO,"4,300"
2017,JUL THRU SEP,CONNECTICUT,130
2017,JUL THRU SEP,FLORIDA,"39,000"
2017,JUL THRU SEP,GEORGIA,"15,500"
2017,JUL THRU SEP,HAWAII,"1,100"
2017,JUL THRU SEP,IDAHO,"12,000"
2017,JUL THRU SEP,ILLINOIS,"1,100"
2017,JUL THRU SEP,INDIANA,930
2017,JUL THRU SEP,IOWA,"2,200"
2017,JUL THRU SEP,KANSAS,"1,700"
2017,JUL THRU SEP,KENTUCKY,"1,600"
2017,JUL THRU SEP,LOUISIANA,"13,500"
2017,JUL THRU SEP,MAINE,400
2017,JUL THRU SEP,MARYLAND,"1,600"
2017,JUL THRU SEP,MASSACHUSETTS,760
2017,JUL THRU SEP,MICHIGAN,"17,500"
2017,JUL THRU SEP,MINNESOTA,"20,000"
2017,JUL THRU SEP,MISSISSIPPI,"2,900"
2017,JUL THRU SEP,MISSOURI,580
2017,JUL THRU SEP,MONTANA,"18,500"
2017,JUL THRU SEP,NEBRASKA,"3,700"
2017,JUL THRU SEP,NEW JERSEY,420
2017,JUL THRU SEP,NEW MEXICO,"2,500"
2017,JUL THRU SEP,NEW YORK,"6,500"
2017,JUL THRU SEP,NORTH CAROLINA,"3,300"
2017,JUL THRU SEP,NORTH DAKOTA,"48,000"
2017,JUL THRU SEP,OHIO,"1,800"
2017,JUL THRU SEP,OKLAHOMA,510
2017,JUL THRU SEP,OREGON,"13,500"
2017,JUL THRU SEP,OTHER STATES,"1,070"
2017,JUL THRU SEP,PENNSYLVANIA,"1,500"
2017,JUL THRU SEP,SOUTH CAROLINA,"1,700"
2017,JUL THRU SEP,SOUTH DAKOTA,"16,500"
2017,JUL THRU SEP,TENNESSEE,"1,700"
2017,JUL THRU SEP,TEXAS,"15,000"
2017,JUL THRU SEP,UTAH,"6,500"
2017,JUL THRU SEP,VERMONT,180
2017,JUL THRU SEP,VIRGINIA,"1,200"
2017,JUL THRU SEP,WASHINGTON,"17,000"
2017,JUL THRU SEP,WEST VIRGINIA,930
2017,JUL THRU SEP,WISCONSIN,"12,500"
2017,JUL THRU SEP,WYOMING,"5,500"
2017,OCT THRU DEC,ALABAMA,990
2017,OCT THRU DEC,ARIZONA,"6,500"
2017,OCT THRU DEC,ARKANSAS,"7,500"
2017,OCT THRU DEC,CALIFORNIA,"155,000"
2017,OCT THRU DEC,COLORADO,"7,000"
2017,OCT THRU DEC,CONNECTICUT,330
2017,OCT THRU DEC,FLORIDA,"50,000"
2017,OCT THRU DEC,GEORGIA,"21,000"
2017,OCT THRU DEC,HAWAII,130
2017,OCT THRU DEC,IDAHO,"9,000"
2017,OCT THRU DEC,ILLINOIS,"1,800"
2017,OCT THRU DEC,INDIANA,"1,700"
2017,OCT THRU DEC,IOWA,"6,500"
2017,OCT THRU DEC,KANSAS,830
2017,OCT THRU DEC,KENTUCKY,870
2017,OCT THRU DEC,LOUISIANA,"2,700"
2017,OCT THRU DEC,MAINE,60
2017,OCT THRU DEC,MARYLAND,"1,300"
2017,OCT THRU DEC,MASSACHUSETTS,"1,100"
2017,OCT THRU DEC,MICHIGAN,"11,500"
2017,OCT THRU DEC,MINNESOTA,"7,000"
2017,OCT THRU DEC,MISSISSIPPI,"3,400"
2017,OCT THRU DEC,MISSOURI,820
2017,OCT THRU DEC,MONTANA,"13,000"
2017,OCT THRU DEC,NEBRASKA,"7,500"
2017,OCT THRU DEC,NEW JERSEY,"1,200"
2017,OCT THRU DEC,NEW MEXICO,"1,900"
2017,OCT THRU DEC,NEW YORK,"3,900"
2017,OCT THRU DEC,NORTH CAROLINA,"5,000"
2017,OCT THRU DEC,NORTH DAKOTA,"26,000"
2017,OCT THRU DEC,OHIO,"2,800"
2017,OCT THRU DEC,OKLAHOMA,100
2017,OCT THRU DEC,OREGON,"10,000"
2017,OCT THRU DEC,OTHER STATES,360
2017,OCT THRU DEC,PENNSYLVANIA,"5,500"
2017,OCT THRU DEC,SOUTH CAROLINA,"2,000"
2017,OCT THRU DEC,SOUTH DAKOTA,"6,500"
2017,OCT THRU DEC,TENNESSEE,"1,300"
2017,OCT THRU DEC,TEXAS,"20,000"
2017,OCT THRU DEC,UTAH,"2,000"
2017,OCT THRU DEC,VERMONT,470
2017,OCT THRU DEC,VIRGINIA,"1,100"
2017,OCT THRU DEC,WASHINGTON,"4,000"
2017,OCT THRU DEC,WEST VIRGINIA,"1,200"
2017,OCT THRU DEC,WISCONSIN,"8,500"
2017,OCT THRU DEC,WYOMING,"3,500"
2016,APR THRU JUN,ALABAMA,930
2016,APR THRU JUN,ARIZONA,"3,700"
2016,APR THRU JUN,ARKANSAS,"3,400"
2016,APR THRU JUN,CALIFORNIA,"108,000"
2016,APR THRU JUN,COLORADO,"1,800"
2016,APR THRU JUN,CONNECTICUT,100
2016,APR THRU JUN,FLORIDA,"29,000"
2016,APR THRU JUN,GEORGIA,"11,000"
2016,APR THRU JUN,HAWAII,830
2016,APR THRU JUN,IDAHO,"6,000"
2016,APR THRU JUN,ILLINOIS,740
2016,APR THRU JUN,INDIANA,220
2016,APR THRU JUN,IOWA,"2,400"
2016,APR THRU JUN,KANSAS,960
2016,APR THRU JUN,KENTUCKY,450
2016,APR THRU JUN,LOUISIANA,"4,300"
2016,APR THRU JUN,MAINE,"4,200"
2016,APR THRU JUN,MARYLAND,320
2016,APR THRU JUN,MASSACHUSETTS,300
2016,APR THRU JUN,MICHIGAN,"7,500"
2016,APR THRU JUN,MINNESOTA,"13,000"
2016,APR THRU JUN,MISSISSIPPI,"3,700"
2016,APR THRU JUN,MISSOURI,770
2016,APR THRU JUN,MONTANA,"7,000"
2016,APR THRU JUN,NEBRASKA,"6,000"
2016,APR THRU JUN,NEW JERSEY,"1,500"
2016,APR THRU JUN,NEW MEXICO,"1,400"
2016,APR THRU JUN,NEW YORK,"4,000"
2016,APR THRU JUN,NORTH CAROLINA,"1,600"
2016,APR THRU JUN,NORTH DAKOTA,"27,000"
2016,APR THRU JUN,OHIO,"1,700"
2016,APR THRU JUN,OKLAHOMA,310
2016,APR THRU JUN,OREGON,"4,300"
2016,APR THRU JUN,OTHER STATES,"1,070"
2016,APR THRU JUN,PENNSYLVANIA,"1,300"
2016,APR THRU JUN,SOUTH CAROLINA,"1,300"
2016,APR THRU JUN,SOUTH DAKOTA,"11,000"
2016,APR THRU JUN,TENNESSEE,580
2016,APR THRU JUN,TEXAS,"36,000"
2016,APR THRU JUN,UTAH,"4,800"
2016,APR THRU JUN,VERMONT,20
2016,APR THRU JUN,VIRGINIA,230
2016,APR THRU JUN,WASHINGTON,"6,000"
2016,APR THRU JUN,WEST VIRGINIA,990
2016,APR THRU JUN,WISCONSIN,"5,500"
2016,APR THRU JUN,WYOMING,"2,600"
2016,JAN THRU MAR,ALABAMA,"1,700"
2016,JAN THRU MAR,ARIZONA,"4,700"
2016,JAN THRU MAR,ARKANSAS,"5,000"
2016,JAN THRU MAR,CALIFORNIA,"200,000"
2016,JAN THRU MAR,COLORADO,750
2016,JAN THRU MAR,CONNECTICUT,270
2016,JAN THRU MAR,FLORIDA,"40,000"
2016,JAN THRU MAR,GEORGIA,"15,500"
2016,JAN THRU MAR,HAWAII,280
2016,JAN THRU MAR,IDAHO,"8,500"
2016,JAN THRU MAR,ILLINOIS,"1,400"
2016,JAN THRU MAR,INDIANA,770
2016,JAN THRU MAR,IOWA,"2,900"
2016,JAN THRU MAR,KANSAS,"1,100"
2016,JAN THRU MAR,KENTUCKY,"1,300"
2016,JAN THRU MAR,LOUISIANA,"11,000"
2016,JAN THRU MAR,MAINE,170
2016,JAN THRU MAR,MARYLAND,820
2016,JAN THRU MAR,MASSACHUSETTS,370
2016,JAN THRU MAR,MICHIGAN,"5,000"
2016,JAN THRU MAR,MINNESOTA,"5,500"
2016,JAN THRU MAR,MISSISSIPPI,"7,500"
2016,JAN THRU MAR,MISSOURI,"1,300"
2016,JAN THRU MAR,MONTANA,900
2016,JAN THRU MAR,NEBRASKA,720
2016,JAN THRU MAR,NEW JERSEY,"1,000"
2016,JAN THRU MAR,NEW MEXICO,"1,700"
2016,JAN THRU MAR,NEW YORK,"4,200"
2016,JAN THRU MAR,NORTH CAROLINA,"2,600"
2016,JAN THRU MAR,NORTH DAKOTA,"8,500"
2016,JAN THRU MAR,OHIO,"2,900"
2016,JAN THRU MAR,OKLAHOMA,"3,300"
2016,JAN THRU MAR,OREGON,"2,900"
2016,JAN THRU MAR,OTHER STATES,900
2016,JAN THRU MAR,PENNSYLVANIA,"2,900"
2016,JAN THRU MAR,SOUTH CAROLINA,"3,500"
2016,JAN THRU MAR,SOUTH DAKOTA,"10,500"
2016,JAN THRU MAR,TENNESSEE,"1,700"
2016,JAN THRU MAR,TEXAS,"30,000"
2016,JAN THRU MAR,UTAH,"1,900"
2016,JAN THRU MAR,VERMONT,410
2016,JAN THRU MAR,VIRGINIA,"1,100"
2016,JAN THRU MAR,WASHINGTON,"13,500"
2016,JAN THRU MAR,WEST VIRGINIA,"1,700"
2016,JAN THRU MAR,WISCONSIN,"3,100"
2016,JAN THRU MAR,WYOMING,340
2016,JUL THRU SEP,ALABAMA,"1,200"
2016,JUL THRU SEP,ARIZONA,"6,000"
2016,JUL THRU SEP,ARKANSAS,"1,500"
2016,JUL THRU SEP,CALIFORNIA,"82,000"
2016,JUL THRU SEP,COLORADO,"6,500"
2016,JUL THRU SEP,CONNECTICUT,270
2016,JUL THRU SEP,FLORIDA,"25,000"
2016,JUL THRU SEP,GEORGIA,"13,000"
2016,JUL THRU SEP,HAWAII,600
2016,JUL THRU SEP,IDAHO,"13,000"
2016,JUL THRU SEP,ILLINOIS,"1,300"
2016,JUL THRU SEP,INDIANA,600
2016,JUL THRU SEP,IOWA,"5,500"
2016,JUL THRU SEP,KANSAS,"2,600"
2016,JUL THRU SEP,KENTUCKY,"1,000"
2016,JUL THRU SEP,LOUISIANA,"7,000"
2016,JUL THRU SEP,MAINE,420
2016,JUL THRU SEP,MARYLAND,200
2016,JUL THRU SEP,MASSACHUSETTS,530
2016,JUL THRU SEP,MICHIGAN,"15,000"
2016,JUL THRU SEP,MINNESOTA,"26,000"
2016,JUL THRU SEP,MISSISSIPPI,"3,300"
2016,JUL THRU SEP,MISSOURI,650
2016,JUL THRU SEP,MONTANA,"11,500"
2016,JUL THRU SEP,NEBRASKA,"8,500"
2016,JUL THRU SEP,NEW JERSEY,270
2016,JUL THRU SEP,NEW MEXICO,"1,100"
2016,JUL THRU SEP,NEW YORK,"10,000"
2016,JUL THRU SEP,NORTH CAROLINA,"1,400"
2016,JUL THRU SEP,NORTH DAKOTA,"71,000"
2016,JUL THRU SEP,OHIO,"1,600"
2016,JUL THRU SEP,OKLAHOMA,560
2016,JUL THRU SEP,OREGON,"7,500"
2016,JUL THRU SEP,OTHER STATES,"1,920"
2016,JUL THRU SEP,PENNSYLVANIA,"1,300"
2016,JUL THRU SEP,SOUTH CAROLINA,920
2016,JUL THRU SEP,SOUTH DAKOTA,"25,000"
2016,JUL THRU SEP,TENNESSEE,950
2016,JUL THRU SEP,TEXAS,"12,000"
2016,JUL THRU SEP,UTAH,"3,200"
2016,JUL THRU SEP,VERMONT,400
2016,JUL THRU SEP,VIRGINIA,810
2016,JUL THRU SEP,WASHINGTON,"5,000"
2016,JUL THRU SEP,WEST VIRGINIA,190
2016,JUL THRU SEP,WISCONSIN,"12,000"
2016,JUL THRU SEP,WYOMING,"7,000"
2016,OCT THRU DEC,ALABAMA,610
2016,OCT THRU DEC,ARIZONA,"6,500"
2016,OCT THRU DEC,ARKANSAS,"2,500"
2016,OCT THRU DEC,CALIFORNIA,"205,000"
2016,OCT THRU DEC,COLORADO,"4,500"
2016,OCT THRU DEC,CONNECTICUT,240
2016,OCT THRU DEC,FLORIDA,"41,000"
2016,OCT THRU DEC,GEORGIA,"11,000"
2016,OCT THRU DEC,HAWAII,970
2016,OCT THRU DEC,IDAHO,"15,500"
2016,OCT THRU DEC,ILLINOIS,720
2016,OCT THRU DEC,INDIANA,"1,200"
2016,OCT THRU DEC,IOWA,"4,700"
2016,OCT THRU DEC,KANSAS,"1,300"
2016,OCT THRU DEC,KENTUCKY,950
2016,OCT THRU DEC,LOUISIANA,"2,000"
2016,OCT THRU DEC,MAINE,280
2016,OCT THRU DEC,MARYLAND,500
2016,OCT THRU DEC,MASSACHUSETTS,740
2016,OCT THRU DEC,MICHIGAN,"12,500"
2016,OCT THRU DEC,MINNESOTA,"13,500"
2016,OCT THRU DEC,MISSISSIPPI,"2,400"
2016,OCT THRU DEC,MISSOURI,590
2016,OCT THRU DEC,MONTANA,"16,000"
2016,OCT THRU DEC,NEBRASKA,"4,300"
2016,OCT THRU DEC,NEW JERSEY,340
2016,OCT THRU DEC,NEW MEXICO,"1,600"
2016,OCT THRU DEC,NEW YORK,"9,000"
2016,OCT THRU DEC,NORTH CAROLINA,"5,500"
2016,OCT THRU DEC,NORTH DAKOTA,"44,000"
2016,OCT THRU DEC,OHIO,"2,100"
2016,OCT THRU DEC,OKLAHOMA,"2,700"
2016,OCT THRU DEC,OREGON,"9,500"
2016,OCT THRU DEC,OTHER STATES,580
2016,OCT THRU DEC,PENNSYLVANIA,"3,100"
2016,OCT THRU DEC,SOUTH CAROLINA,"1,300"
2016,OCT THRU DEC,SOUTH DAKOTA,"11,000"
2016,OCT THRU DEC,TENNESSEE,840
2016,OCT THRU DEC,TEXAS,"39,000"
2016,OCT THRU DEC,UTAH,"1,600"
2016,OCT THRU DEC,VERMONT,260
2016,OCT THRU DEC,VIRGINIA,730
2016,OCT THRU DEC,WASHINGTON,"9,000"
2016,OCT THRU DEC,WEST VIRGINIA,"1,000"
2016,OCT THRU DEC,WISCONSIN,"7,500"
2016,OCT THRU DEC,WYOMING,"2,200"
2015,APR THRU JUN,ALABAMA,860
2015,APR THRU JUN,ARIZONA,"5,500"
2015,APR THRU JUN,ARKANSAS,"1,900"
2015,APR THRU JUN,CALIFORNIA,"104,000"
2015,APR THRU JUN,COLORADO,"1,900"
2015,APR THRU JUN,CONNECTICUT,80
2015,APR THRU JUN,FLORIDA,"35,000"
2015,APR THRU JUN,GEORGIA,"23,000"
2015,APR THRU JUN,HAWAII,120
2015,APR THRU JUN,IDAHO,"6,500"
2015,APR THRU JUN,ILLINOIS,"1,300"
2015,APR THRU JUN,INDIANA,"1,300"
2015,APR THRU JUN,IOWA,"1,400"
2015,APR THRU JUN,KANSAS,670
2015,APR THRU JUN,KENTUCKY,980
2015,APR THRU JUN,LOUISIANA,"1,800"
2015,APR THRU JUN,MAINE,"3,200"
2015,APR THRU JUN,MARYLAND,370
2015,APR THRU JUN,MASSACHUSETTS,320
2015,APR THRU JUN,MICHIGAN,"9,500"
2015,APR THRU JUN,MINNESOTA,"12,500"
2015,APR THRU JUN,MISSISSIPPI,"11,000"
2015,APR THRU JUN,MISSOURI,500
2015,APR THRU JUN,MONTANA,"4,200"
2015,APR THRU JUN,NEBRASKA,"4,100"
2015,APR THRU JUN,NEW JERSEY,"1,800"
2015,APR THRU JUN,NEW MEXICO,"1,000"
2015,APR THRU JUN,NEW YORK,"1,100"
2015,APR THRU JUN,NORTH CAROLINA,"1,800"
2015,APR THRU JUN,NORTH DAKOTA,"29,000"
2015,APR THRU JUN,OHIO,"2,100"
2015,APR THRU JUN,OKLAHOMA,"2,200"
2015,APR THRU JUN,OREGON,"5,500"
2015,APR THRU JUN,OTHER STATES,"1,940"
2015,APR THRU JUN,PENNSYLVANIA,"1,600"
2015,APR THRU JUN,SOUTH CAROLINA,950
2015,APR THRU JUN,SOUTH DAKOTA,"21,000"
2015,APR THRU JUN,TENNESSEE,730
2015,APR THRU JUN,TEXAS,"33,000"
2015,APR THRU JUN,UTAH,"3,400"
2015,APR THRU JUN,VERMONT,100
2015,APR THRU JUN,VIRGINIA,270
2015,APR THRU JUN,WASHINGTON,"5,000"
2015,APR THRU JUN,WEST VIRGINIA,570
2015,APR THRU JUN,WISCONSIN,"4,600"
2015,APR THRU JUN,WYOMING,"3,200"
2015,JAN THRU MAR,ALABAMA,"1,800"
2015,JAN THRU MAR,ARIZONA,"4,600"
2015,JAN THRU MAR,ARKANSAS,"1,500"
2015,JAN THRU MAR,CALIFORNIA,"255,000"
2015,JAN THRU MAR,COLORADO,"1,500"
2015,JAN THRU MAR,CONNECTICUT,870
2015,JAN THRU MAR,FLORIDA,"42,000"
2015,JAN THRU MAR,GEORGIA,"14,500"
2015,JAN THRU MAR,HAWAII,380
2015,JAN THRU MAR,IDAHO,"3,700"
2015,JAN THRU MAR,ILLINOIS,"4,200"
2015,JAN THRU MAR,INDIANA,"2,100"
2015,JAN THRU MAR,IOWA,"3,100"
2015,JAN THRU MAR,KANSAS,"1,600"
2015,JAN THRU MAR,KENTUCKY,"4,100"
2015,JAN THRU MAR,LOUISIANA,"8,000"
2015,JAN THRU MAR,MAINE,380
2015,JAN THRU MAR,MARYLAND,"4,100"
2015,JAN THRU MAR,MASSACHUSETTS,"1,000"
2015,JAN THRU MAR,MICHIGAN,"11,500"
2015,JAN THRU MAR,MINNESOTA,"3,700"
2015,JAN THRU MAR,MISSISSIPPI,"8,500"
2015,JAN THRU MAR,MISSOURI,"2,000"
2015,JAN THRU MAR,MONTANA,"2,200"
2015,JAN THRU MAR,NEBRASKA,"2,600"
2015,JAN THRU MAR,NEW JERSEY,"1,100"
2015,JAN THRU MAR,NEW MEXICO,690
2015,JAN THRU MAR,NEW YORK,"6,500"
2015,JAN THRU MAR,NORTH CAROLINA,"7,000"
2015,JAN THRU MAR,NORTH DAKOTA,620
2015,JAN THRU MAR,OHIO,"10,500"
2015,JAN THRU MAR,OKLAHOMA,"6,000"
2015,JAN THRU MAR,OREGON,"6,500"
2015,JAN THRU MAR,OTHER STATES,"2,080"
2015,JAN THRU MAR,PENNSYLVANIA,"6,500"
2015,JAN THRU MAR,SOUTH CAROLINA,"2,700"
2015,JAN THRU MAR,SOUTH DAKOTA,"4,600"
2015,JAN THRU MAR,TENNESSEE,"2,000"
2015,JAN THRU MAR,TEXAS,"26,000"
2015,JAN THRU MAR,UTAH,"3,300"
2015,JAN THRU MAR,VERMONT,700
2015,JAN THRU MAR,VIRGINIA,"2,500"
2015,JAN THRU MAR,WASHINGTON,"14,000"
2015,JAN THRU MAR,WEST VIRGINIA,"1,800"
2015,JAN THRU MAR,WISCONSIN,"8,000"
2015,JAN THRU MAR,WYOMING,"2,000"
2015,JUL THRU SEP,ALABAMA,"1,400"
2015,JUL THRU SEP,ARIZONA,"6,000"
2015,JUL THRU SEP,ARKANSAS,"9,000"
2015,JUL THRU SEP,CALIFORNIA,"76,000"
2015,JUL THRU SEP,COLORADO,"4,500"
2015,JUL THRU SEP,CONNECTICUT,50
2015,JUL THRU SEP,FLORIDA,"36,000"
2015,JUL THRU SEP,GEORGIA,"13,000"
2015,JUL THRU SEP,HAWAII,"2,700"
2015,JUL THRU SEP,IDAHO,"14,000"
2015,JUL THRU SEP,ILLINOIS,"1,400"
2015,JUL THRU SEP,INDIANA,"1,600"
2015,JUL THRU SEP,IOWA,"3,000"
2015,JUL THRU SEP,KANSAS,"1,000"
2015,JUL THRU SEP,KENTUCKY,"1,300"
2015,JUL THRU SEP,LOUISIANA,"2,000"
2015,JUL THRU SEP,MAINE,450
2015,JUL THRU SEP,MARYLAND,680
2015,JUL THRU SEP,MASSACHUSETTS,560
2015,JUL THRU SEP,MICHIGAN,"7,000"
2015,JUL THRU SEP,MINNESOTA,"32,000"
2015,JUL THRU SEP,MISSISSIPPI,"3,500"
2015,JUL THRU SEP,MISSOURI,"1,200"
2015,JUL THRU SEP,MONTANA,"10,500"
2015,JUL THRU SEP,NEBRASKA,"6,000"
2015,JUL THRU SEP,NEW JERSEY,210
2015,JUL THRU SEP,NEW MEXICO,"1,600"
2015,JUL THRU SEP,NEW YORK,"6,500"
2015,JUL THRU SEP,NORTH CAROLINA,"2,900"
2015,JUL THRU SEP,NORTH DAKOTA,"93,000"
2015,JUL THRU SEP,OHIO,"1,900"
2015,JUL THRU SEP,OKLAHOMA,230
2015,JUL THRU SEP,OREGON,"8,500"
2015,JUL THRU SEP,OTHER STATES,900
2015,JUL THRU SEP,PENNSYLVANIA,"1,800"
2015,JUL THRU SEP,SOUTH CAROLINA,"2,000"
2015,JUL THRU SEP,SOUTH DAKOTA,"53,000"
2015,JUL THRU SEP,TENNESSEE,"1,200"
2015,JUL THRU SEP,TEXAS,"16,500"
2015,JUL THRU SEP,UTAH,"8,000"
2015,JUL THRU SEP,VERMONT,40
2015,JUL THRU SEP,VIRGINIA,680
2015,JUL THRU SEP,WASHINGTON,"11,500"
2015,JUL THRU SEP,WEST VIRGINIA,300
2015,JUL THRU SEP,WISCONSIN,"9,000"
2015,JUL THRU SEP,WYOMING,"2,500"
2015,OCT THRU DEC,ALABAMA,610
2015,OCT THRU DEC,ARIZONA,"12,000"
2015,OCT THRU DEC,ARKANSAS,"2,400"
2015,OCT THRU DEC,CALIFORNIA,"149,000"
2015,OCT THRU DEC,COLORADO,"2,500"
2015,OCT THRU DEC,CONNECTICUT,210
2015,OCT THRU DEC,FLORIDA,"37,000"
2015,OCT THRU DEC,GEORGIA,"18,000"
2015,OCT THRU DEC,HAWAII,690
2015,OCT THRU DEC,IDAHO,"22,000"
2015,OCT THRU DEC,ILLINOIS,690
2015,OCT THRU DEC,INDIANA,"1,100"
2015,OCT THRU DEC,IOWA,"4,300"
2015,OCT THRU DEC,KANSAS,"3,400"
2015,OCT THRU DEC,KENTUCKY,"1,100"
2015,OCT THRU DEC,LOUISIANA,"4,900"
2015,OCT THRU DEC,MAINE,60
2015,OCT THRU DEC,MARYLAND,730
2015,OCT THRU DEC,MASSACHUSETTS,260
2015,OCT THRU DEC,MICHIGAN,"9,000"
2015,OCT THRU DEC,MINNESOTA,"10,000"
2015,OCT THRU DEC,MISSISSIPPI,"1,500"
2015,OCT THRU DEC,MISSOURI,690
2015,OCT THRU DEC,MONTANA,"10,000"
2015,OCT THRU DEC,NEBRASKA,"7,000"
2015,OCT THRU DEC,NEW JERSEY,270
2015,OCT THRU DEC,NEW MEXICO,290
2015,OCT THRU DEC,NEW YORK,"4,000"
2015,OCT THRU DEC,NORTH CAROLINA,"2,200"
2015,OCT THRU DEC,NORTH DAKOTA,"35,000"
2015,OCT THRU DEC,OHIO,"2,400"
2015,OCT THRU DEC,OKLAHOMA,650
2015,OCT THRU DEC,OREGON,"8,500"
2015,OCT THRU DEC,OTHER STATES,"1,630"
2015,OCT THRU DEC,PENNSYLVANIA,"2,500"
2015,OCT THRU DEC,SOUTH CAROLINA,"2,200"
2015,OCT THRU DEC,SOUTH DAKOTA,"9,000"
2015,OCT THRU DEC,TENNESSEE,"1,100"
2015,OCT THRU DEC,TEXAS,"25,000"
2015,OCT THRU DEC,UTAH,"1,900"
2015,OCT THRU DEC,VERMONT,940
2015,OCT THRU DEC,VIRGINIA,750
2015,OCT THRU DEC,WASHINGTON,"6,500"
2015,OCT THRU DEC,WEST VIRGINIA,610
2015,OCT THRU DEC,WISCONSIN,"6,500"
2015,OCT THRU DEC,WYOMING,"1,300"