Year,Period,State,"Colonies Loss, Colony Collapse Disorder"
2022,APR THRU JUN,ALABAMA,270
2022,APR THRU JUN,ARIZONA,820
2022,APR THRU JUN,ARKANSAS,380
2022,APR THRU JUN,CALIFORNIA,"6,000"
2022,APR THRU JUN,COLORADO,60
2022,APR THRU JUN,CONNECTICUT,0
2022,APR THRU JUN,FLORIDA,"5,500"
2022,APR THRU JUN,GEORGIA,"4,900"
2022,APR THRU JUN,HAWAII,130
2022,APR THRU JUN,IDAHO,"2,800"
2022,APR THRU JUN,ILLINOIS,110
2022,APR THRU JUN,INDIANA,0
2022,APR THRU JUN,IOWA,100
2022,APR THRU JUN,KANSAS,400
2022,APR THRU JUN,KENTUCKY,80
2022,APR THRU JUN,LOUISIANA,960
2022,APR THRU JUN,MAINE,100
2022,APR THRU JUN,MARYLAND,150
2022,APR THRU JUN,MASSACHUSETTS,40
2022,APR THRU JUN,MICHIGAN,"3,000"
2022,APR THRU JUN,MINNESOTA,410
2022,APR THRU JUN,MISSISSIPPI,570
2022,APR THRU JUN,MISSOURI,110
2022,APR THRU JUN,MONTANA,"4,300"
2022,APR THRU JUN,NEBRASKA,10
2022,APR THRU JUN,NEW JERSEY,0
2022,APR THRU JUN,NEW MEXICO,340
2022,APR THRU JUN,NEW YORK,470
2022,APR THRU JUN,NORTH CAROLINA,50
2022,APR THRU JUN,NORTH DAKOTA,"7,000"
2022,APR THRU JUN,OHIO,140
2022,APR THRU JUN,OKLAHOMA,30
2022,APR THRU JUN,OREGON,"2,800"
2022,APR THRU JUN,PENNSYLVANIA,590
2022,APR THRU JUN,SOUTH CAROLINA,100
2022,APR THRU JUN,SOUTH DAKOTA,150
2022,APR THRU JUN,TENNESSEE,220
2022,APR THRU JUN,TEXAS,"3,000"
2022,APR THRU JUN,UTAH,"2,200"
2022,APR THRU JUN,VERMONT,280
2022,APR THRU JUN,VIRGINIA,100
2022,APR THRU JUN,WASHINGTON,"2,000"
2022,APR THRU JUN,WEST VIRGINIA,120
2022,APR THRU JUN,WISCONSIN,130
2022,APR THRU JUN,WYOMING,580
2022,JAN THRU MAR,ALABAMA,70
2022,JAN THRU MAR,ARIZONA,"1,300"
2022,JAN THRU MAR,ARKANSAS,540
2022,JAN THRU MAR,CALIFORNIA,"14,000"
2022,JAN THRU MAR,COLORADO,120
2022,JAN THRU MAR,CONNECTICUT,70
2022,JAN THRU MAR,FLORIDA,"3,700"
2022,JAN THRU MAR,GEORGIA,"7,000"
2022,JAN THRU MAR,HAWAII,0
2022,JAN THRU MAR,IDAHO,"4,700"
2022,JAN THRU MAR,ILLINOIS,390
2022,JAN THRU MAR,INDIANA,200
2022,JAN THRU MAR,IOWA,500
2022,JAN THRU MAR,KANSAS,110
2022,JAN THRU MAR,KENTUCKY,280
2022,JAN THRU MAR,LOUISIANA,770
2022,JAN THRU MAR,MAINE,170
2022,JAN THRU MAR,MARYLAND,130
2022,JAN THRU MAR,MASSACHUSETTS,40
2022,JAN THRU MAR,MICHIGAN,"2,900"
2022,JAN THRU MAR,MINNESOTA,"5,500"
2022,JAN THRU MAR,MISSISSIPPI,610
2022,JAN THRU MAR,MISSOURI,160
2022,JAN THRU MAR,MONTANA,20
2022,JAN THRU MAR,NEBRASKA,760
2022,JAN THRU MAR,NEW JERSEY,40
2022,JAN THRU MAR,NEW MEXICO,"1,200"
2022,JAN THRU MAR,NEW YORK,910
2022,JAN THRU MAR,NORTH CAROLINA,130
2022,JAN THRU MAR,NORTH DAKOTA,"9,500"
2022,JAN THRU MAR,OHIO,980
2022,JAN THRU MAR,OKLAHOMA,20
2022,JAN THRU MAR,OREGON,"6,500"
2022,JAN THRU MAR,PENNSYLVANIA,840
2022,JAN THRU MAR,SOUTH CAROLINA,200
2022,JAN THRU MAR,SOUTH DAKOTA,490
2022,JAN THRU MAR,TENNESSEE,590
2022,JAN THRU MAR,TEXAS,"10,500"
2022,JAN THRU MAR,UTAH,"1,700"
2022,JAN THRU MAR,VERMONT,20
2022,JAN THRU MAR,VIRGINIA,660
2022,JAN THRU MAR,WASHINGTON,"3,400"
2022,JAN THRU MAR,WEST VIRGINIA,370
2022,JAN THRU MAR,WISCONSIN,"3,200"
2022,JAN THRU MAR,WYOMING,760
2021,APR THRU JUN,ALABAMA,90
2021,APR THRU JUN,ARIZONA,"1,300"
2021,APR THRU JUN,ARKANSAS,410
2021,APR THRU JUN,CALIFORNIA,"10,000"
2021,APR THRU JUN,COLORADO,120
2021,APR THRU JUN,CONNECTICUT,10
2021,APR THRU JUN,FLORIDA,"9,000"
2021,APR THRU JUN,GEORGIA,"3,900"
2021,APR THRU JUN,HAWAII,180
2021,APR THRU JUN,IDAHO,"3,400"
2021,APR THRU JUN,ILLINOIS,90
2021,APR THRU JUN,INDIANA,230
2021,APR THRU JUN,IOWA,"1,200"
2021,APR THRU JUN,KANSAS,740
2021,APR THRU JUN,KENTUCKY,50
2021,APR THRU JUN,LOUISIANA,230
2021,APR THRU JUN,MAINE,50
2021,APR THRU JUN,MARYLAND,50
2021,APR THRU JUN,MASSACHUSETTS,30
2021,APR THRU JUN,MICHIGAN,"1,300"
2021,APR THRU JUN,MINNESOTA,730
2021,APR THRU JUN,MISSISSIPPI,310
2021,APR THRU JUN,MISSOURI,40
2021,APR THRU JUN,MONTANA,820
2021,APR THRU JUN,NEBRASKA,"1,200"
2021,APR THRU JUN,NEW JERSEY,50
2021,APR THRU JUN,NEW MEXICO,370
2021,APR THRU JUN,NEW YORK,820
2021,APR THRU JUN,NORTH CAROLINA,150
2021,APR THRU JUN,NORTH DAKOTA,"7,000"
2021,APR THRU JUN,OHIO,100
2021,APR THRU JUN,OKLAHOMA,0
2021,APR THRU JUN,OREGON,530
2021,APR THRU JUN,PENNSYLVANIA,430
2021,APR THRU JUN,SOUTH CAROLINA,140
2021,APR THRU JUN,SOUTH DAKOTA,170
2021,APR THRU JUN,TENNESSEE,80
2021,APR THRU JUN,TEXAS,780
2021,APR THRU JUN,UTAH,540
2021,APR THRU JUN,VERMONT,10
2021,APR THRU JUN,VIRGINIA,120
2021,APR THRU JUN,WASHINGTON,240
2021,APR THRU JUN,WEST VIRGINIA,40
2021,APR THRU JUN,WISCONSIN,670
2021,APR THRU JUN,WYOMING,"1,700"
2021,JAN THRU MAR,ALABAMA,270
2021,JAN THRU MAR,ARIZONA,"1,000"
2021,JAN THRU MAR,ARKANSAS,"1,200"
2021,JAN THRU MAR,CALIFORNIA,"6,000"
2021,JAN THRU MAR,COLORADO,"3,100"
2021,JAN THRU MAR,CONNECTICUT,160
2021,JAN THRU MAR,FLORIDA,"7,500"
2021,JAN THRU MAR,GEORGIA,"6,500"
2021,JAN THRU MAR,HAWAII,40
2021,JAN THRU MAR,IDAHO,"5,000"
2021,JAN THRU MAR,ILLINOIS,270
2021,JAN THRU MAR,INDIANA,450
2021,JAN THRU MAR,IOWA,790
2021,JAN THRU MAR,KANSAS,190
2021,JAN THRU MAR,KENTUCKY,240
2021,JAN THRU MAR,LOUISIANA,450
2021,JAN THRU MAR,MAINE,170
2021,JAN THRU MAR,MARYLAND,110
2021,JAN THRU MAR,MASSACHUSETTS,210
2021,JAN THRU MAR,MICHIGAN,"3,300"
2021,JAN THRU MAR,MINNESOTA,"6,000"
2021,JAN THRU MAR,MISSISSIPPI,300
2021,JAN THRU MAR,MISSOURI,160
2021,JAN THRU MAR,MONTANA,"1,000"
2021,JAN THRU MAR,NEBRASKA,540
2021,JAN THRU MAR,NEW JERSEY,600
2021,JAN THRU MAR,NEW MEXICO,10
2021,JAN THRU MAR,NEW YORK,"1,800"
2021,JAN THRU MAR,NORTH CAROLINA,70
2021,JAN THRU MAR,NORTH DAKOTA,"8,500"
2021,JAN THRU MAR,OHIO,180
2021,JAN THRU MAR,OKLAHOMA,"1,100"
2021,JAN THRU MAR,OREGON,"4,500"
2021,JAN THRU MAR,PENNSYLVANIA,"1,900"
2021,JAN THRU MAR,SOUTH CAROLINA,160
2021,JAN THRU MAR,SOUTH DAKOTA,"2,100"
2021,JAN THRU MAR,TENNESSEE,830
2021,JAN THRU MAR,TEXAS,"5,000"
2021,JAN THRU MAR,UTAH,230
2021,JAN THRU MAR,VERMONT,140
2021,JAN THRU MAR,VIRGINIA,840
2021,JAN THRU MAR,WASHINGTON,"1,500"
2021,JAN THRU MAR,WEST VIRGINIA,480
2021,JAN THRU MAR,WISCONSIN,"1,700"
2021,JAN THRU MAR,WYOMING,530
2021,JUL THRU SEP,ALABAMA,170
2021,JUL THRU SEP,ARIZONA,"2,700"
2021,JUL THRU SEP,ARKANSAS,300
2021,JUL THRU SEP,CALIFORNIA,"10,500"
2021,JUL THRU SEP,COLORADO,350
2021,JUL THRU SEP,CONNECTICUT,30
2021,JUL THRU SEP,FLORIDA,"10,000"
2021,JUL THRU SEP,GEORGIA,"6,500"
2021,JUL THRU SEP,HAWAII,0
2021,JUL THRU SEP,IDAHO,"1,000"
2021,JUL THRU SEP,ILLINOIS,170
2021,JUL THRU SEP,INDIANA,40
2021,JUL THRU SEP,IOWA,60
2021,JUL THRU SEP,KANSAS,450
2021,JUL THRU SEP,KENTUCKY,150
2021,JUL THRU SEP,LOUISIANA,"1,400"
2021,JUL THRU SEP,MAINE,50
2021,JUL THRU SEP,MARYLAND,320
2021,JUL THRU SEP,MASSACHUSETTS,20
2021,JUL THRU SEP,MICHIGAN,"2,800"
2021,JUL THRU SEP,MINNESOTA,"2,300"
2021,JUL THRU SEP,MISSISSIPPI,460
2021,JUL THRU SEP,MISSOURI,50
2021,JUL THRU SEP,MONTANA,670
2021,JUL THRU SEP,NEBRASKA,480
2021,JUL THRU SEP,NEW JERSEY,40
2021,JUL THRU SEP,NEW MEXICO,10
2021,JUL THRU SEP,NEW YORK,"2,200"
2021,JUL THRU SEP,NORTH CAROLINA,730
2021,JUL THRU SEP,NORTH DAKOTA,"1,800"
2021,JUL THRU SEP,OHIO,450
2021,JUL THRU SEP,OKLAHOMA,80
2021,JUL THRU SEP,OREGON,"4,100"
2021,JUL THRU SEP,PENNSYLVANIA,350
2021,JUL THRU SEP,SOUTH CAROLINA,90
2021,JUL THRU SEP,SOUTH DAKOTA,470
2021,JUL THRU SEP,TENNESSEE,230
2021,JUL THRU SEP,TEXAS,"18,500"
2021,JUL THRU SEP,UTAH,340
2021,JUL THRU SEP,VERMONT,0
2021,JUL THRU SEP,VIRGINIA,330
2021,JUL THRU SEP,WASHINGTON,"1,500"
2021,JUL THRU SEP,WEST VIRGINIA,180
2021,JUL THRU SEP,WISCONSIN,"2,100"
2021,JUL THRU SEP,WYOMING,410
2021,OCT THRU DEC,ALABAMA,160
2021,OCT THRU DEC,ARIZONA,380
2021,OCT THRU DEC,ARKANSAS,250
2021,OCT THRU DEC,CALIFORNIA,"10,000"
2021,OCT THRU DEC,COLORADO,"1,300"
2021,OCT THRU DEC,CONNECTICUT,90
2021,OCT THRU DEC,FLORIDA,"10,500"
2021,OCT THRU DEC,GEORGIA,"7,500"
2021,OCT THRU DEC,HAWAII,0
2021,OCT THRU DEC,IDAHO,"10,500"
2021,OCT THRU DEC,ILLINOIS,340
2021,OCT THRU DEC,INDIANA,180
2021,OCT THRU DEC,IOWA,"2,100"
2021,OCT THRU DEC,KANSAS,200
2021,OCT THRU DEC,KENTUCKY,160
2021,OCT THRU DEC,LOUISIANA,450
2021,OCT THRU DEC,MAINE,30
2021,OCT THRU DEC,MARYLAND,120
2021,OCT THRU DEC,MASSACHUSETTS,20
2021,OCT THRU DEC,MICHIGAN,"1,000"
2021,OCT THRU DEC,MINNESOTA,"1,900"
2021,OCT THRU DEC,MISSISSIPPI,600
2021,OCT THRU DEC,MISSOURI,260
2021,OCT THRU DEC,MONTANA,180
2021,OCT THRU DEC,NEBRASKA,"2,200"
2021,OCT THRU DEC,NEW JERSEY,0
2021,OCT THRU DEC,NEW MEXICO,0
2021,OCT THRU DEC,NEW YORK,"1,900"
2021,OCT THRU DEC,NORTH CAROLINA,"1,900"
2021,OCT THRU DEC,NORTH DAKOTA,"8,500"
2021,OCT THRU DEC,OHIO,460
2021,OCT THRU DEC,OKLAHOMA,190
2021,OCT THRU DEC,OREGON,"6,000"
2021,OCT THRU DEC,PENNSYLVANIA,830
2021,OCT THRU DEC,SOUTH CAROLINA,120
2021,OCT THRU DEC,SOUTH DAKOTA,"1,300"
2021,OCT THRU DEC,TENNESSEE,280
2021,OCT THRU DEC,TEXAS,"2,600"
2021,OCT THRU DEC,UTAH,310
2021,OCT THRU DEC,VERMONT,20
2021,OCT THRU DEC,VIRGINIA,280
2021,OCT THRU DEC,WASHINGTON,"4,500"
2021,OCT THRU DEC,WEST VIRGINIA,260
2021,OCT THRU DEC,WISCONSIN,"1,600"
2021,OCT THRU DEC,WYOMING,870
2020,APR THRU JUN,ALABAMA,410
2020,APR THRU JUN,ARIZONA,140
2020,APR THRU JUN,ARKANSAS,900
2020,APR THRU JUN,CALIFORNIA,"3,200"
2020,APR THRU JUN,COLORADO,310
2020,APR THRU JUN,CONNECTICUT,0
2020,APR THRU JUN,FLORIDA,"12,000"
2020,APR THRU JUN,GEORGIA,"3,300"
2020,APR THRU JUN,HAWAII,0
2020,APR THRU JUN,IDAHO,"2,400"
2020,APR THRU JUN,ILLINOIS,190
2020,APR THRU JUN,INDIANA,30
2020,APR THRU JUN,IOWA,440
2020,APR THRU JUN,KANSAS,270
2020,APR THRU JUN,KENTUCKY,120
2020,APR THRU JUN,LOUISIANA,650
2020,APR THRU JUN,MAINE,0
2020,APR THRU JUN,MARYLAND,0
2020,APR THRU JUN,MASSACHUSETTS,40
2020,APR THRU JUN,MICHIGAN,420
2020,APR THRU JUN,MINNESOTA,870
2020,APR THRU JUN,MISSISSIPPI,260
2020,APR THRU JUN,MISSOURI,200
2020,APR THRU JUN,MONTANA,"1,500"
2020,APR THRU JUN,NEBRASKA,700
2020,APR THRU JUN,NEW JERSEY,10
2020,APR THRU JUN,NEW MEXICO,0
2020,APR THRU JUN,NEW YORK,20
2020,APR THRU JUN,NORTH CAROLINA,290
2020,APR THRU JUN,NORTH DAKOTA,"9,000"
2020,APR THRU JUN,OHIO,130
2020,APR THRU JUN,OKLAHOMA,40
2020,APR THRU JUN,OREGON,"1,500"
2020,APR THRU JUN,PENNSYLVANIA,120
2020,APR THRU JUN,SOUTH CAROLINA,310
2020,APR THRU JUN,SOUTH DAKOTA,"2,800"
2020,APR THRU JUN,TENNESSEE,210
2020,APR THRU JUN,TEXAS,"4,100"
2020,APR THRU JUN,UTAH,130
2020,APR THRU JUN,VERMONT,0
2020,APR THRU JUN,VIRGINIA,170
2020,APR THRU JUN,WASHINGTON,370
2020,APR THRU JUN,WEST VIRGINIA,130
2020,APR THRU JUN,WISCONSIN,90
2020,APR THRU JUN,WYOMING,500
2020,JAN THRU MAR,ALABAMA,70
2020,JAN THRU MAR,ARIZONA,"4,300"
2020,JAN THRU MAR,ARKANSAS,390
2020,JAN THRU MAR,CALIFORNIA,"19,000"
2020,JAN THRU MAR,COLORADO,620
2020,JAN THRU MAR,CONNECTICUT,10
2020,JAN THRU MAR,FLORIDA,"11,500"
2020,JAN THRU MAR,GEORGIA,"8,500"
2020,JAN THRU MAR,HAWAII,260
2020,JAN THRU MAR,IDAHO,"5,500"
2020,JAN THRU MAR,ILLINOIS,520
2020,JAN THRU MAR,INDIANA,210
2020,JAN THRU MAR,IOWA,620
2020,JAN THRU MAR,KANSAS,700
2020,JAN THRU MAR,KENTUCKY,140
2020,JAN THRU MAR,LOUISIANA,640
2020,JAN THRU MAR,MAINE,60
2020,JAN THRU MAR,MARYLAND,380
2020,JAN THRU MAR,MASSACHUSETTS,150
2020,JAN THRU MAR,MICHIGAN,"1,400"
2020,JAN THRU MAR,MINNESOTA,"6,500"
2020,JAN THRU MAR,MISSISSIPPI,800
2020,JAN THRU MAR,MISSOURI,160
2020,JAN THRU MAR,MONTANA,"4,500"
2020,JAN THRU MAR,NEBRASKA,"1,500"
2020,JAN THRU MAR,NEW JERSEY,60
2020,JAN THRU MAR,NEW MEXICO,0
2020,JAN THRU MAR,NEW YORK,940
2020,JAN THRU MAR,NORTH CAROLINA,"1,900"
2020,JAN THRU MAR,NORTH DAKOTA,"11,500"
2020,JAN THRU MAR,OHIO,"3,900"
2020,JAN THRU MAR,OKLAHOMA,60
2020,JAN THRU MAR,OREGON,950
2020,JAN THRU MAR,PENNSYLVANIA,430
2020,JAN THRU MAR,SOUTH CAROLINA,160
2020,JAN THRU MAR,SOUTH DAKOTA,"1,100"
2020,JAN THRU MAR,TENNESSEE,410
2020,JAN THRU MAR,TEXAS,"4,200"
2020,JAN THRU MAR,UTAH,960
2020,JAN THRU MAR,VERMONT,60
2020,JAN THRU MAR,VIRGINIA,370
2020,JAN THRU MAR,WASHINGTON,"6,500"
2020,JAN THRU MAR,WEST VIRGINIA,200
2020,JAN THRU MAR,WISCONSIN,"1,600"
2020,JAN THRU MAR,WYOMING,"1,500"
2020,JUL THRU SEP,ALABAMA,240
2020,JUL THRU SEP,ARIZONA,"5,500"
2020,JUL THRU SEP,ARKANSAS,900
2020,JUL THRU SEP,CALIFORNIA,"10,500"
2020,JUL THRU SEP,COLORADO,70
2020,JUL THRU SEP,CONNECTICUT,80
2020,JUL THRU SEP,FLORIDA,"10,000"
2020,JUL THRU SEP,GEORGIA,"10,000"
2020,JUL THRU SEP,HAWAII,30
2020,JUL THRU SEP,IDAHO,"1,900"
2020,JUL THRU SEP,ILLINOIS,180
2020,JUL THRU SEP,INDIANA,90
2020,JUL THRU SEP,IOWA,430
2020,JUL THRU SEP,KANSAS,310
2020,JUL THRU SEP,KENTUCKY,220
2020,JUL THRU SEP,LOUISIANA,"1,200"
2020,JUL THRU SEP,MAINE,10
2020,JUL THRU SEP,MARYLAND,60
2020,JUL THRU SEP,MASSACHUSETTS,40
2020,JUL THRU SEP,MICHIGAN,"8,500"
2020,JUL THRU SEP,MINNESOTA,"1,900"
2020,JUL THRU SEP,MISSISSIPPI,890
2020,JUL THRU SEP,MISSOURI,250
2020,JUL THRU SEP,MONTANA,360
2020,JUL THRU SEP,NEBRASKA,300
2020,JUL THRU SEP,NEW JERSEY,30
2020,JUL THRU SEP,NEW MEXICO,0
2020,JUL THRU SEP,NEW YORK,850
2020,JUL THRU SEP,NORTH CAROLINA,"1,100"
2020,JUL THRU SEP,NORTH DAKOTA,"7,000"
2020,JUL THRU SEP,OHIO,200
2020,JUL THRU SEP,OKLAHOMA,120
2020,JUL THRU SEP,OREGON,"5,500"
2020,JUL THRU SEP,PENNSYLVANIA,460
2020,JUL THRU SEP,SOUTH CAROLINA,550
2020,JUL THRU SEP,SOUTH DAKOTA,470
2020,JUL THRU SEP,TENNESSEE,470
2020,JUL THRU SEP,TEXAS,"1,800"
2020,JUL THRU SEP,UTAH,200
2020,JUL THRU SEP,VERMONT,30
2020,JUL THRU SEP,VIRGINIA,160
2020,JUL THRU SEP,WASHINGTON,"2,500"
2020,JUL THRU SEP,WEST VIRGINIA,480
2020,JUL THRU SEP,WISCONSIN,"2,000"
2020,JUL THRU SEP,WYOMING,310
2020,OCT THRU DEC,ALABAMA,70
2020,OCT THRU DEC,ARIZONA,"1,000"
2020,OCT THRU DEC,ARKANSAS,820
2020,OCT THRU DEC,CALIFORNIA,"21,000"
2020,OCT THRU DEC,COLORADO,150
2020,OCT THRU DEC,CONNECTICUT,0
2020,OCT THRU DEC,FLORIDA,"13,500"
2020,OCT THRU DEC,GEORGIA,"10,000"
2020,OCT THRU DEC,HAWAII,40
2020,OCT THRU DEC,IDAHO,"4,400"
2020,OCT THRU DEC,ILLINOIS,310
2020,OCT THRU DEC,INDIANA,210
2020,OCT THRU DEC,IOWA,"1,100"
2020,OCT THRU DEC,KANSAS,620
2020,OCT THRU DEC,KENTUCKY,150
2020,OCT THRU DEC,LOUISIANA,20
2020,OCT THRU DEC,MAINE,40
2020,OCT THRU DEC,MARYLAND,100
2020,OCT THRU DEC,MASSACHUSETTS,250
2020,OCT THRU DEC,MICHIGAN,"4,500"
2020,OCT THRU DEC,MINNESOTA,"5,000"
2020,OCT THRU DEC,MISSISSIPPI,300
2020,OCT THRU DEC,MISSOURI,190
2020,OCT THRU DEC,MONTANA,"1,000"
2020,OCT THRU DEC,NEBRASKA,"4,700"
2020,OCT THRU DEC,NEW JERSEY,60
2020,OCT THRU DEC,NEW MEXICO,"2,800"
2020,OCT THRU DEC,NEW YORK,"1,700"
2020,OCT THRU DEC,NORTH CAROLINA,"2,300"
2020,OCT THRU DEC,NORTH DAKOTA,"16,000"
2020,OCT THRU DEC,OHIO,240
2020,OCT THRU DEC,OKLAHOMA,20
2020,OCT THRU DEC,OREGON,"3,700"
2020,OCT THRU DEC,PENNSYLVANIA,350
2020,OCT THRU DEC,SOUTH CAROLINA,440
2020,OCT THRU DEC,SOUTH DAKOTA,"1,000"
2020,OCT THRU DEC,TENNESSEE,80
2020,OCT THRU DEC,TEXAS,"3,000"
2020,OCT THRU DEC,UTAH,400
2020,OCT THRU DEC,VERMONT,10
2020,OCT THRU DEC,VIRGINIA,160
2020,OCT THRU DEC,WASHINGTON,"10,500"
2020,OCT THRU DEC,WEST VIRGINIA,150
2020,OCT THRU DEC,WISCONSIN,"2,700"
2020,OCT THRU DEC,WYOMING,"1,800"
2019,JAN THRU MAR,ALABAMA,140
2019,JAN THRU MAR,ARIZONA,"1,500"
2019,JAN THRU MAR,ARKANSAS,320
2019,JAN THRU MAR,CALIFORNIA,"14,000"
2019,JAN THRU MAR,COLORADO,"1,500"
2019,JAN THRU MAR,CONNECTICUT,90
2019,JAN THRU MAR,FLORIDA,"3,900"
2019,JAN THRU MAR,GEORGIA,"2,300"
2019,JAN THRU MAR,HAWAII,80
2019,JAN THRU MAR,IDAHO,"3,700"
2019,JAN THRU MAR,ILLINOIS,530
2019,JAN THRU MAR,INDIANA,150
2019,JAN THRU MAR,IOWA,270
2019,JAN THRU MAR,KANSAS,430
2019,JAN THRU MAR,KENTUCKY,70
2019,JAN THRU MAR,LOUISIANA,550
2019,JAN THRU MAR,MAINE,10
2019,JAN THRU MAR,MARYLAND,50
2019,JAN THRU MAR,MASSACHUSETTS,50
2019,JAN THRU MAR,MICHIGAN,"3,300"
2019,JAN THRU MAR,MINNESOTA,"1,900"
2019,JAN THRU MAR,MISSISSIPPI,160
2019,JAN THRU MAR,MISSOURI,340
2019,JAN THRU MAR,MONTANA,620
2019,JAN THRU MAR,NEBRASKA,"1,500"
2019,JAN THRU MAR,NEW JERSEY,0
2019,JAN THRU MAR,NEW MEXICO,0
2019,JAN THRU MAR,NEW YORK,750
2019,JAN THRU MAR,NORTH CAROLINA,350
2019,JAN THRU MAR,NORTH DAKOTA,"1,600"
2019,JAN THRU MAR,OHIO,"1,500"
2019,JAN THRU MAR,OKLAHOMA,10
2019,JAN THRU MAR,OREGON,"2,300"
2019,JAN THRU MAR,OTHER STATES,140
2019,JAN THRU MAR,PENNSYLVANIA,"1,200"
2019,JAN THRU MAR,SOUTH CAROLINA,110
2019,JAN THRU MAR,SOUTH DAKOTA,"2,400"
2019,JAN THRU MAR,TENNESSEE,320
2019,JAN THRU MAR,TEXAS,600
2019,JAN THRU MAR,UTAH,"3,200"
2019,JAN THRU MAR,VERMONT,40
2019,JAN THRU MAR,VIRGINIA,150
2019,JAN THRU MAR,WASHINGTON,"5,500"
2019,JAN THRU MAR,WEST VIRGINIA,530
2019,JAN THRU MAR,WISCONSIN,800
2019,JAN THRU MAR,WYOMING,980
2019,JUL THRU SEP,ALABAMA,180
2019,JUL THRU SEP,ARIZONA,770
2019,JUL THRU SEP,ARKANSAS,990
2019,JUL THRU SEP,CALIFORNIA,"12,000"
2019,JUL THRU SEP,COLORADO,"1,700"
2019,JUL THRU SEP,CONNECTICUT,20
2019,JUL THRU SEP,FLORIDA,"6,000"
2019,JUL THRU SEP,GEORGIA,"8,500"
2019,JUL THRU SEP,HAWAII,0
2019,JUL THRU SEP,IDAHO,"1,100"
2019,JUL THRU SEP,ILLINOIS,100
2019,JUL THRU SEP,INDIANA,90
2019,JUL THRU SEP,IOWA,250
2019,JUL THRU SEP,KANSAS,310
2019,JUL THRU SEP,KENTUCKY,200
2019,JUL THRU SEP,LOUISIANA,910
2019,JUL THRU SEP,MAINE,10
2019,JUL THRU SEP,MARYLAND,50
2019,JUL THRU SEP,MASSACHUSETTS,170
2019,JUL THRU SEP,MICHIGAN,"1,800"
2019,JUL THRU SEP,MINNESOTA,"2,400"
2019,JUL THRU SEP,MISSISSIPPI,610
2019,JUL THRU SEP,MISSOURI,20
2019,JUL THRU SEP,MONTANA,"1,200"
2019,JUL THRU SEP,NEBRASKA,540
2019,JUL THRU SEP,NEW JERSEY,240
2019,JUL THRU SEP,NEW MEXICO,70
2019,JUL THRU SEP,NEW YORK,"3,200"
2019,JUL THRU SEP,NORTH CAROLINA,300
2019,JUL THRU SEP,NORTH DAKOTA,"7,000"
2019,JUL THRU SEP,OHIO,220
2019,JUL THRU SEP,OKLAHOMA,20
2019,JUL THRU SEP,OREGON,470
2019,JUL THRU SEP,OTHER STATES,0
2019,JUL THRU SEP,PENNSYLVANIA,130
2019,JUL THRU SEP,SOUTH CAROLINA,80
2019,JUL THRU SEP,SOUTH DAKOTA,"1,200"
2019,JUL THRU SEP,TENNESSEE,140
2019,JUL THRU SEP,TEXAS,"6,500"
2019,JUL THRU SEP,UTAH,950
2019,JUL THRU SEP,VERMONT,10
2019,JUL THRU SEP,VIRGINIA,80
2019,JUL THRU SEP,WASHINGTON,"4,500"
2019,JUL THRU SEP,WEST VIRGINIA,290
2019,JUL THRU SEP,WISCONSIN,820
2019,JUL THRU SEP,WYOMING,"1,100"
2019,OCT THRU DEC,ALABAMA,110
2019,OCT THRU DEC,ARIZONA,"3,400"
2019,OCT THRU DEC,ARKANSAS,560
2019,OCT THRU DEC,CALIFORNIA,"18,500"
2019,OCT THRU DEC,COLORADO,"1,400"
2019,OCT THRU DEC,CONNECTICUT,10
2019,OCT THRU DEC,FLORIDA,"10,000"
2019,OCT THRU DEC,GEORGIA,"11,000"
2019,OCT THRU DEC,HAWAII,60
2019,OCT THRU DEC,IDAHO,"3,300"
2019,OCT THRU DEC,ILLINOIS,380
2019,OCT THRU DEC,INDIANA,370
2019,OCT THRU DEC,IOWA,"1,600"
2019,OCT THRU DEC,KANSAS,130
2019,OCT THRU DEC,KENTUCKY,110
2019,OCT THRU DEC,LOUISIANA,810
2019,OCT THRU DEC,MAINE,100
2019,OCT THRU DEC,MARYLAND,260
2019,OCT THRU DEC,MASSACHUSETTS,410
2019,OCT THRU DEC,MICHIGAN,"2,600"
2019,OCT THRU DEC,MINNESOTA,"1,300"
2019,OCT THRU DEC,MISSISSIPPI,470
2019,OCT THRU DEC,MISSOURI,170
2019,OCT THRU DEC,MONTANA,"1,100"
2019,OCT THRU DEC,NEBRASKA,570
2019,OCT THRU DEC,NEW JERSEY,60
2019,OCT THRU DEC,NEW MEXICO,10
2019,OCT THRU DEC,NEW YORK,960
2019,OCT THRU DEC,NORTH CAROLINA,360
2019,OCT THRU DEC,NORTH DAKOTA,"1,900"
2019,OCT THRU DEC,OHIO,980
2019,OCT THRU DEC,OKLAHOMA,160
2019,OCT THRU DEC,OREGON,"2,600"
2019,OCT THRU DEC,OTHER STATES,0
2019,OCT THRU DEC,PENNSYLVANIA,390
2019,OCT THRU DEC,SOUTH CAROLINA,100
2019,OCT THRU DEC,SOUTH DAKOTA,"1,300"
2019,OCT THRU DEC,TENNESSEE,390
2019,OCT THRU DEC,TEXAS,"1,300"
2019,OCT THRU DEC,UTAH,"2,000"
2019,OCT THRU DEC,VERMONT,0
2019,OCT THRU DEC,VIRGINIA,210
2019,OCT THRU DEC,WASHINGTON,"7,000"
2019,OCT THRU DEC,WEST VIRGINIA,870
2019,OCT THRU DEC,WISCONSIN,"2,900"
2019,OCT THRU DEC,WYOMING,"1,500"