Year,Period,State,Colonies Affected by Varroa Mites (PCT)
2022,APR THRU JUN,ALABAMA,36
2022,APR THRU JUN,ARIZONA,8.4
2022,APR THRU JUN,ARKANSAS,22.2
2022,APR THRU JUN,CALIFORNIA,41.1
2022,APR THRU JUN,COLORADO,27
2022,APR THRU JUN,CONNECTICUT,1.9
2022,APR THRU JUN,FLORIDA,28.4
2022,APR THRU JUN,GEORGIA,35
2022,APR THRU JUN,HAWAII,63.1
2022,APR THRU JUN,IDAHO,32.6
2022,APR THRU JUN,ILLINOIS,18.3
2022,APR THRU JUN,INDIANA,25.9
2022,APR THRU JUN,IOWA,49.3
2022,APR THRU JUN,KANSAS,41.6
2022,APR THRU JUN,KENTUCKY,39.9
2022,APR THRU JUN,LOUISIANA,30.6
2022,APR THRU JUN,MAINE, (Z)
2022,APR THRU JUN,MARYLAND,15
2022,APR THRU JUN,MASSACHUSETTS,3.7
2022,APR THRU JUN,MICHIGAN,10.4
2022,APR THRU JUN,MINNESOTA,4.9
2022,APR THRU JUN,MISSISSIPPI,25.4
2022,APR THRU JUN,MISSOURI,11.5
2022,APR THRU JUN,MONTANA,9.2
2022,APR THRU JUN,NEBRASKA,26.6
2022,APR THRU JUN,NEW JERSEY,7
2022,APR THRU JUN,NEW MEXICO,52
2022,APR THRU JUN,NEW YORK,23.2
2022,APR THRU JUN,NORTH CAROLINA,23.9
2022,APR THRU JUN,NORTH DAKOTA,38.7
2022,APR THRU JUN,OHIO,51.2
2022,APR THRU JUN,OKLAHOMA,8.4
2022,APR THRU JUN,OREGON,49.3
2022,APR THRU JUN,OTHER STATES,7.9
2022,APR THRU JUN,PENNSYLVANIA,19
2022,APR THRU JUN,SOUTH CAROLINA,29.9
2022,APR THRU JUN,SOUTH DAKOTA,44.5
2022,APR THRU JUN,TENNESSEE,30.9
2022,APR THRU JUN,TEXAS,39.2
2022,APR THRU JUN,UTAH,40.1
2022,APR THRU JUN,VERMONT,21.2
2022,APR THRU JUN,VIRGINIA,30.8
2022,APR THRU JUN,WASHINGTON,50.8
2022,APR THRU JUN,WEST VIRGINIA,13.1
2022,APR THRU JUN,WISCONSIN,27
2022,APR THRU JUN,WYOMING,5.6
2022,JAN THRU MAR,ALABAMA,36.9
2022,JAN THRU MAR,ARIZONA,14.8
2022,JAN THRU MAR,ARKANSAS,39.8
2022,JAN THRU MAR,CALIFORNIA,29.7
2022,JAN THRU MAR,COLORADO,4
2022,JAN THRU MAR,CONNECTICUT,10.2
2022,JAN THRU MAR,FLORIDA,39
2022,JAN THRU MAR,GEORGIA,41.2
2022,JAN THRU MAR,HAWAII,76.1
2022,JAN THRU MAR,IDAHO,57
2022,JAN THRU MAR,ILLINOIS,20.1
2022,JAN THRU MAR,INDIANA,28.5
2022,JAN THRU MAR,IOWA,29.7
2022,JAN THRU MAR,KANSAS,37.8
2022,JAN THRU MAR,KENTUCKY,15.6
2022,JAN THRU MAR,LOUISIANA,61.1
2022,JAN THRU MAR,MAINE,7.3
2022,JAN THRU MAR,MARYLAND,13.7
2022,JAN THRU MAR,MASSACHUSETTS,13.4
2022,JAN THRU MAR,MICHIGAN,6.1
2022,JAN THRU MAR,MINNESOTA,1.1
2022,JAN THRU MAR,MISSISSIPPI,39.7
2022,JAN THRU MAR,MISSOURI,11.1
2022,JAN THRU MAR,MONTANA,0.5
2022,JAN THRU MAR,NEBRASKA,3.2
2022,JAN THRU MAR,NEW JERSEY,13.3
2022,JAN THRU MAR,NEW MEXICO,48.7
2022,JAN THRU MAR,NEW YORK,16.6
2022,JAN THRU MAR,NORTH CAROLINA,23.4
2022,JAN THRU MAR,NORTH DAKOTA,33.1
2022,JAN THRU MAR,OHIO,18
2022,JAN THRU MAR,OKLAHOMA,18.8
2022,JAN THRU MAR,OREGON,11.4
2022,JAN THRU MAR,OTHER STATES,11.6
2022,JAN THRU MAR,PENNSYLVANIA,14.6
2022,JAN THRU MAR,SOUTH CAROLINA,38
2022,JAN THRU MAR,SOUTH DAKOTA,4.2
2022,JAN THRU MAR,TENNESSEE,12.9
2022,JAN THRU MAR,TEXAS,21.2
2022,JAN THRU MAR,UTAH,3.2
2022,JAN THRU MAR,VERMONT,15.2
2022,JAN THRU MAR,VIRGINIA,25.7
2022,JAN THRU MAR,WASHINGTON,8.3
2022,JAN THRU MAR,WEST VIRGINIA,15.8
2022,JAN THRU MAR,WISCONSIN,7.9
2022,JAN THRU MAR,WYOMING,1.3
2021,APR THRU JUN,ALABAMA,55.2
2021,APR THRU JUN,ARIZONA,7.4
2021,APR THRU JUN,ARKANSAS,42.2
2021,APR THRU JUN,CALIFORNIA,42.4
2021,APR THRU JUN,COLORADO,56.1
2021,APR THRU JUN,CONNECTICUT,16.5
2021,APR THRU JUN,FLORIDA,43.4
2021,APR THRU JUN,GEORGIA,44.7
2021,APR THRU JUN,HAWAII,92.6
2021,APR THRU JUN,IDAHO,31.9
2021,APR THRU JUN,ILLINOIS,32.5
2021,APR THRU JUN,INDIANA,22.8
2021,APR THRU JUN,IOWA,13.7
2021,APR THRU JUN,KANSAS,47.8
2021,APR THRU JUN,KENTUCKY,21.5
2021,APR THRU JUN,LOUISIANA,29.1
2021,APR THRU JUN,MAINE,13.9
2021,APR THRU JUN,MARYLAND,17.2
2021,APR THRU JUN,MASSACHUSETTS,45.5
2021,APR THRU JUN,MICHIGAN,44.8
2021,APR THRU JUN,MINNESOTA,13.1
2021,APR THRU JUN,MISSISSIPPI,46.7
2021,APR THRU JUN,MISSOURI,21.9
2021,APR THRU JUN,MONTANA,20.8
2021,APR THRU JUN,NEBRASKA,17.3
2021,APR THRU JUN,NEW JERSEY,11.8
2021,APR THRU JUN,NEW MEXICO,60
2021,APR THRU JUN,NEW YORK,35.8
2021,APR THRU JUN,NORTH CAROLINA,35.8
2021,APR THRU JUN,NORTH DAKOTA,29.2
2021,APR THRU JUN,OHIO,62.1
2021,APR THRU JUN,OKLAHOMA,3.1
2021,APR THRU JUN,OREGON,17.2
2021,APR THRU JUN,OTHER STATES,42.8
2021,APR THRU JUN,PENNSYLVANIA,21.4
2021,APR THRU JUN,SOUTH CAROLINA,48.4
2021,APR THRU JUN,SOUTH DAKOTA,49.4
2021,APR THRU JUN,TENNESSEE,22.4
2021,APR THRU JUN,TEXAS,38.1
2021,APR THRU JUN,UTAH,40
2021,APR THRU JUN,VERMONT,28.1
2021,APR THRU JUN,VIRGINIA,13.3
2021,APR THRU JUN,WASHINGTON,31.7
2021,APR THRU JUN,WEST VIRGINIA,5.2
2021,APR THRU JUN,WISCONSIN,26.1
2021,APR THRU JUN,WYOMING,8.3
2021,JAN THRU MAR,ALABAMA,52.2
2021,JAN THRU MAR,ARIZONA,6.7
2021,JAN THRU MAR,ARKANSAS,27.2
2021,JAN THRU MAR,CALIFORNIA,29.9
2021,JAN THRU MAR,COLORADO,7.9
2021,JAN THRU MAR,CONNECTICUT,17.8
2021,JAN THRU MAR,FLORIDA,34.6
2021,JAN THRU MAR,GEORGIA,47.9
2021,JAN THRU MAR,HAWAII,53
2021,JAN THRU MAR,IDAHO,30
2021,JAN THRU MAR,ILLINOIS,28.8
2021,JAN THRU MAR,INDIANA,34.1
2021,JAN THRU MAR,IOWA,18.9
2021,JAN THRU MAR,KANSAS,25.7
2021,JAN THRU MAR,KENTUCKY,27.5
2021,JAN THRU MAR,LOUISIANA,62.1
2021,JAN THRU MAR,MAINE,7.2
2021,JAN THRU MAR,MARYLAND,34.6
2021,JAN THRU MAR,MASSACHUSETTS,28.9
2021,JAN THRU MAR,MICHIGAN,2.3
2021,JAN THRU MAR,MINNESOTA,6.3
2021,JAN THRU MAR,MISSISSIPPI,19.7
2021,JAN THRU MAR,MISSOURI,16.6
2021,JAN THRU MAR,MONTANA,15
2021,JAN THRU MAR,NEBRASKA,11
2021,JAN THRU MAR,NEW JERSEY,18.7
2021,JAN THRU MAR,NEW MEXICO,14.2
2021,JAN THRU MAR,NEW YORK,15
2021,JAN THRU MAR,NORTH CAROLINA,23.5
2021,JAN THRU MAR,NORTH DAKOTA,12
2021,JAN THRU MAR,OHIO,26.6
2021,JAN THRU MAR,OKLAHOMA,7.6
2021,JAN THRU MAR,OREGON,12.8
2021,JAN THRU MAR,OTHER STATES,19.4
2021,JAN THRU MAR,PENNSYLVANIA,18.1
2021,JAN THRU MAR,SOUTH CAROLINA,48.5
2021,JAN THRU MAR,SOUTH DAKOTA,8.6
2021,JAN THRU MAR,TENNESSEE,34.4
2021,JAN THRU MAR,TEXAS,17.7
2021,JAN THRU MAR,UTAH,45.4
2021,JAN THRU MAR,VERMONT,21.1
2021,JAN THRU MAR,VIRGINIA,11.9
2021,JAN THRU MAR,WASHINGTON,14.8
2021,JAN THRU MAR,WEST VIRGINIA,13.6
2021,JAN THRU MAR,WISCONSIN,16.1
2021,JAN THRU MAR,WYOMING,8.4
2021,JUL THRU SEP,ALABAMA,37.4
2021,JUL THRU SEP,ARIZONA,20.3
2021,JUL THRU SEP,ARKANSAS,42.3
2021,JUL THRU SEP,CALIFORNIA,39.6
2021,JUL THRU SEP,COLORADO,7.8
2021,JUL THRU SEP,CONNECTICUT,16.4
2021,JUL THRU SEP,FLORIDA,43.4
2021,JUL THRU SEP,GEORGIA,63.9
2021,JUL THRU SEP,HAWAII,29.6
2021,JUL THRU SEP,IDAHO,55.2
2021,JUL THRU SEP,ILLINOIS,37.7
2021,JUL THRU SEP,INDIANA,39.3
2021,JUL THRU SEP,IOWA,7.5
2021,JUL THRU SEP,KANSAS,66.8
2021,JUL THRU SEP,KENTUCKY,39.4
2021,JUL THRU SEP,LOUISIANA,8
2021,JUL THRU SEP,MAINE,18.7
2021,JUL THRU SEP,MARYLAND,20
2021,JUL THRU SEP,MASSACHUSETTS,23
2021,JUL THRU SEP,MICHIGAN,63.5
2021,JUL THRU SEP,MINNESOTA,27.5
2021,JUL THRU SEP,MISSISSIPPI,25.3
2021,JUL THRU SEP,MISSOURI,24
2021,JUL THRU SEP,MONTANA,19.5
2021,JUL THRU SEP,NEBRASKA,13.7
2021,JUL THRU SEP,NEW JERSEY,10.7
2021,JUL THRU SEP,NEW MEXICO,22.5
2021,JUL THRU SEP,NEW YORK,37.7
2021,JUL THRU SEP,NORTH CAROLINA,29.3
2021,JUL THRU SEP,NORTH DAKOTA,31.7
2021,JUL THRU SEP,OHIO,78.7
2021,JUL THRU SEP,OKLAHOMA,14.5
2021,JUL THRU SEP,OREGON,39.4
2021,JUL THRU SEP,OTHER STATES,31.7
2021,JUL THRU SEP,PENNSYLVANIA,40.5
2021,JUL THRU SEP,SOUTH CAROLINA,15.8
2021,JUL THRU SEP,SOUTH DAKOTA,18.3
2021,JUL THRU SEP,TENNESSEE,16
2021,JUL THRU SEP,TEXAS,20.2
2021,JUL THRU SEP,UTAH,40
2021,JUL THRU SEP,VERMONT,25.4
2021,JUL THRU SEP,VIRGINIA,19.2
2021,JUL THRU SEP,WASHINGTON,34.3
2021,JUL THRU SEP,WEST VIRGINIA,24.7
2021,JUL THRU SEP,WISCONSIN,56
2021,JUL THRU SEP,WYOMING,4.7
2021,OCT THRU DEC,ALABAMA,60.8
2021,OCT THRU DEC,ARIZONA,67.2
2021,OCT THRU DEC,ARKANSAS,35.7
2021,OCT THRU DEC,CALIFORNIA,14.6
2021,OCT THRU DEC,COLORADO,4.6
2021,OCT THRU DEC,CONNECTICUT,20.6
2021,OCT THRU DEC,FLORIDA,28.9
2021,OCT THRU DEC,GEORGIA,41
2021,OCT THRU DEC,HAWAII,66.1
2021,OCT THRU DEC,IDAHO,58.1
2021,OCT THRU DEC,ILLINOIS,31.9
2021,OCT THRU DEC,INDIANA,43.6
2021,OCT THRU DEC,IOWA,17.9
2021,OCT THRU DEC,KANSAS,30.5
2021,OCT THRU DEC,KENTUCKY,54.1
2021,OCT THRU DEC,LOUISIANA,28.2
2021,OCT THRU DEC,MAINE,29.3
2021,OCT THRU DEC,MARYLAND,21.2
2021,OCT THRU DEC,MASSACHUSETTS,5.4
2021,OCT THRU DEC,MICHIGAN,8.7
2021,OCT THRU DEC,MINNESOTA,8
2021,OCT THRU DEC,MISSISSIPPI,27.8
2021,OCT THRU DEC,MISSOURI,17.3
2021,OCT THRU DEC,MONTANA,27.2
2021,OCT THRU DEC,NEBRASKA,28
2021,OCT THRU DEC,NEW JERSEY,8.6
2021,OCT THRU DEC,NEW MEXICO,65.6
2021,OCT THRU DEC,NEW YORK,48
2021,OCT THRU DEC,NORTH CAROLINA,24.1
2021,OCT THRU DEC,NORTH DAKOTA,28
2021,OCT THRU DEC,OHIO,36.6
2021,OCT THRU DEC,OKLAHOMA,5.6
2021,OCT THRU DEC,OREGON,28.8
2021,OCT THRU DEC,OTHER STATES,14.2
2021,OCT THRU DEC,PENNSYLVANIA,30.3
2021,OCT THRU DEC,SOUTH CAROLINA,28.1
2021,OCT THRU DEC,SOUTH DAKOTA,45.8
2021,OCT THRU DEC,TENNESSEE,33.5
2021,OCT THRU DEC,TEXAS,19.4
2021,OCT THRU DEC,UTAH,4.8
2021,OCT THRU DEC,VERMONT,16.1
2021,OCT THRU DEC,VIRGINIA,31.8
2021,OCT THRU DEC,WASHINGTON,42.3
2021,OCT THRU DEC,WEST VIRGINIA,13.8
2021,OCT THRU DEC,WISCONSIN,28.4
2021,OCT THRU DEC,WYOMING,14.7
2020,APR THRU JUN,ALABAMA,28.5
2020,APR THRU JUN,ARIZONA,22.1
2020,APR THRU JUN,ARKANSAS,40.5
2020,APR THRU JUN,CALIFORNIA,33.6
2020,APR THRU JUN,COLORADO,35.4
2020,APR THRU JUN,CONNECTICUT,14.8
2020,APR THRU JUN,FLORIDA,33.1
2020,APR THRU JUN,GEORGIA,47.9
2020,APR THRU JUN,HAWAII,43.1
2020,APR THRU JUN,IDAHO,44.2
2020,APR THRU JUN,ILLINOIS,23.5
2020,APR THRU JUN,INDIANA,26.8
2020,APR THRU JUN,IOWA,30.6
2020,APR THRU JUN,KANSAS,68.4
2020,APR THRU JUN,KENTUCKY,18.3
2020,APR THRU JUN,LOUISIANA,23.7
2020,APR THRU JUN,MAINE,47.1
2020,APR THRU JUN,MARYLAND,14.3
2020,APR THRU JUN,MASSACHUSETTS,14.7
2020,APR THRU JUN,MICHIGAN,38
2020,APR THRU JUN,MINNESOTA,20.6
2020,APR THRU JUN,MISSISSIPPI,93.1
2020,APR THRU JUN,MISSOURI,17.4
2020,APR THRU JUN,MONTANA,12.1
2020,APR THRU JUN,NEBRASKA,17.5
2020,APR THRU JUN,NEW JERSEY,15.4
2020,APR THRU JUN,NEW MEXICO,3
2020,APR THRU JUN,NEW YORK,20.7
2020,APR THRU JUN,NORTH CAROLINA,23
2020,APR THRU JUN,NORTH DAKOTA,28.8
2020,APR THRU JUN,OHIO,23.8
2020,APR THRU JUN,OKLAHOMA,16.2
2020,APR THRU JUN,OREGON,28
2020,APR THRU JUN,OTHER STATES,12.8
2020,APR THRU JUN,PENNSYLVANIA,26.6
2020,APR THRU JUN,SOUTH CAROLINA,29.1
2020,APR THRU JUN,SOUTH DAKOTA,53.3
2020,APR THRU JUN,TENNESSEE,31.2
2020,APR THRU JUN,TEXAS,30.2
2020,APR THRU JUN,UTAH,38.4
2020,APR THRU JUN,VERMONT,10.7
2020,APR THRU JUN,VIRGINIA,33.7
2020,APR THRU JUN,WASHINGTON,10.6
2020,APR THRU JUN,WEST VIRGINIA,46.2
2020,APR THRU JUN,WISCONSIN,46.1
2020,APR THRU JUN,WYOMING,28.8
2020,JAN THRU MAR,ALABAMA,12.4
2020,JAN THRU MAR,ARIZONA,31.7
2020,JAN THRU MAR,ARKANSAS,31.7
2020,JAN THRU MAR,CALIFORNIA,22.4
2020,JAN THRU MAR,COLORADO,20.8
2020,JAN THRU MAR,CONNECTICUT,11.2
2020,JAN THRU MAR,FLORIDA,28
2020,JAN THRU MAR,GEORGIA,50.9
2020,JAN THRU MAR,HAWAII,75.3
2020,JAN THRU MAR,IDAHO,10.4
2020,JAN THRU MAR,ILLINOIS,17.2
2020,JAN THRU MAR,INDIANA,8.2
2020,JAN THRU MAR,IOWA,22.3
2020,JAN THRU MAR,KANSAS,13.3
2020,JAN THRU MAR,KENTUCKY,17.4
2020,JAN THRU MAR,LOUISIANA,26.5
2020,JAN THRU MAR,MAINE,19.6
2020,JAN THRU MAR,MARYLAND,19.9
2020,JAN THRU MAR,MASSACHUSETTS,13.9
2020,JAN THRU MAR,MICHIGAN,8.1
2020,JAN THRU MAR,MINNESOTA,3.5
2020,JAN THRU MAR,MISSISSIPPI,58.6
2020,JAN THRU MAR,MISSOURI,8.4
2020,JAN THRU MAR,MONTANA,4
2020,JAN THRU MAR,NEBRASKA,2.2
2020,JAN THRU MAR,NEW JERSEY,9.4
2020,JAN THRU MAR,NEW MEXICO,2.1
2020,JAN THRU MAR,NEW YORK,6.6
2020,JAN THRU MAR,NORTH CAROLINA,35.7
2020,JAN THRU MAR,NORTH DAKOTA,0.6
2020,JAN THRU MAR,OHIO,17.6
2020,JAN THRU MAR,OKLAHOMA,11.4
2020,JAN THRU MAR,OREGON,24.4
2020,JAN THRU MAR,OTHER STATES,5.8
2020,JAN THRU MAR,PENNSYLVANIA,15.5
2020,JAN THRU MAR,SOUTH CAROLINA,15.5
2020,JAN THRU MAR,SOUTH DAKOTA,14.7
2020,JAN THRU MAR,TENNESSEE,18.9
2020,JAN THRU MAR,TEXAS,12.2
2020,JAN THRU MAR,UTAH,38.9
2020,JAN THRU MAR,VERMONT,9.1
2020,JAN THRU MAR,VIRGINIA,17.5
2020,JAN THRU MAR,WASHINGTON,1.7
2020,JAN THRU MAR,WEST VIRGINIA,17.3
2020,JAN THRU MAR,WISCONSIN,9
2020,JAN THRU MAR,WYOMING, (Z)
2020,JUL THRU SEP,ALABAMA,64.9
2020,JUL THRU SEP,ARIZONA,24.1
2020,JUL THRU SEP,ARKANSAS,33.9
2020,JUL THRU SEP,CALIFORNIA,33.9
2020,JUL THRU SEP,COLORADO,23.1
2020,JUL THRU SEP,CONNECTICUT,20.2
2020,JUL THRU SEP,FLORIDA,42.2
2020,JUL THRU SEP,GEORGIA,49.6
2020,JUL THRU SEP,HAWAII,62.7
2020,JUL THRU SEP,IDAHO,45
2020,JUL THRU SEP,ILLINOIS,28.1
2020,JUL THRU SEP,INDIANA,41.4
2020,JUL THRU SEP,IOWA,49.1
2020,JUL THRU SEP,KANSAS,93.8
2020,JUL THRU SEP,KENTUCKY,23.3
2020,JUL THRU SEP,LOUISIANA,27.2
2020,JUL THRU SEP,MAINE,65.2
2020,JUL THRU SEP,MARYLAND,17.6
2020,JUL THRU SEP,MASSACHUSETTS,29.7
2020,JUL THRU SEP,MICHIGAN,53.1
2020,JUL THRU SEP,MINNESOTA,46.3
2020,JUL THRU SEP,MISSISSIPPI,45.7
2020,JUL THRU SEP,MISSOURI,30.8
2020,JUL THRU SEP,MONTANA,36.6
2020,JUL THRU SEP,NEBRASKA,23.4
2020,JUL THRU SEP,NEW JERSEY,21.7
2020,JUL THRU SEP,NEW MEXICO,33.8
2020,JUL THRU SEP,NEW YORK,18.2
2020,JUL THRU SEP,NORTH CAROLINA,70.5
2020,JUL THRU SEP,NORTH DAKOTA,61.3
2020,JUL THRU SEP,OHIO,28.6
2020,JUL THRU SEP,OKLAHOMA,52.4
2020,JUL THRU SEP,OREGON,42.4
2020,JUL THRU SEP,OTHER STATES,76.4
2020,JUL THRU SEP,PENNSYLVANIA,32.2
2020,JUL THRU SEP,SOUTH CAROLINA,27.1
2020,JUL THRU SEP,SOUTH DAKOTA,87
2020,JUL THRU SEP,TENNESSEE,37.7
2020,JUL THRU SEP,TEXAS,20.2
2020,JUL THRU SEP,UTAH,61.7
2020,JUL THRU SEP,VERMONT,26.6
2020,JUL THRU SEP,VIRGINIA,27.5
2020,JUL THRU SEP,WASHINGTON,19.2
2020,JUL THRU SEP,WEST VIRGINIA,17.7
2020,JUL THRU SEP,WISCONSIN,43.1
2020,JUL THRU SEP,WYOMING,13.4
2020,OCT THRU DEC,ALABAMA,50.8
2020,OCT THRU DEC,ARIZONA,22.5
2020,OCT THRU DEC,ARKANSAS,43.1
2020,OCT THRU DEC,CALIFORNIA,45.5
2020,OCT THRU DEC,COLORADO,14.9
2020,OCT THRU DEC,CONNECTICUT,49.4
2020,OCT THRU DEC,FLORIDA,45.7
2020,OCT THRU DEC,GEORGIA,35.5
2020,OCT THRU DEC,HAWAII,57.2
2020,OCT THRU DEC,IDAHO,52.1
2020,OCT THRU DEC,ILLINOIS,26.4
2020,OCT THRU DEC,INDIANA,26.3
2020,OCT THRU DEC,IOWA,39.8
2020,OCT THRU DEC,KANSAS,37.7
2020,OCT THRU DEC,KENTUCKY,23.8
2020,OCT THRU DEC,LOUISIANA,22.2
2020,OCT THRU DEC,MAINE,30.8
2020,OCT THRU DEC,MARYLAND,27.5
2020,OCT THRU DEC,MASSACHUSETTS,17.4
2020,OCT THRU DEC,MICHIGAN,42.9
2020,OCT THRU DEC,MINNESOTA,17.2
2020,OCT THRU DEC,MISSISSIPPI,7.8
2020,OCT THRU DEC,MISSOURI,13.1
2020,OCT THRU DEC,MONTANA,15.1
2020,OCT THRU DEC,NEBRASKA,3.6
2020,OCT THRU DEC,NEW JERSEY,6.8
2020,OCT THRU DEC,NEW MEXICO,15.7
2020,OCT THRU DEC,NEW YORK,19.2
2020,OCT THRU DEC,NORTH CAROLINA,37.7
2020,OCT THRU DEC,NORTH DAKOTA,60.2
2020,OCT THRU DEC,OHIO,42.4
2020,OCT THRU DEC,OKLAHOMA,2.3
2020,OCT THRU DEC,OREGON,28.5
2020,OCT THRU DEC,OTHER STATES,44.5
2020,OCT THRU DEC,PENNSYLVANIA,28.1
2020,OCT THRU DEC,SOUTH CAROLINA,22.9
2020,OCT THRU DEC,SOUTH DAKOTA,22.6
2020,OCT THRU DEC,TENNESSEE,33.8
2020,OCT THRU DEC,TEXAS,27.4
2020,OCT THRU DEC,UTAH,49.5
2020,OCT THRU DEC,VERMONT,10
2020,OCT THRU DEC,VIRGINIA,30.3
2020,OCT THRU DEC,WASHINGTON,25.5
2020,OCT THRU DEC,WEST VIRGINIA,7.2
2020,OCT THRU DEC,WISCONSIN,29.3
2020,OCT THRU DEC,WYOMING,19.2
2019,JAN THRU MAR,ALABAMA,27.2
2019,JAN THRU MAR,ARIZONA,25.8
2019,JAN THRU MAR,ARKANSAS,19.5
2019,JAN THRU MAR,CALIFORNIA,43.5
2019,JAN THRU MAR,COLORADO,11.2
2019,JAN THRU MAR,CONNECTICUT,10.1
2019,JAN THRU MAR,FLORIDA,46.9
2019,JAN THRU MAR,GEORGIA,69.6
2019,JAN THRU MAR,HAWAII,72.1
2019,JAN THRU MAR,IDAHO,24.5
2019,JAN THRU MAR,ILLINOIS,33.3
2019,JAN THRU MAR,INDIANA,15.6
2019,JAN THRU MAR,IOWA,34.8
2019,JAN THRU MAR,KANSAS,86.9
2019,JAN THRU MAR,KENTUCKY,21.6
2019,JAN THRU MAR,LOUISIANA,57.8
2019,JAN THRU MAR,MAINE,2.3
2019,JAN THRU MAR,MARYLAND,12.6
2019,JAN THRU MAR,MASSACHUSETTS,10.3
2019,JAN THRU MAR,MICHIGAN,18.2
2019,JAN THRU MAR,MINNESOTA,1.3
2019,JAN THRU MAR,MISSISSIPPI,14.6
2019,JAN THRU MAR,MISSOURI,5.4
2019,JAN THRU MAR,MONTANA,15.1
2019,JAN THRU MAR,NEBRASKA,32.3
2019,JAN THRU MAR,NEW JERSEY,15.3
2019,JAN THRU MAR,NEW MEXICO,3.5
2019,JAN THRU MAR,NEW YORK,10.6
2019,JAN THRU MAR,NORTH CAROLINA,16.4
2019,JAN THRU MAR,NORTH DAKOTA,6.9
2019,JAN THRU MAR,OHIO,49.3
2019,JAN THRU MAR,OKLAHOMA,7.7
2019,JAN THRU MAR,OREGON,18
2019,JAN THRU MAR,OTHER STATES,6.9
2019,JAN THRU MAR,PENNSYLVANIA,15.3
2019,JAN THRU MAR,SOUTH CAROLINA,18.5
2019,JAN THRU MAR,SOUTH DAKOTA,0.8
2019,JAN THRU MAR,TENNESSEE,62.8
2019,JAN THRU MAR,TEXAS,26.1
2019,JAN THRU MAR,UTAH,22.9
2019,JAN THRU MAR,VERMONT,6.2
2019,JAN THRU MAR,VIRGINIA,16.6
2019,JAN THRU MAR,WASHINGTON,22.3
2019,JAN THRU MAR,WEST VIRGINIA,10.3
2019,JAN THRU MAR,WISCONSIN,15.9
2019,JAN THRU MAR,WYOMING,0.7
2019,JUL THRU SEP,ALABAMA,30.6
2019,JUL THRU SEP,ARIZONA,29
2019,JUL THRU SEP,ARKANSAS,53.2
2019,JUL THRU SEP,CALIFORNIA,49
2019,JUL THRU SEP,COLORADO,79.8
2019,JUL THRU SEP,CONNECTICUT,24.3
2019,JUL THRU SEP,FLORIDA,44.9
2019,JUL THRU SEP,GEORGIA,52.5
2019,JUL THRU SEP,HAWAII,37.2
2019,JUL THRU SEP,IDAHO,59.9
2019,JUL THRU SEP,ILLINOIS,35.9
2019,JUL THRU SEP,INDIANA,55.7
2019,JUL THRU SEP,IOWA,39.4
2019,JUL THRU SEP,KANSAS,67.5
2019,JUL THRU SEP,KENTUCKY,29.2
2019,JUL THRU SEP,LOUISIANA,67.1
2019,JUL THRU SEP,MAINE,10.1
2019,JUL THRU SEP,MARYLAND,26.7
2019,JUL THRU SEP,MASSACHUSETTS,13
2019,JUL THRU SEP,MICHIGAN,42.7
2019,JUL THRU SEP,MINNESOTA,54.9
2019,JUL THRU SEP,MISSISSIPPI,59.1
2019,JUL THRU SEP,MISSOURI,18.4
2019,JUL THRU SEP,MONTANA,28
2019,JUL THRU SEP,NEBRASKA,29.2
2019,JUL THRU SEP,NEW JERSEY,26.1
2019,JUL THRU SEP,NEW MEXICO,39.5
2019,JUL THRU SEP,NEW YORK,30.7
2019,JUL THRU SEP,NORTH CAROLINA,26.9
2019,JUL THRU SEP,NORTH DAKOTA,48.4
2019,JUL THRU SEP,OHIO,40.6
2019,JUL THRU SEP,OKLAHOMA,29
2019,JUL THRU SEP,OREGON,35.4
2019,JUL THRU SEP,OTHER STATES,11.3
2019,JUL THRU SEP,PENNSYLVANIA,23.4
2019,JUL THRU SEP,SOUTH CAROLINA,44.9
2019,JUL THRU SEP,SOUTH DAKOTA,10.4
2019,JUL THRU SEP,TENNESSEE,51.4
2019,JUL THRU SEP,TEXAS,21.9
2019,JUL THRU SEP,UTAH,29.4
2019,JUL THRU SEP,VERMONT,22.2
2019,JUL THRU SEP,VIRGINIA,37.9
2019,JUL THRU SEP,WASHINGTON,47.3
2019,JUL THRU SEP,WEST VIRGINIA,33.7
2019,JUL THRU SEP,WISCONSIN,46.4
2019,JUL THRU SEP,WYOMING,45.7
2019,OCT THRU DEC,ALABAMA,46.7
2019,OCT THRU DEC,ARIZONA,53.9
2019,OCT THRU DEC,ARKANSAS,47.7
2019,OCT THRU DEC,CALIFORNIA,40.5
2019,OCT THRU DEC,COLORADO,67.7
2019,OCT THRU DEC,CONNECTICUT,22.2
2019,OCT THRU DEC,FLORIDA,43.5
2019,OCT THRU DEC,GEORGIA,34.3
2019,OCT THRU DEC,HAWAII,44
2019,OCT THRU DEC,IDAHO,20.3
2019,OCT THRU DEC,ILLINOIS,28.9
2019,OCT THRU DEC,INDIANA,20.7
2019,OCT THRU DEC,IOWA,61
2019,OCT THRU DEC,KANSAS,65.8
2019,OCT THRU DEC,KENTUCKY,33
2019,OCT THRU DEC,LOUISIANA,33
2019,OCT THRU DEC,MAINE,20.5
2019,OCT THRU DEC,MARYLAND,12.6
2019,OCT THRU DEC,MASSACHUSETTS,7.6
2019,OCT THRU DEC,MICHIGAN,37
2019,OCT THRU DEC,MINNESOTA,37.3
2019,OCT THRU DEC,MISSISSIPPI,41
2019,OCT THRU DEC,MISSOURI,19.2
2019,OCT THRU DEC,MONTANA,15.7
2019,OCT THRU DEC,NEBRASKA,5.8
2019,OCT THRU DEC,NEW JERSEY,2.5
2019,OCT THRU DEC,NEW MEXICO,5.2
2019,OCT THRU DEC,NEW YORK,33.3
2019,OCT THRU DEC,NORTH CAROLINA,44.5
2019,OCT THRU DEC,NORTH DAKOTA,43
2019,OCT THRU DEC,OHIO,33.2
2019,OCT THRU DEC,OKLAHOMA,1
2019,OCT THRU DEC,OREGON,35.8
2019,OCT THRU DEC,OTHER STATES,13.6
2019,OCT THRU DEC,PENNSYLVANIA,33.2
2019,OCT THRU DEC,SOUTH CAROLINA,56.7
2019,OCT THRU DEC,SOUTH DAKOTA,12.2
2019,OCT THRU DEC,TENNESSEE,66.6
2019,OCT THRU DEC,TEXAS,23.1
2019,OCT THRU DEC,UTAH,22.1
2019,OCT THRU DEC,VERMONT,21
2019,OCT THRU DEC,VIRGINIA,37.7
2019,OCT THRU DEC,WASHINGTON,40.3
2019,OCT THRU DEC,WEST VIRGINIA,65.8
2019,OCT THRU DEC,WISCONSIN,40
2019,OCT THRU DEC,WYOMING,27.6
2018,APR THRU JUN,ALABAMA,25.2
2018,APR THRU JUN,ARIZONA,73.8
2018,APR THRU JUN,ARKANSAS,30.9
2018,APR THRU JUN,CALIFORNIA,41.5
2018,APR THRU JUN,COLORADO,41.7
2018,APR THRU JUN,CONNECTICUT,11.1
2018,APR THRU JUN,FLORIDA,45.3
2018,APR THRU JUN,GEORGIA,53
2018,APR THRU JUN,HAWAII,88.3
2018,APR THRU JUN,IDAHO,51.6
2018,APR THRU JUN,ILLINOIS,13.7
2018,APR THRU JUN,INDIANA,78
2018,APR THRU JUN,IOWA,12.7
2018,APR THRU JUN,KANSAS,42.8
2018,APR THRU JUN,KENTUCKY,40.9
2018,APR THRU JUN,LOUISIANA,8.1
2018,APR THRU JUN,MAINE,1.4
2018,APR THRU JUN,MARYLAND,11.8
2018,APR THRU JUN,MASSACHUSETTS,6.3
2018,APR THRU JUN,MICHIGAN,75.4
2018,APR THRU JUN,MINNESOTA,12.9
2018,APR THRU JUN,MISSISSIPPI,44.6
2018,APR THRU JUN,MISSOURI,11.8
2018,APR THRU JUN,MONTANA,42.9
2018,APR THRU JUN,NEBRASKA,5
2018,APR THRU JUN,NEW JERSEY,16.5
2018,APR THRU JUN,NEW MEXICO,0.3
2018,APR THRU JUN,NEW YORK,39.6
2018,APR THRU JUN,NORTH CAROLINA,9.7
2018,APR THRU JUN,NORTH DAKOTA,34.8
2018,APR THRU JUN,OHIO,38.8
2018,APR THRU JUN,OKLAHOMA,60.2
2018,APR THRU JUN,OREGON,46.1
2018,APR THRU JUN,OTHER STATES,19.8
2018,APR THRU JUN,PENNSYLVANIA,31.3
2018,APR THRU JUN,SOUTH CAROLINA,14.2
2018,APR THRU JUN,SOUTH DAKOTA,55.1
2018,APR THRU JUN,TENNESSEE,30
2018,APR THRU JUN,TEXAS,26.5
2018,APR THRU JUN,UTAH,43.5
2018,APR THRU JUN,VERMONT,21.8
2018,APR THRU JUN,VIRGINIA,22.7
2018,APR THRU JUN,WASHINGTON,55.9
2018,APR THRU JUN,WEST VIRGINIA,13.8
2018,APR THRU JUN,WISCONSIN,32.1
2018,APR THRU JUN,WYOMING,9.6
2018,JAN THRU MAR,ALABAMA,29.2
2018,JAN THRU MAR,ARIZONA,36.3
2018,JAN THRU MAR,ARKANSAS,21.1
2018,JAN THRU MAR,CALIFORNIA,41.3
2018,JAN THRU MAR,COLORADO,31.7
2018,JAN THRU MAR,CONNECTICUT,14.5
2018,JAN THRU MAR,FLORIDA,31.7
2018,JAN THRU MAR,GEORGIA,39.6
2018,JAN THRU MAR,HAWAII,83
2018,JAN THRU MAR,IDAHO,28.3
2018,JAN THRU MAR,ILLINOIS,25.7
2018,JAN THRU MAR,INDIANA,33.4
2018,JAN THRU MAR,IOWA,5.3
2018,JAN THRU MAR,KANSAS,63
2018,JAN THRU MAR,KENTUCKY,43
2018,JAN THRU MAR,LOUISIANA,4.9
2018,JAN THRU MAR,MAINE,23.6
2018,JAN THRU MAR,MARYLAND,18.2
2018,JAN THRU MAR,MASSACHUSETTS,19.6
2018,JAN THRU MAR,MICHIGAN,21.4
2018,JAN THRU MAR,MINNESOTA,2
2018,JAN THRU MAR,MISSISSIPPI,7
2018,JAN THRU MAR,MISSOURI,86
2018,JAN THRU MAR,MONTANA,28.9
2018,JAN THRU MAR,NEBRASKA,4.5
2018,JAN THRU MAR,NEW JERSEY,14.9
2018,JAN THRU MAR,NEW MEXICO,42.8
2018,JAN THRU MAR,NEW YORK,25.3
2018,JAN THRU MAR,NORTH CAROLINA,29.7
2018,JAN THRU MAR,NORTH DAKOTA,1.4
2018,JAN THRU MAR,OHIO,39.6
2018,JAN THRU MAR,OKLAHOMA,24.1
2018,JAN THRU MAR,OREGON,36
2018,JAN THRU MAR,OTHER STATES,20.7
2018,JAN THRU MAR,PENNSYLVANIA,34.4
2018,JAN THRU MAR,SOUTH CAROLINA,29.3
2018,JAN THRU MAR,SOUTH DAKOTA,4.4
2018,JAN THRU MAR,TENNESSEE,29.2
2018,JAN THRU MAR,TEXAS,21.5
2018,JAN THRU MAR,UTAH,18.7
2018,JAN THRU MAR,VERMONT,17
2018,JAN THRU MAR,VIRGINIA,26
2018,JAN THRU MAR,WASHINGTON,8.5
2018,JAN THRU MAR,WEST VIRGINIA,15
2018,JAN THRU MAR,WISCONSIN,14.1
2018,JAN THRU MAR,WYOMING,0.8
2018,JUL THRU SEP,ALABAMA,77.5
2018,JUL THRU SEP,ARIZONA,52.5
2018,JUL THRU SEP,ARKANSAS,29.9
2018,JUL THRU SEP,CALIFORNIA,57.3
2018,JUL THRU SEP,COLORADO,72.6
2018,JUL THRU SEP,CONNECTICUT,13
2018,JUL THRU SEP,FLORIDA,35
2018,JUL THRU SEP,GEORGIA,49.8
2018,JUL THRU SEP,HAWAII,88.3
2018,JUL THRU SEP,IDAHO,83.6
2018,JUL THRU SEP,ILLINOIS,21.2
2018,JUL THRU SEP,INDIANA,29.5
2018,JUL THRU SEP,IOWA,29.9
2018,JUL THRU SEP,KANSAS,76.8
2018,JUL THRU SEP,KENTUCKY,47.1
2018,JUL THRU SEP,LOUISIANA,31.3
2018,JUL THRU SEP,MAINE,37
2018,JUL THRU SEP,MARYLAND,11.7
2018,JUL THRU SEP,MASSACHUSETTS,75.9
2018,JUL THRU SEP,MICHIGAN,92.4
2018,JUL THRU SEP,MINNESOTA,44.5
2018,JUL THRU SEP,MISSISSIPPI,25.2
2018,JUL THRU SEP,MISSOURI,18.2
2018,JUL THRU SEP,MONTANA,43.8
2018,JUL THRU SEP,NEBRASKA,24.1
2018,JUL THRU SEP,NEW JERSEY,12.3
2018,JUL THRU SEP,NEW MEXICO,0
2018,JUL THRU SEP,NEW YORK,40.7
2018,JUL THRU SEP,NORTH CAROLINA,66
2018,JUL THRU SEP,NORTH DAKOTA,52.6
2018,JUL THRU SEP,OHIO,58.9
2018,JUL THRU SEP,OKLAHOMA,59.6
2018,JUL THRU SEP,OREGON,57.2
2018,JUL THRU SEP,OTHER STATES,22.8
2018,JUL THRU SEP,PENNSYLVANIA,23.5
2018,JUL THRU SEP,SOUTH CAROLINA,76.8
2018,JUL THRU SEP,SOUTH DAKOTA,54.7
2018,JUL THRU SEP,TENNESSEE,70.6
2018,JUL THRU SEP,TEXAS,18.8
2018,JUL THRU SEP,UTAH,34
2018,JUL THRU SEP,VERMONT,29.3
2018,JUL THRU SEP,VIRGINIA,39
2018,JUL THRU SEP,WASHINGTON,7.1
2018,JUL THRU SEP,WEST VIRGINIA,57
2018,JUL THRU SEP,WISCONSIN,54.4
2018,JUL THRU SEP,WYOMING,35.4
2018,OCT THRU DEC,ALABAMA,20.6
2018,OCT THRU DEC,ARIZONA,20.6
2018,OCT THRU DEC,ARKANSAS,82.8
2018,OCT THRU DEC,CALIFORNIA,44.1
2018,OCT THRU DEC,COLORADO,73.2
2018,OCT THRU DEC,CONNECTICUT,12.5
2018,OCT THRU DEC,FLORIDA,46.7
2018,OCT THRU DEC,GEORGIA,41.4
2018,OCT THRU DEC,HAWAII,70.5
2018,OCT THRU DEC,IDAHO,64.9
2018,OCT THRU DEC,ILLINOIS,27.2
2018,OCT THRU DEC,INDIANA,51.3
2018,OCT THRU DEC,IOWA,55.1
2018,OCT THRU DEC,KANSAS,62
2018,OCT THRU DEC,KENTUCKY,57.1
2018,OCT THRU DEC,LOUISIANA,16.6
2018,OCT THRU DEC,MAINE,9.3
2018,OCT THRU DEC,MARYLAND,16.6
2018,OCT THRU DEC,MASSACHUSETTS,33.2
2018,OCT THRU DEC,MICHIGAN,52
2018,OCT THRU DEC,MINNESOTA,28.4
2018,OCT THRU DEC,MISSISSIPPI,26.5
2018,OCT THRU DEC,MISSOURI,37
2018,OCT THRU DEC,MONTANA,40.7
2018,OCT THRU DEC,NEBRASKA,3
2018,OCT THRU DEC,NEW JERSEY,14
2018,OCT THRU DEC,NEW MEXICO,81.3
2018,OCT THRU DEC,NEW YORK,26
2018,OCT THRU DEC,NORTH CAROLINA,53
2018,OCT THRU DEC,NORTH DAKOTA,29.5
2018,OCT THRU DEC,OHIO,29.3
2018,OCT THRU DEC,OKLAHOMA,13.1
2018,OCT THRU DEC,OREGON,44.1
2018,OCT THRU DEC,OTHER STATES,12.7
2018,OCT THRU DEC,PENNSYLVANIA,26.9
2018,OCT THRU DEC,SOUTH CAROLINA,32.2
2018,OCT THRU DEC,SOUTH DAKOTA,12.8
2018,OCT THRU DEC,TENNESSEE,49.8
2018,OCT THRU DEC,TEXAS,18.6
2018,OCT THRU DEC,UTAH,48
2018,OCT THRU DEC,VERMONT,6.2
2018,OCT THRU DEC,VIRGINIA,57.1
2018,OCT THRU DEC,WASHINGTON,34.5
2018,OCT THRU DEC,WEST VIRGINIA,29.5
2018,OCT THRU DEC,WISCONSIN,29.9
2018,OCT THRU DEC,WYOMING,43.9
2017,APR THRU JUN,ALABAMA,17.9
2017,APR THRU JUN,ARIZONA,58.4
2017,APR THRU JUN,ARKANSAS,19.4
2017,APR THRU JUN,CALIFORNIA,38
2017,APR THRU JUN,COLORADO,31.3
2017,APR THRU JUN,CONNECTICUT,9.1
2017,APR THRU JUN,FLORIDA,36.5
2017,APR THRU JUN,GEORGIA,34.1
2017,APR THRU JUN,HAWAII,88.9
2017,APR THRU JUN,IDAHO,30.5
2017,APR THRU JUN,ILLINOIS,11.3
2017,APR THRU JUN,INDIANA,5.5
2017,APR THRU JUN,IOWA,39.3
2017,APR THRU JUN,KANSAS,17.3
2017,APR THRU JUN,KENTUCKY,25.7
2017,APR THRU JUN,LOUISIANA,23.2
2017,APR THRU JUN,MAINE,4.4
2017,APR THRU JUN,MARYLAND,3.3
2017,APR THRU JUN,MASSACHUSETTS,14.8
2017,APR THRU JUN,MICHIGAN,19.1
2017,APR THRU JUN,MINNESOTA,20.5
2017,APR THRU JUN,MISSISSIPPI,14
2017,APR THRU JUN,MISSOURI,13.4
2017,APR THRU JUN,MONTANA,20
2017,APR THRU JUN,NEBRASKA,50.1
2017,APR THRU JUN,NEW JERSEY,21.4
2017,APR THRU JUN,NEW MEXICO,88.4
2017,APR THRU JUN,NEW YORK,22.2
2017,APR THRU JUN,NORTH CAROLINA,23.4
2017,APR THRU JUN,NORTH DAKOTA,29.3
2017,APR THRU JUN,OHIO,45.5
2017,APR THRU JUN,OKLAHOMA,23.6
2017,APR THRU JUN,OREGON,37.2
2017,APR THRU JUN,OTHER STATES,6.7
2017,APR THRU JUN,PENNSYLVANIA,13.5
2017,APR THRU JUN,SOUTH CAROLINA,24.3
2017,APR THRU JUN,SOUTH DAKOTA,8.7
2017,APR THRU JUN,TENNESSEE,53.4
2017,APR THRU JUN,TEXAS,28.7
2017,APR THRU JUN,UTAH,36.7
2017,APR THRU JUN,VERMONT,3.3
2017,APR THRU JUN,VIRGINIA,18.7
2017,APR THRU JUN,WASHINGTON,21.3
2017,APR THRU JUN,WEST VIRGINIA,11.6
2017,APR THRU JUN,WISCONSIN,13.8
2017,APR THRU JUN,WYOMING,34.1
2017,JAN THRU MAR,ALABAMA,19.9
2017,JAN THRU MAR,ARIZONA,35.6
2017,JAN THRU MAR,ARKANSAS,31.5
2017,JAN THRU MAR,CALIFORNIA,37.7
2017,JAN THRU MAR,COLORADO,17
2017,JAN THRU MAR,CONNECTICUT,51.5
2017,JAN THRU MAR,FLORIDA,37.6
2017,JAN THRU MAR,GEORGIA,35.3
2017,JAN THRU MAR,HAWAII,1.2
2017,JAN THRU MAR,IDAHO,74.2
2017,JAN THRU MAR,ILLINOIS,21.2
2017,JAN THRU MAR,INDIANA,15.8
2017,JAN THRU MAR,IOWA,33.6
2017,JAN THRU MAR,KANSAS,47.2
2017,JAN THRU MAR,KENTUCKY,31.9
2017,JAN THRU MAR,LOUISIANA,25.8
2017,JAN THRU MAR,MAINE,23.9
2017,JAN THRU MAR,MARYLAND,11.3
2017,JAN THRU MAR,MASSACHUSETTS,32.5
2017,JAN THRU MAR,MICHIGAN,7.9
2017,JAN THRU MAR,MINNESOTA,2.1
2017,JAN THRU MAR,MISSISSIPPI,41.7
2017,JAN THRU MAR,MISSOURI,16.6
2017,JAN THRU MAR,MONTANA,34
2017,JAN THRU MAR,NEBRASKA,14.8
2017,JAN THRU MAR,NEW JERSEY,16.3
2017,JAN THRU MAR,NEW MEXICO,93.9
2017,JAN THRU MAR,NEW YORK,20.4
2017,JAN THRU MAR,NORTH CAROLINA,34.7
2017,JAN THRU MAR,NORTH DAKOTA,0.8
2017,JAN THRU MAR,OHIO,25.8
2017,JAN THRU MAR,OKLAHOMA,11.9
2017,JAN THRU MAR,OREGON,28.7
2017,JAN THRU MAR,OTHER STATES,3.4
2017,JAN THRU MAR,PENNSYLVANIA,20.9
2017,JAN THRU MAR,SOUTH CAROLINA,12.6
2017,JAN THRU MAR,SOUTH DAKOTA,2.9
2017,JAN THRU MAR,TENNESSEE,28.6
2017,JAN THRU MAR,TEXAS,36.2
2017,JAN THRU MAR,UTAH,38.7
2017,JAN THRU MAR,VERMONT,6
2017,JAN THRU MAR,VIRGINIA,21.4
2017,JAN THRU MAR,WASHINGTON,6.8
2017,JAN THRU MAR,WEST VIRGINIA,15.8
2017,JAN THRU MAR,WISCONSIN,19
2017,JAN THRU MAR,WYOMING,0.2
2017,JUL THRU SEP,ALABAMA,69.5
2017,JUL THRU SEP,ARIZONA,19.8
2017,JUL THRU SEP,ARKANSAS,61.4
2017,JUL THRU SEP,CALIFORNIA,42.3
2017,JUL THRU SEP,COLORADO,52.9
2017,JUL THRU SEP,CONNECTICUT,25.1
2017,JUL THRU SEP,FLORIDA,42.9
2017,JUL THRU SEP,GEORGIA,47.6
2017,JUL THRU SEP,HAWAII,2.8
2017,JUL THRU SEP,IDAHO,53.7
2017,JUL THRU SEP,ILLINOIS,29.9
2017,JUL THRU SEP,INDIANA,13.9
2017,JUL THRU SEP,IOWA,17.2
2017,JUL THRU SEP,KANSAS,65.4
2017,JUL THRU SEP,KENTUCKY,46.4
2017,JUL THRU SEP,LOUISIANA,59.2
2017,JUL THRU SEP,MAINE,3.4
2017,JUL THRU SEP,MARYLAND,8.8
2017,JUL THRU SEP,MASSACHUSETTS,82
2017,JUL THRU SEP,MICHIGAN,56.8
2017,JUL THRU SEP,MINNESOTA,39.8
2017,JUL THRU SEP,MISSISSIPPI,71.1
2017,JUL THRU SEP,MISSOURI,77.7
2017,JUL THRU SEP,MONTANA,42.3
2017,JUL THRU SEP,NEBRASKA,15.1
2017,JUL THRU SEP,NEW JERSEY,10.7
2017,JUL THRU SEP,NEW MEXICO,74.3
2017,JUL THRU SEP,NEW YORK,45.1
2017,JUL THRU SEP,NORTH CAROLINA,74.5
2017,JUL THRU SEP,NORTH DAKOTA,42
2017,JUL THRU SEP,OHIO,51.5
2017,JUL THRU SEP,OKLAHOMA,22
2017,JUL THRU SEP,OREGON,54.4
2017,JUL THRU SEP,OTHER STATES,51.1
2017,JUL THRU SEP,PENNSYLVANIA,41.4
2017,JUL THRU SEP,SOUTH CAROLINA,26.4
2017,JUL THRU SEP,SOUTH DAKOTA,47.4
2017,JUL THRU SEP,TENNESSEE,42.8
2017,JUL THRU SEP,TEXAS,33.7
2017,JUL THRU SEP,UTAH,40.5
2017,JUL THRU SEP,VERMONT,16.8
2017,JUL THRU SEP,VIRGINIA,50.3
2017,JUL THRU SEP,WASHINGTON,23.7
2017,JUL THRU SEP,WEST VIRGINIA,23.2
2017,JUL THRU SEP,WISCONSIN,61.6
2017,JUL THRU SEP,WYOMING,21.8
2017,OCT THRU DEC,ALABAMA,22.3
2017,OCT THRU DEC,ARIZONA,61.6
2017,OCT THRU DEC,ARKANSAS,37.5
2017,OCT THRU DEC,CALIFORNIA,47.9
2017,OCT THRU DEC,COLORADO,30.2
2017,OCT THRU DEC,CONNECTICUT,36.4
2017,OCT THRU DEC,FLORIDA,41.4
2017,OCT THRU DEC,GEORGIA,56.8
2017,OCT THRU DEC,HAWAII,57.2
2017,OCT THRU DEC,IDAHO,34
2017,OCT THRU DEC,ILLINOIS,28.9
2017,OCT THRU DEC,INDIANA,23.5
2017,OCT THRU DEC,IOWA,61
2017,OCT THRU DEC,KANSAS,17.9
2017,OCT THRU DEC,KENTUCKY,54.3
2017,OCT THRU DEC,LOUISIANA,31.5
2017,OCT THRU DEC,MAINE,24.9
2017,OCT THRU DEC,MARYLAND,7.9
2017,OCT THRU DEC,MASSACHUSETTS,13.2
2017,OCT THRU DEC,MICHIGAN,53.8
2017,OCT THRU DEC,MINNESOTA,62.9
2017,OCT THRU DEC,MISSISSIPPI,19.3
2017,OCT THRU DEC,MISSOURI,16.7
2017,OCT THRU DEC,MONTANA,54.2
2017,OCT THRU DEC,NEBRASKA,26.6
2017,OCT THRU DEC,NEW JERSEY,18.9
2017,OCT THRU DEC,NEW MEXICO,86.1
2017,OCT THRU DEC,NEW YORK,22.3
2017,OCT THRU DEC,NORTH CAROLINA,64.2
2017,OCT THRU DEC,NORTH DAKOTA,41.7
2017,OCT THRU DEC,OHIO,45.3
2017,OCT THRU DEC,OKLAHOMA,1
2017,OCT THRU DEC,OREGON,50.6
2017,OCT THRU DEC,OTHER STATES,11.5
2017,OCT THRU DEC,PENNSYLVANIA,44.7
2017,OCT THRU DEC,SOUTH CAROLINA,31.6
2017,OCT THRU DEC,SOUTH DAKOTA,17.3
2017,OCT THRU DEC,TENNESSEE,22.8
2017,OCT THRU DEC,TEXAS,33.9
2017,OCT THRU DEC,UTAH,24.3
2017,OCT THRU DEC,VERMONT,96.6
2017,OCT THRU DEC,VIRGINIA,20.9
2017,OCT THRU DEC,WASHINGTON,21.7
2017,OCT THRU DEC,WEST VIRGINIA,60.1
2017,OCT THRU DEC,WISCONSIN,53.1
2017,OCT THRU DEC,WYOMING,38
2016,APR THRU JUN,ALABAMA,9.6
2016,APR THRU JUN,ARIZONA,26.8
2016,APR THRU JUN,ARKANSAS,84.9
2016,APR THRU JUN,CALIFORNIA,49.7
2016,APR THRU JUN,COLORADO,38.7
2016,APR THRU JUN,CONNECTICUT,9.3
2016,APR THRU JUN,FLORIDA,48.2
2016,APR THRU JUN,GEORGIA,59.3
2016,APR THRU JUN,HAWAII,35.6
2016,APR THRU JUN,IDAHO,21.2
2016,APR THRU JUN,ILLINOIS,11.4
2016,APR THRU JUN,INDIANA,12.5
2016,APR THRU JUN,IOWA,23.5
2016,APR THRU JUN,KANSAS,47.3
2016,APR THRU JUN,KENTUCKY,38.9
2016,APR THRU JUN,LOUISIANA,20.7
2016,APR THRU JUN,MAINE,82.7
2016,APR THRU JUN,MARYLAND,4.2
2016,APR THRU JUN,MASSACHUSETTS,40.5
2016,APR THRU JUN,MICHIGAN,54.1
2016,APR THRU JUN,MINNESOTA,20.8
2016,APR THRU JUN,MISSISSIPPI,12.3
2016,APR THRU JUN,MISSOURI,17.2
2016,APR THRU JUN,MONTANA,30.3
2016,APR THRU JUN,NEBRASKA,6.1
2016,APR THRU JUN,NEW JERSEY,11.9
2016,APR THRU JUN,NEW MEXICO,59.1
2016,APR THRU JUN,NEW YORK,20.4
2016,APR THRU JUN,NORTH CAROLINA,51.8
2016,APR THRU JUN,NORTH DAKOTA,16.2
2016,APR THRU JUN,OHIO,10.6
2016,APR THRU JUN,OKLAHOMA,51.8
2016,APR THRU JUN,OREGON,52.7
2016,APR THRU JUN,OTHER STATES,7.6
2016,APR THRU JUN,PENNSYLVANIA,18.7
2016,APR THRU JUN,SOUTH CAROLINA,51.3
2016,APR THRU JUN,SOUTH DAKOTA,32.4
2016,APR THRU JUN,TENNESSEE,40.9
2016,APR THRU JUN,TEXAS,26.1
2016,APR THRU JUN,UTAH,23
2016,APR THRU JUN,VERMONT,2.6
2016,APR THRU JUN,VIRGINIA,23.1
2016,APR THRU JUN,WASHINGTON,40.9
2016,APR THRU JUN,WEST VIRGINIA,20.1
2016,APR THRU JUN,WISCONSIN,23.4
2016,APR THRU JUN,WYOMING,7.1
2016,JAN THRU MAR,ALABAMA,24.2
2016,JAN THRU MAR,ARIZONA,33.8
2016,JAN THRU MAR,ARKANSAS,57.4
2016,JAN THRU MAR,CALIFORNIA,38.1
2016,JAN THRU MAR,COLORADO,2.9
2016,JAN THRU MAR,CONNECTICUT,12.3
2016,JAN THRU MAR,FLORIDA,23.6
2016,JAN THRU MAR,GEORGIA,32.3
2016,JAN THRU MAR,HAWAII,0.3
2016,JAN THRU MAR,IDAHO,31.5
2016,JAN THRU MAR,ILLINOIS,12.4
2016,JAN THRU MAR,INDIANA,17.4
2016,JAN THRU MAR,IOWA,52.8
2016,JAN THRU MAR,KANSAS,30.3
2016,JAN THRU MAR,KENTUCKY,23.6
2016,JAN THRU MAR,LOUISIANA,22.8
2016,JAN THRU MAR,MAINE,3.3
2016,JAN THRU MAR,MARYLAND,26.2
2016,JAN THRU MAR,MASSACHUSETTS,10.1
2016,JAN THRU MAR,MICHIGAN,5.9
2016,JAN THRU MAR,MINNESOTA,12.1
2016,JAN THRU MAR,MISSISSIPPI,13.8
2016,JAN THRU MAR,MISSOURI,20.2
2016,JAN THRU MAR,MONTANA,0.6
2016,JAN THRU MAR,NEBRASKA,1.8
2016,JAN THRU MAR,NEW JERSEY,8
2016,JAN THRU MAR,NEW MEXICO,69
2016,JAN THRU MAR,NEW YORK,27.5
2016,JAN THRU MAR,NORTH CAROLINA,9.5
2016,JAN THRU MAR,NORTH DAKOTA,2.7
2016,JAN THRU MAR,OHIO,41.6
2016,JAN THRU MAR,OKLAHOMA,4.9
2016,JAN THRU MAR,OREGON,20.4
2016,JAN THRU MAR,OTHER STATES,5.5
2016,JAN THRU MAR,PENNSYLVANIA,44.8
2016,JAN THRU MAR,SOUTH CAROLINA,10.7
2016,JAN THRU MAR,SOUTH DAKOTA,0.2
2016,JAN THRU MAR,TENNESSEE,19.7
2016,JAN THRU MAR,TEXAS,19.4
2016,JAN THRU MAR,UTAH,26.2
2016,JAN THRU MAR,VERMONT,1.3
2016,JAN THRU MAR,VIRGINIA,32.7
2016,JAN THRU MAR,WASHINGTON,23.3
2016,JAN THRU MAR,WEST VIRGINIA,21.9
2016,JAN THRU MAR,WISCONSIN,24.2
2016,JAN THRU MAR,WYOMING,0
2016,JUL THRU SEP,ALABAMA,11.7
2016,JUL THRU SEP,ARIZONA,41.7
2016,JUL THRU SEP,ARKANSAS,80.7
2016,JUL THRU SEP,CALIFORNIA,42.2
2016,JUL THRU SEP,COLORADO,49.3
2016,JUL THRU SEP,CONNECTICUT,18.8
2016,JUL THRU SEP,FLORIDA,45.1
2016,JUL THRU SEP,GEORGIA,30.7
2016,JUL THRU SEP,HAWAII,67.8
2016,JUL THRU SEP,IDAHO,25.3
2016,JUL THRU SEP,ILLINOIS,17.4
2016,JUL THRU SEP,INDIANA,50.4
2016,JUL THRU SEP,IOWA,32.6
2016,JUL THRU SEP,KANSAS,42.8
2016,JUL THRU SEP,KENTUCKY,42.3
2016,JUL THRU SEP,LOUISIANA,39.5
2016,JUL THRU SEP,MAINE,9.3
2016,JUL THRU SEP,MARYLAND,10.8
2016,JUL THRU SEP,MASSACHUSETTS,14.1
2016,JUL THRU SEP,MICHIGAN,64.1
2016,JUL THRU SEP,MINNESOTA,47.2
2016,JUL THRU SEP,MISSISSIPPI,27.5
2016,JUL THRU SEP,MISSOURI,13.3
2016,JUL THRU SEP,MONTANA,41.9
2016,JUL THRU SEP,NEBRASKA,20.4
2016,JUL THRU SEP,NEW JERSEY,20.2
2016,JUL THRU SEP,NEW MEXICO,59.5
2016,JUL THRU SEP,NEW YORK,37.4
2016,JUL THRU SEP,NORTH CAROLINA,27.8
2016,JUL THRU SEP,NORTH DAKOTA,38
2016,JUL THRU SEP,OHIO,60.6
2016,JUL THRU SEP,OKLAHOMA,7.5
2016,JUL THRU SEP,OREGON,52.9
2016,JUL THRU SEP,OTHER STATES,7.8
2016,JUL THRU SEP,PENNSYLVANIA,27.3
2016,JUL THRU SEP,SOUTH CAROLINA,20.4
2016,JUL THRU SEP,SOUTH DAKOTA,48.8
2016,JUL THRU SEP,TENNESSEE,22.5
2016,JUL THRU SEP,TEXAS,47.2
2016,JUL THRU SEP,UTAH,32.1
2016,JUL THRU SEP,VERMONT,5.6
2016,JUL THRU SEP,VIRGINIA,39.1
2016,JUL THRU SEP,WASHINGTON,65.2
2016,JUL THRU SEP,WEST VIRGINIA,41.5
2016,JUL THRU SEP,WISCONSIN,31.5
2016,JUL THRU SEP,WYOMING,38.6
2016,OCT THRU DEC,ALABAMA,12.3
2016,OCT THRU DEC,ARIZONA,98.8
2016,OCT THRU DEC,ARKANSAS,21.1
2016,OCT THRU DEC,CALIFORNIA,41.9
2016,OCT THRU DEC,COLORADO,32.4
2016,OCT THRU DEC,CONNECTICUT,14.7
2016,OCT THRU DEC,FLORIDA,30.9
2016,OCT THRU DEC,GEORGIA,43.6
2016,OCT THRU DEC,HAWAII,39.9
2016,OCT THRU DEC,IDAHO,31.9
2016,OCT THRU DEC,ILLINOIS,27.8
2016,OCT THRU DEC,INDIANA,28.2
2016,OCT THRU DEC,IOWA,18.7
2016,OCT THRU DEC,KANSAS,29.2
2016,OCT THRU DEC,KENTUCKY,48.2
2016,OCT THRU DEC,LOUISIANA,2.9
2016,OCT THRU DEC,MAINE,10.7
2016,OCT THRU DEC,MARYLAND,23.8
2016,OCT THRU DEC,MASSACHUSETTS,6.1
2016,OCT THRU DEC,MICHIGAN,23.9
2016,OCT THRU DEC,MINNESOTA,27.5
2016,OCT THRU DEC,MISSISSIPPI,21.9
2016,OCT THRU DEC,MISSOURI,16.1
2016,OCT THRU DEC,MONTANA,59.1
2016,OCT THRU DEC,NEBRASKA,10.5
2016,OCT THRU DEC,NEW JERSEY,28.6
2016,OCT THRU DEC,NEW MEXICO,46.2
2016,OCT THRU DEC,NEW YORK,27.8
2016,OCT THRU DEC,NORTH CAROLINA,24
2016,OCT THRU DEC,NORTH DAKOTA,23.5
2016,OCT THRU DEC,OHIO,42
2016,OCT THRU DEC,OKLAHOMA,4.9
2016,OCT THRU DEC,OREGON,25.5
2016,OCT THRU DEC,OTHER STATES,24.1
2016,OCT THRU DEC,PENNSYLVANIA,18.7
2016,OCT THRU DEC,SOUTH CAROLINA,29
2016,OCT THRU DEC,SOUTH DAKOTA,48.9
2016,OCT THRU DEC,TENNESSEE,19.9
2016,OCT THRU DEC,TEXAS,33.1
2016,OCT THRU DEC,UTAH,26.4
2016,OCT THRU DEC,VERMONT,44.5
2016,OCT THRU DEC,VIRGINIA,31.4
2016,OCT THRU DEC,WASHINGTON,21.4
2016,OCT THRU DEC,WEST VIRGINIA,23.8
2016,OCT THRU DEC,WISCONSIN,69.3
2016,OCT THRU DEC,WYOMING,32.2
2015,APR THRU JUN,ALABAMA,16.7
2015,APR THRU JUN,ARIZONA,8.4
2015,APR THRU JUN,ARKANSAS,65.9
2015,APR THRU JUN,CALIFORNIA,50.9
2015,APR THRU JUN,COLORADO,38.6
2015,APR THRU JUN,CONNECTICUT,10.2
2015,APR THRU JUN,FLORIDA,44.2
2015,APR THRU JUN,GEORGIA,52.8
2015,APR THRU JUN,HAWAII,60.1
2015,APR THRU JUN,IDAHO,25.5
2015,APR THRU JUN,ILLINOIS,10.3
2015,APR THRU JUN,INDIANA,15.4
2015,APR THRU JUN,IOWA,21.5
2015,APR THRU JUN,KANSAS,14.4
2015,APR THRU JUN,KENTUCKY,21.7
2015,APR THRU JUN,LOUISIANA,36.4
2015,APR THRU JUN,MAINE,72.1
2015,APR THRU JUN,MARYLAND,4.9
2015,APR THRU JUN,MASSACHUSETTS,66.8
2015,APR THRU JUN,MICHIGAN,26.9
2015,APR THRU JUN,MINNESOTA,25.4
2015,APR THRU JUN,MISSISSIPPI,10.1
2015,APR THRU JUN,MISSOURI,5.1
2015,APR THRU JUN,MONTANA,9
2015,APR THRU JUN,NEBRASKA,6.5
2015,APR THRU JUN,NEW JERSEY,52.5
2015,APR THRU JUN,NEW MEXICO,38.8
2015,APR THRU JUN,NEW YORK,19.1
2015,APR THRU JUN,NORTH CAROLINA,51
2015,APR THRU JUN,NORTH DAKOTA,15.5
2015,APR THRU JUN,OHIO,15.8
2015,APR THRU JUN,OKLAHOMA,66.1
2015,APR THRU JUN,OREGON,39.3
2015,APR THRU JUN,OTHER STATES,36.3
2015,APR THRU JUN,PENNSYLVANIA,11.4
2015,APR THRU JUN,SOUTH CAROLINA,29.9
2015,APR THRU JUN,SOUTH DAKOTA,9.8
2015,APR THRU JUN,TENNESSEE,47.8
2015,APR THRU JUN,TEXAS,19.3
2015,APR THRU JUN,UTAH,27.2
2015,APR THRU JUN,VERMONT,3.7
2015,APR THRU JUN,VIRGINIA,26.2
2015,APR THRU JUN,WASHINGTON,48.7
2015,APR THRU JUN,WEST VIRGINIA,15.6
2015,APR THRU JUN,WISCONSIN,35.3
2015,APR THRU JUN,WYOMING,19.1
2015,JAN THRU MAR,ALABAMA,10
2015,JAN THRU MAR,ARIZONA,26.9
2015,JAN THRU MAR,ARKANSAS,17.6
2015,JAN THRU MAR,CALIFORNIA,24.7
2015,JAN THRU MAR,COLORADO,14.6
2015,JAN THRU MAR,CONNECTICUT,2.5
2015,JAN THRU MAR,FLORIDA,22.3
2015,JAN THRU MAR,GEORGIA,6.2
2015,JAN THRU MAR,HAWAII,38.8
2015,JAN THRU MAR,IDAHO,39.8
2015,JAN THRU MAR,ILLINOIS,12.3
2015,JAN THRU MAR,INDIANA,20.7
2015,JAN THRU MAR,IOWA,26
2015,JAN THRU MAR,KANSAS,32.7
2015,JAN THRU MAR,KENTUCKY,10.8
2015,JAN THRU MAR,LOUISIANA,17.2
2015,JAN THRU MAR,MAINE,4.4
2015,JAN THRU MAR,MARYLAND,10.1
2015,JAN THRU MAR,MASSACHUSETTS,23.5
2015,JAN THRU MAR,MICHIGAN,14.3
2015,JAN THRU MAR,MINNESOTA,1.4
2015,JAN THRU MAR,MISSISSIPPI,9.4
2015,JAN THRU MAR,MISSOURI,13.1
2015,JAN THRU MAR,MONTANA,8.7
2015,JAN THRU MAR,NEBRASKA,5.9
2015,JAN THRU MAR,NEW JERSEY,40.1
2015,JAN THRU MAR,NEW MEXICO,17.1
2015,JAN THRU MAR,NEW YORK,7.6
2015,JAN THRU MAR,NORTH CAROLINA,35.5
2015,JAN THRU MAR,NORTH DAKOTA,1.7
2015,JAN THRU MAR,OHIO,10.7
2015,JAN THRU MAR,OKLAHOMA,14.5
2015,JAN THRU MAR,OREGON,20.2
2015,JAN THRU MAR,OTHER STATES,0.8
2015,JAN THRU MAR,PENNSYLVANIA,28.1
2015,JAN THRU MAR,SOUTH CAROLINA,10.5
2015,JAN THRU MAR,SOUTH DAKOTA,1.2
2015,JAN THRU MAR,TENNESSEE,22.2
2015,JAN THRU MAR,TEXAS,21.5
2015,JAN THRU MAR,UTAH,13.6
2015,JAN THRU MAR,VERMONT,2.3
2015,JAN THRU MAR,VIRGINIA,19
2015,JAN THRU MAR,WASHINGTON,21.5
2015,JAN THRU MAR,WEST VIRGINIA,18
2015,JAN THRU MAR,WISCONSIN,18.8
2015,JAN THRU MAR,WYOMING,0.9
2015,JUL THRU SEP,ALABAMA,63.1
2015,JUL THRU SEP,ARIZONA,53.5
2015,JUL THRU SEP,ARKANSAS,69.2
2015,JUL THRU SEP,CALIFORNIA,39.9
2015,JUL THRU SEP,COLORADO,50.5
2015,JUL THRU SEP,CONNECTICUT,39.3
2015,JUL THRU SEP,FLORIDA,39.5
2015,JUL THRU SEP,GEORGIA,47.6
2015,JUL THRU SEP,HAWAII,78.1
2015,JUL THRU SEP,IDAHO,46.8
2015,JUL THRU SEP,ILLINOIS,7.7
2015,JUL THRU SEP,INDIANA,13.7
2015,JUL THRU SEP,IOWA,17.4
2015,JUL THRU SEP,KANSAS,22.5
2015,JUL THRU SEP,KENTUCKY,40.4
2015,JUL THRU SEP,LOUISIANA,25.9
2015,JUL THRU SEP,MAINE,9.9
2015,JUL THRU SEP,MARYLAND,26.9
2015,JUL THRU SEP,MASSACHUSETTS,16.3
2015,JUL THRU SEP,MICHIGAN,44.6
2015,JUL THRU SEP,MINNESOTA,33.3
2015,JUL THRU SEP,MISSISSIPPI,45.5
2015,JUL THRU SEP,MISSOURI,11.1
2015,JUL THRU SEP,MONTANA,52.5
2015,JUL THRU SEP,NEBRASKA,33.2
2015,JUL THRU SEP,NEW JERSEY,7.2
2015,JUL THRU SEP,NEW MEXICO,61.2
2015,JUL THRU SEP,NEW YORK,40
2015,JUL THRU SEP,NORTH CAROLINA,33.9
2015,JUL THRU SEP,NORTH DAKOTA,33.8
2015,JUL THRU SEP,OHIO,30.7
2015,JUL THRU SEP,OKLAHOMA,1.6
2015,JUL THRU SEP,OREGON,56
2015,JUL THRU SEP,OTHER STATES,8.8
2015,JUL THRU SEP,PENNSYLVANIA,45.1
2015,JUL THRU SEP,SOUTH CAROLINA,58.4
2015,JUL THRU SEP,SOUTH DAKOTA,22
2015,JUL THRU SEP,TENNESSEE,50.8
2015,JUL THRU SEP,TEXAS,30.7
2015,JUL THRU SEP,UTAH,40.1
2015,JUL THRU SEP,VERMONT,22.7
2015,JUL THRU SEP,VIRGINIA,29
2015,JUL THRU SEP,WASHINGTON,45.6
2015,JUL THRU SEP,WEST VIRGINIA,21.7
2015,JUL THRU SEP,WISCONSIN,47.3
2015,JUL THRU SEP,WYOMING,28.5
2015,OCT THRU DEC,ALABAMA,3.1
2015,OCT THRU DEC,ARIZONA,50.1
2015,OCT THRU DEC,ARKANSAS,38.1
2015,OCT THRU DEC,CALIFORNIA,37.3
2015,OCT THRU DEC,COLORADO,47.6
2015,OCT THRU DEC,CONNECTICUT,10.5
2015,OCT THRU DEC,FLORIDA,27.3
2015,OCT THRU DEC,GEORGIA,43.5
2015,OCT THRU DEC,HAWAII,31
2015,OCT THRU DEC,IDAHO,38.9
2015,OCT THRU DEC,ILLINOIS,9.4
2015,OCT THRU DEC,INDIANA,15.1
2015,OCT THRU DEC,IOWA,53.4
2015,OCT THRU DEC,KANSAS,44.5
2015,OCT THRU DEC,KENTUCKY,22.2
2015,OCT THRU DEC,LOUISIANA,10.9
2015,OCT THRU DEC,MAINE,18
2015,OCT THRU DEC,MARYLAND,5.6
2015,OCT THRU DEC,MASSACHUSETTS,31.4
2015,OCT THRU DEC,MICHIGAN,30.2
2015,OCT THRU DEC,MINNESOTA,43.6
2015,OCT THRU DEC,MISSISSIPPI,10.6
2015,OCT THRU DEC,MISSOURI,2.8
2015,OCT THRU DEC,MONTANA,35.5
2015,OCT THRU DEC,NEBRASKA,15.5
2015,OCT THRU DEC,NEW JERSEY,7.7
2015,OCT THRU DEC,NEW MEXICO,30.9
2015,OCT THRU DEC,NEW YORK,24.5
2015,OCT THRU DEC,NORTH CAROLINA,9.6
2015,OCT THRU DEC,NORTH DAKOTA,10.8
2015,OCT THRU DEC,OHIO,36.3
2015,OCT THRU DEC,OKLAHOMA,2.8
2015,OCT THRU DEC,OREGON,16.4
2015,OCT THRU DEC,OTHER STATES,8.2
2015,OCT THRU DEC,PENNSYLVANIA,32.2
2015,OCT THRU DEC,SOUTH CAROLINA,14.2
2015,OCT THRU DEC,SOUTH DAKOTA,16.8
2015,OCT THRU DEC,TENNESSEE,43.6
2015,OCT THRU DEC,TEXAS,20.9
2015,OCT THRU DEC,UTAH,75.8
2015,OCT THRU DEC,VERMONT,57.1
2015,OCT THRU DEC,VIRGINIA,26.3
2015,OCT THRU DEC,WASHINGTON,6.9
2015,OCT THRU DEC,WEST VIRGINIA,18.8
2015,OCT THRU DEC,WISCONSIN,49.4
2015,OCT THRU DEC,WYOMING,45