Year,State,Number of valid respondents,Bootstrap replication,Bootstrap method,Bootstrap estimate of the Total Loss (weigthed average),Boostrap-based 95% confidence interval(low) of the weighted average loss,Boostrap-based 95% confidence interval(high) of the weighted average loss,Bootstrap estimate of the Average Loss (unweigthed average),Boostrap-based 95% confidence interval(low) of the unweighted average loss,Boostrap-based 95% confidence interval(high) of the unweighted average loss,Total Loss (weigthed average),glm-based 95% confidence interval(low) of the weighted average loss,glm-based 95% confidence interval(high) of the weighted average loss,Average Loss (unweigthed average),standard deviation of operational losses,standard error of the unweithed average estimate,glm-based 95% confidence interval(low) of the unweighted average loss,glm-based 95% confidence interval(high) of the unweighted average loss,Total number of colonies at the start of the season,"Total number of colonies ""at risk"" (colonies at the start, new colonies added, without colonies sold or given away)",Total number of colonies lost during the season,Total number of colonies alive at the end of the season,Percentage of beekeepers exlusive to the state,Percentage of colonies exclusive to the state
2022,ALABAMA,33,1000,n-out-of-n,36.48694516,28.77679139,44.80013882,34.12917475,26.29382521,43.13719719,36.48881239,29.98003917,43.34579632,34.2600962,25.27496415,4.399806513,25.63647544,42.88371697,316,581,212,369,100,100
2022,ARIZONA,8,1000,n-out-of-n,35.74701382,NULL,NULL,NULL,NULL,NULL,35.37315202,[R],[R],[R],[R],[R],[R],[R],4529,6477,[R],[R],87.5,0.640317951
2022,ARKANSAS,18,1000,n-out-of-n,51.49889923,39.17464987,67.91105613,53.41311826,40.33191662,67.24238514,51.25448029,40.22848156,62.19896231,53.8678654,29.58192802,6.972527302,40.20171189,67.53401892,152,279,143,136,94.44444444,97.36842105
2022,CALIFORNIA,89,1000,n-out-of-n,33.41540508,25.4084118,43.31632368,42.81874045,36.90269816,48.74996667,33.2696669,29.76464535,36.902724,42.81879115,28.9797881,3.071851394,36.79796241,48.83961988,166009,257069,85526,171543,67.41573034,25.32031396
2022,COLORADO,93,1000,n-out-of-n,48.39721844,34.83234894,61.31437617,40.26658061,33.99834929,46.41212811,48.97074756,42.64469849,55.31890835,40.24510862,31.40138505,3.256171944,33.86301161,46.62720563,444,923,452,471,96.77419355,85.36036036
2022,FLORIDA,30,1000,n-out-of-n,35.57435338,29.03767704,49.71656977,34.59556264,24.86677759,45.24307806,32.28699552,27.31441229,37.54246143,34.81341836,29.30765292,5.350820871,24.32580945,45.30102727,503,1115,360,755,90,27.03777336
2022,GEORGIA,76,1000,n-out-of-n,58.09275082,43.10096091,63.14549636,52.20318758,45.21104613,58.54482753,62.56515863,60.93111805,64.18032489,52.29966025,29.41186756,3.373772591,45.68706597,58.91225452,4750,15539,9722,5817,96.05263158,8.568421053
2022,IDAHO,27,1000,n-out-of-n,32.34873339,18.59746875,49.79226282,55.69046481,43.99656234,66.30026701,32.93577163,26.06881445,40.32794544,55.8882511,31.26083499,6.016150499,44.09659612,67.67990608,65044,112100,36921,75179,62.96296296,0.175265974
2022,ILLINOIS,57,1000,n-out-of-n,53.79722479,44.01385771,64.19722322,61.99902696,54.20507471,69.64276833,53.1107739,45.44320378,60.68121226,61.84869572,29.7767184,3.944022701,54.11841123,69.57898022,362,659,350,309,94.73684211,93.64640884
2022,INDIANA,110,1000,n-out-of-n,64.4265603,40.8266216,86.12878064,51.87263876,45.90077562,57.9026579,70.72527473,64.22298646,76.70648457,51.91823677,34.54441298,3.293680544,45.4626229,58.37385063,816,2275,1609,666,98.18181818,96.69117647
2022,IOWA,57,1000,n-out-of-n,69.03070796,52.04194404,83.26010258,58.8108819,50.69989313,66.04405611,73.33333333,66.43847917,79.54360241,58.77132771,29.97558743,3.970363548,50.98941516,66.55324026,659,1305,957,348,96.49122807,98.48254932
2022,KANSAS,27,1000,n-out-of-n,36.41222579,27.11591646,46.84031615,40.60072382,29.76928986,51.63825571,35.85746102,27.41628586,44.93070569,40.57532929,29.34512384,5.647471716,29.50628473,51.64437385,294,449,161,288,92.59259259,97.61904762
2022,KENTUCKY,47,1000,n-out-of-n,55.34164738,36.31269616,68.60235873,46.25365926,37.41987728,54.90736837,59.67399008,52.95454183,66.15900284,46.2678738,31.31978813,4.56846063,37.31369097,55.22205664,657,1411,842,569,95.74468085,97.56468798
2022,LOUISIANA,6,1000,n-out-of-n,41.6794561,NULL,NULL,NULL,NULL,NULL,44.10616648,[R],[R],[R],[R],[R],[R],[R],1104,2570,[R],[R],100,100
2022,MAINE,34,1000,n-out-of-n,58.54217744,45.59197627,67.18165626,49.71752612,38.01170018,60.61870887,59.87654321,52.1125572,67.3222069,49.62367449,33.40988467,5.72974795,38.39336851,60.85398048,259,486,291,195,100,100
2022,MICHIGAN,156,1000,n-out-of-n,56.86503278,39.79699805,63.16031872,62.42337806,57.30745889,67.22543939,60.94326568,59.10798342,62.75813863,62.3749939,32.0408442,2.565320614,57.3469655,67.40302231,5556,17344,10570,6774,97.43589744,14.86681066
2022,MINNESOTA,76,1000,n-out-of-n,54.86396185,40.91072068,72.07411097,76.08897664,70.3910153,81.71948099,58.26518936,55.65501554,60.84484509,76.1669729,25.85466152,2.965733074,70.35413608,81.97980973,13117,35831,20877,14954,89.47368421,3.750857666
2022,MISSISSIPPI,4,1000,n-out-of-n,37.73409625,NULL,NULL,NULL,NULL,NULL,38.06265007,[R],[R],[R],[R],[R],[R],[R],59,113,[R],[R],100,100
2022,MISSOURI,62,1000,n-out-of-n,36.12534807,27.60923717,46.27869984,34.8963525,27.78747546,42.36014025,35.93004769,28.57305993,43.75874232,34.85334728,30.09113493,3.821577957,27.36305449,42.34364008,379,629,226,403,93.5483871,92.87598945
2022,MONTANA,19,1000,n-out-of-n,24.01684923,15.02447224,53.43045113,61.51128877,45.71184054,78.08282544,22.99767516,20.85084744,25.24248322,61.49250933,36.16888569,8.297711453,45.22899488,77.75602378,16020,21937,5045,16892,78.94736842,0.343320849
2022,NEBRASKA,34,1000,n-out-of-n,52.55528138,40.20486201,68.88931468,56.52495583,46.16857975,67.48093155,54.24341338,49.18788555,59.24126194,56.23469844,31.29495365,5.367040272,45.71529951,66.75409737,6395,17156,9306,7850,91.17647059,29.53870211
2022,NEW JERSEY,50,1000,n-out-of-n,47.4315935,36.93917991,58.19661458,48.39951648,39.88285158,57.48074993,47.61120264,40.1993812,55.09416365,48.38930106,30.76362871,4.350634094,39.86205823,56.91654388,337,607,289,318,100,100
2022,NEW YORK,67,1000,n-out-of-n,45.48024832,38.72560537,52.81332571,47.36469528,40.72364233,54.5102931,45.42586751,39.1879442,51.76129728,47.30705943,30.95188718,3.781374858,39.89556471,54.71855415,343,634,288,346,100,100
2022,HAWAII,7,1000,n-out-of-n,30.16778738,NULL,NULL,NULL,NULL,NULL,29.28327497,[R],[R],[R],[R],[R],[R],[R],573,580,[R],[R],100,100
2022,NORTH CAROLINA,103,1000,n-out-of-n,38.28221968,20.34119083,56.54453123,42.55459262,36.26859875,48.32363941,37.5464684,31.62966209,43.72273523,42.43725511,31.82553338,3.135862983,36.29096367,48.58354656,1708,2421,909,1512,100,100
2022,NORTH DAKOTA,12,1000,n-out-of-n,36.5661363,24.5827473,48.03908733,34.59680278,24.97187097,43.68211833,37.02921223,27.79719267,46.94529803,34.77339985,17.29798936,4.993499407,24.98614101,44.56065868,97712,161405,59767,101638,8.333333333,0.020468315
2022,OHIO,140,1000,n-out-of-n,56.66150696,45.97596019,67.18339685,53.97498104,48.20338761,59.84511903,56.62319835,51.19075579,61.95139165,53.89922191,33.75767332,2.853044124,48.30725542,59.49118839,761,1457,825,632,98.57142857,98.94875164
2022,OREGON,100,1000,n-out-of-n,38.60004,21.88544465,85.86447017,53.83151265,46.33875307,60.90662137,35.75336338,31.84717982,39.79005229,53.8112161,36.28680478,3.628680478,46.69900236,60.92342983,17736,29063,10391,18672,95,33.86332882
2022,PENNSYLVANIA,256,1000,n-out-of-n,56.03261752,50.74638989,61.42923616,53.61279027,49.32970584,57.59475174,56.09337453,52.62272099,59.52473345,53.63768485,33.94384124,2.121490078,49.4795643,57.7958054,1595,2913,1634,1279,98.046875,96.11285266
2022,SOUTH DAKOTA,12,1000,n-out-of-n,40.58750932,26.26861239,46.25107047,42.1556614,28.44251528,57.98802236,43.36770158,40.32688736,46.44216601,42.38711376,27.70292837,7.997146577,26.71270647,58.06152105,24338,34528,14974,19554,83.33333333,0.15613444
2022,TENNESSEE,56,1000,n-out-of-n,52.12007097,44.3464658,58.30786311,50.79665892,42.50265594,58.35814201,52.44519393,46.33889218,58.50299083,50.46273541,31.66756376,4.231756209,42.16849324,58.75697757,335,593,311,282,94.64285714,90.14925373
2022,TEXAS,73,1000,n-out-of-n,33.5067238,22.05818357,48.07584328,33.25701487,27.29116448,39.24428041,33.90281463,29.94828352,38.01320368,33.31374768,27.44569107,3.212275168,27.01768835,39.60980701,79796,131172,44471,86701,76.71232877,1.812120908
2022,UTAH,44,1000,n-out-of-n,58.88563563,41.41662764,68.16300513,51.4334775,40.80500844,61.48801003,61.86107471,55.59468493,67.87405813,51.11284147,35.48316944,5.349289064,40.62823491,61.59744804,257,763,472,291,97.72727273,97.66536965
2022,VERMONT,19,1000,n-out-of-n,70.15771504,48.64127517,94.67633284,61.8295127,47.16149317,74.75263961,71.28712871,60.48412389,80.66853524,61.87772179,33.20731516,7.618280577,46.94589186,76.80955172,805,1717,1224,493,94.73684211,73.91304348
2022,VIRGINIA,227,1000,n-out-of-n,50.16244601,40.88535414,58.9153376,51.66046213,47.6377407,55.88191434,50.18004115,46.62278391,53.73608339,51.63608356,31.94772276,2.120444835,47.48001168,55.79215544,2560,3888,1951,1937,97.79735683,73.8671875
2022,WASHINGTON,68,1000,n-out-of-n,38.73280608,25.59788826,46.55751561,60.68543544,52.68996142,68.40767133,39.98939572,37.8955674,42.10789516,60.69466589,34.0764134,4.132372111,52.59521655,68.79411522,40285,62239,24889,37350,91.17647059,0.888668239
2022,WEST VIRGINIA,24,1000,n-out-of-n,62.31212797,53.23712168,79.19587308,61.98437116,49.94201848,73.73565416,60.13468013,52.66960781,67.2972221,61.93499662,31.90369483,6.512314438,49.17086033,74.69913292,912,1485,893,592,91.66666667,30.04385965
2022,WISCONSIN,90,1000,n-out-of-n,57.40147177,33.07876181,71.3363864,69.32120376,62.81344848,75.70349716,58.85322755,55.48203238,62.16989894,69.34048411,31.57238005,3.32802107,62.81756282,75.86340541,9601,22184,13056,9128,91.11111111,6.915946256
2022,WYOMING,10,1000,n-out-of-n,49.32653696,12.0684462,67.56770892,31.31380365,12.11666667,52.56295662,56.60377358,39.35424009,72.82676504,31.39986954,34.83865017,11.01694851,9.806650449,52.99308863,63,212,120,92,70,38.0952381
2021,ALABAMA,48,1000,n-out-of-n,47.60137271,39.5433352,56.29036641,51.31091426,44.68509959,57.81747983,47.49744637,41.76403901,53.2752927,51.38264056,23.50692278,3.392932048,44.73249375,58.03278737,644,979,465,514,100,100
2021,ARIZONA,8,1000,n-out-of-n,33.09932093,NULL,NULL,NULL,NULL,NULL,37.39052781,[R],[R],[R],[R],[R],[R],[R],68,150,[R],[R],87.5,39.70588235
2021,ARKANSAS,19,1000,n-out-of-n,63.6083627,46.50777761,77.51236493,50.28774014,38.80518609,62.80038619,64.19213974,52.31828578,74.99754664,50.57459124,26.95429766,6.183739979,38.45446088,62.6947216,216,458,294,164,94.73684211,91.66666667
2021,CALIFORNIA,100,1000,n-out-of-n,41.47416335,30.0153192,55.18716889,46.52802426,41.09082976,51.88799758,42.3171033,38.09918142,46.61110269,46.60175303,28.64564259,2.864564259,40.98720708,52.21629898,81900,125467,53094,72373,68,14.92796093
2021,COLORADO,50,1000,n-out-of-n,60.16120185,45.4190424,68.31700338,57.02415866,46.78033364,66.69513886,62.04217536,56.1154696,67.73805695,57.02996994,35.8527655,5.070346722,47.09209036,66.96784952,540,901,559,342,94,37.77777778
2021,FLORIDA,145,1000,n-out-of-n,67.95535623,41.33652019,86.4742432,34.04029881,29.06198241,38.71605274,76.94590344,73.41496149,80.24094345,34.00011128,30.42889663,2.526982322,29.04722593,38.95299663,11403,33699,25930,7769,94.48275862,68.78014558
2021,GEORGIA,112,1000,n-out-of-n,44.83675592,33.32373472,59.64079183,52.69035508,46.33000398,58.11507221,43.16421685,39.82981365,46.5404573,52.76600836,32.25503512,3.047814338,46.79229226,58.73972446,3744,6327,2731,3596,92.85714286,22.80982906
2021,IDAHO,19,1000,n-out-of-n,34.6979423,20.99313507,71.79761905,59.37377238,47.00160952,72.03580528,26.92523439,21.69862883,32.61858479,59.7192298,29.70445686,6.81466977,46.36247705,73.07598255,9636,12479,3360,9119,84.21052632,0.944375259
2021,ILLINOIS,56,1000,n-out-of-n,63.17086025,48.49693868,73.45090446,64.50393697,54.46864775,73.83470062,63.50174216,56.26673147,70.35024622,64.30457286,37.28767074,4.982774595,54.53833465,74.07081107,647,1148,729,419,98.21428571,55.33230294
2021,INDIANA,54,1000,n-out-of-n,34.1468298,26.00562529,45.63809,48.61306567,39.05901575,57.66844314,33.67609254,27.5812973,40.15721095,48.50808938,35.22212819,4.79312454,39.11356528,57.90261348,952,1556,524,1032,98.14814815,68.48739496
2021,IOWA,33,1000,n-out-of-n,77.74238141,56.65700732,87.38500093,57.63616078,44.90495429,71.53924147,81.59255429,73.2404465,88.34487934,57.75346525,39.5252424,6.880461548,44.26776062,71.23916988,243,967,789,178,96.96969697,98.7654321
2021,KANSAS,11,1000,n-out-of-n,64.12840395,32.55604172,80.59210067,51.76865685,31.86617023,72.55932205,70.37037037,53.61102687,84.06072553,52.03555441,36.20505355,10.91623438,30.63973503,73.43137379,374,513,361,152,90.90909091,33.15508021
2021,KENTUCKY,58,1000,n-out-of-n,50.84407111,37.49785076,62.86965558,41.73320398,32.85547491,50.72137991,51.28834356,43.39626617,59.13763133,41.69040814,34.68132461,4.553881021,32.76480134,50.61601494,406,815,418,397,100,100
2021,LOUISIANA,5,1000,n-out-of-n,41.02689975,NULL,NULL,NULL,NULL,NULL,41.04516234,[R],[R],[R],[R],[R],[R],[R],58,71,[R],[R],100,100
2021,MAINE,49,1000,n-out-of-n,49.84986868,42.55747987,60.83122922,51.42888179,41.87983573,61.0153653,48.90656064,41.87304376,55.96917995,51.66660437,35.77843905,5.111205579,41.64864144,61.68456731,263,503,246,257,97.95918367,96.57794677
2021,MICHIGAN,130,1000,n-out-of-n,41.06368874,32.73193469,51.57272384,58.16637031,51.87813283,64.31356903,40.30969031,37.39057141,43.27529859,58.2348278,35.83194789,3.142669724,52.07519514,64.39446046,4970,8008,3228,4780,96.15384615,16.39839034
2021,MINNESOTA,62,1000,n-out-of-n,40.10506607,27.74032065,63.33363636,59.87542038,50.89019387,67.95748895,38.55169202,34.32596079,42.89586056,59.98521612,34.87267458,4.4288341,51.30470128,68.66573095,8705,12884,4967,7917,87.09677419,3.951751867
2021,MISSISSIPPI,6,1000,n-out-of-n,42.19264558,NULL,NULL,NULL,NULL,NULL,42.72932139,[R],[R],[R],[R],[R],[R],[R],3213,5369,[R],[R],83.33333333,0.404606287
2021,MISSOURI,52,1000,n-out-of-n,44.37334538,36.4963242,51.36567643,39.0415868,31.29288652,47.00944504,44.22043011,38.25422197,50.30029254,39.25983847,29.31328667,4.065021466,31.2923964,47.22728055,493,744,329,415,98.07692308,95.13184584
2021,MONTANA,17,1000,n-out-of-n,63.35078795,21.12757484,77.11526196,40.55364641,23.87388466,57.85553363,74.445674,69.13805485,79.30965578,40.71752071,36.66969768,8.893708047,23.28585294,58.14918848,16735,24399,18164,6235,82.35294118,0.997908575
2021,NEBRASKA,9,1000,n-out-of-n,39.64383891,NULL,NULL,NULL,NULL,NULL,37.93246113,[R],[R],[R],[R],[R],[R],[R],117,192,[R],[R],100,100
2021,NEW JERSEY,51,1000,n-out-of-n,47.85541782,32.03068748,64.10305344,50.93574303,41.72726319,60.06652018,47.56554307,38.37719947,56.86585322,50.99129436,35.12210367,4.918078228,41.35186103,60.63072768,321,534,254,280,96.07843137,94.70404984
2021,NEW YORK,89,1000,n-out-of-n,56.61826926,45.57153892,65.39555355,57.62617736,50.8259593,64.49097431,57.50798722,51.92393738,62.96691206,57.76117653,35.37160649,3.749382789,50.41238626,65.1099668,1007,1565,900,665,95.50561798,57.29890765
2021,HAWAII,3,1000,n-out-of-n,33.52767226,NULL,NULL,NULL,NULL,NULL,33.11230063,[R],[R],[R],[R],[R],[R],[R],85,104,[R],[R],100,100
2021,NORTH CAROLINA,89,1000,n-out-of-n,46.91249031,36.14309909,60.93956973,44.77642012,37.95233523,51.07326752,46.42243847,41.08170136,51.8185499,44.88967662,32.2478803,3.418268475,38.18987041,51.58948283,1197,1747,811,936,97.75280899,69.34001671
2021,NORTH DAKOTA,7,1000,n-out-of-n,35.44893759,NULL,NULL,NULL,NULL,NULL,36.5225251,[R],[R],[R],[R],[R],[R],[R],18311,27437,[R],[R],0,0
2021,OHIO,85,1000,n-out-of-n,56.62073009,49.94221417,62.83924146,55.07207432,48.18388719,61.67719529,56.57276995,50.76743456,62.26007139,54.98989658,32.03227818,3.474388385,48.18009535,61.79969782,441,852,482,370,98.82352941,99.09297052
2021,OREGON,65,1000,n-out-of-n,36.14396727,14.7015378,61.48008538,49.25899666,41.88040995,56.97632254,33.59441512,29.20084001,38.18611592,49.2924304,32.54963653,4.037285528,41.37935077,57.20551004,11861,17619,5919,11700,89.23076923,2.107748082
2021,PENNSYLVANIA,477,1000,n-out-of-n,55.18040669,46.48637887,62.46558006,60.12487657,56.98385133,63.06195562,54.81710459,52.23080974,57.38617319,60.1121327,34.9486325,1.600187956,56.97576431,63.2485011,3258,5823,3192,2631,98.32285115,83.76304481
2021,SOUTH DAKOTA,3,1000,n-out-of-n,37.466129,NULL,NULL,NULL,NULL,NULL,36.59979524,[R],[R],[R],[R],[R],[R],[R],15902,23656,[R],[R],33.33333333,0.012577034
2021,TENNESSEE,57,1000,n-out-of-n,51.28693522,43.20002378,58.4363476,49.39381589,40.71763421,58.24655475,51.29740519,44.48188699,58.08080192,49.31529033,32.65942745,4.325846842,40.83663052,57.79395014,292,501,257,244,96.49122807,97.60273973
2021,TEXAS,141,1000,n-out-of-n,56.09023149,35.71180236,71.1244443,42.52897912,37.82892284,47.5952413,59.16488004,55.72173351,62.5490736,42.53879934,30.54817096,2.572620086,37.49646397,47.58113471,32109,48975,28976,19999,91.4893617,6.390731571
2021,UTAH,56,1000,n-out-of-n,57.35581861,46.22109838,75.22167991,72.61745945,64.74555392,79.83653134,50.48902413,47.06815763,53.90683844,72.78261661,30.23719465,4.040615097,64.86301102,80.7022222,2040,4601,2323,2278,92.85714286,12.05882353
2021,VERMONT,21,1000,n-out-of-n,81.65401784,54.72135417,96.14715541,78.60828272,68.60800019,88.6617714,85.34946237,73.5844601,93.42766805,78.69588207,23.93812455,5.223727036,68.45737708,88.93438706,372,744,635,109,90.47619048,40.32258065
2021,VIRGINIA,155,1000,n-out-of-n,41.17693418,33.45592964,50.72999797,55.93660776,50.63610549,61.51601908,40.57045551,36.00007717,45.25254406,55.95034809,34.40268618,2.763290251,50.53429919,61.36639698,1508,2349,953,1396,97.41935484,75.92838196
2021,WASHINGTON,67,1000,n-out-of-n,26.29337845,15.60677469,61.69031908,57.82974714,48.93822834,66.49488198,20.71191912,16.58412432,25.29042214,57.66099861,34.731912,4.243178391,49.34436897,65.97762826,9344,11771,2438,9333,89.55223881,5.950342466
2021,WEST VIRGINIA,31,1000,n-out-of-n,51.6298015,38.60981528,57.34536433,45.38775632,34.81586105,55.23569068,53.63283417,48.00976091,59.19488125,45.61285422,29.36542412,5.274185868,35.27544992,55.95025853,1008,1803,967,836,93.5483871,25.09920635
2021,WISCONSIN,61,1000,n-out-of-n,32.20452178,19.26420178,52.9815026,56.53881327,48.41857581,64.35667383,29.98792433,25.83272226,34.37520144,56.50686611,32.84799663,4.205755,48.26358631,64.75014591,5396,7453,2235,5218,90.16393443,8.691623425
2021,WYOMING,9,1000,n-out-of-n,41.204818,NULL,NULL,NULL,NULL,NULL,42.13251723,[R],[R],[R],[R],[R],[R],[R],94,160,[R],[R],88.88888889,95.74468085
2020,ALABAMA,61,1000,n-out-of-n,46.16575452,39.58130712,51.32710059,44.29818504,37.16196874,51.26246511,46.68435013,42.26525192,51.13845905,44.344061,26.27726531,3.364459063,37.74972123,50.93840076,788,1508,704,804,98.36065574,99.36548223
2020,ARIZONA,6,1000,n-out-of-n,53.62754797,NULL,NULL,NULL,NULL,NULL,53.49830826,[R],[R],[R],[R],[R],[R],[R],28,81,[R],[R],83.33333333,78.57142857
2020,ARKANSAS,27,1000,n-out-of-n,46.39430855,29.48316206,54.02303913,37.58618552,28.39222202,46.77778259,52.1772541,48.39227367,55.94563698,37.6967128,26.31054377,5.06346651,27.77231844,47.62110716,2200,3904,2037,1867,92.59259259,9.181818182
2020,CALIFORNIA,100,1000,n-out-of-n,42.19940546,28.29936136,56.54188341,46.15060557,40.8758536,51.49709333,41.9615201,37.15652831,46.8704611,46.17976241,28.4304452,2.84304452,40.60739515,51.75212967,171892,303795,127477,176318,63,21.27033253
2020,COLORADO,61,1000,n-out-of-n,51.91282149,41.8956907,61.91226509,47.61738367,39.15539276,56.20833267,52.04778157,44.57511595,59.45960909,47.66979136,33.49112126,4.288098672,39.26511796,56.07446475,300,586,305,281,96.72131148,93.66666667
2020,FLORIDA,23,1000,n-out-of-n,40.36921539,31.70495673,50.21685291,41.65919218,29.18914418,53.84984357,40.52132701,32.68439981,48.69574463,41.62146203,31.13788876,6.49269863,28.89577272,54.34715135,248,422,171,251,91.30434783,41.93548387
2020,GEORGIA,75,1000,n-out-of-n,51.70027351,28.65350649,81.00021176,41.5804785,34.94768085,48.65645331,51.85527803,45.26023092,58.40738208,41.44440893,29.69272067,3.428620054,34.72431363,48.16450424,6896,9729,5045,4684,93.33333333,7.88863109
2020,IDAHO,22,1000,n-out-of-n,26.459645,15.97132859,50.06254816,41.99287909,28.87155284,56.48109424,22.51900993,17.13355285,28.59474561,42.3239142,33.80151205,7.206506582,28.1991613,56.4486671,33616,51552,11609,39943,72.72727273,0.306401713
2020,ILLINOIS,39,1000,n-out-of-n,40.28331563,29.69498117,52.81887462,46.31584333,35.2793244,57.94872572,39.72972973,29.70660394,50.36833634,46.38229316,37.55945811,6.014326685,34.59421286,58.17037346,230,370,147,223,94.87179487,96.08695652
2020,INDIANA,65,1000,n-out-of-n,31.44275612,27.46436221,38.87687116,42.90812059,35.91947051,50.11616993,30.56668575,28.32912896,32.86709499,42.85755557,29.15902776,3.616732269,35.76876032,49.94635081,4903,6988,2136,4852,95.38461538,13.19600245
2020,IOWA,34,1000,n-out-of-n,63.50996551,35.32756675,81.37108481,47.64044032,38.43795935,56.43875926,70.32258065,60.22543653,79.23929931,47.56165947,27.66899826,4.745194054,38.26107913,56.86223982,166,775,545,230,100,100
2020,KANSAS,23,1000,n-out-of-n,34.562076,26.96559089,43.62806811,34.17161632,23.17006134,45.65772966,34.375,26.2459682,43.16827718,33.99150009,29.05221601,6.057805798,22.11820073,45.86479946,228,352,121,231,95.65217391,96.49122807
2020,KENTUCKY,67,1000,n-out-of-n,46.74554772,39.18282064,56.38214035,45.275634,38.64460471,52.62640055,46.8973747,40.305713,53.56225859,45.22350269,30.6090752,3.73949371,37.89409501,52.55291036,484,838,393,445,100,100
2020,LOUISIANA,7,1000,n-out-of-n,28.44498316,NULL,NULL,NULL,NULL,NULL,27.85090331,[R],[R],[R],[R],[R],[R],[R],170,255,[R],[R],100,100
2020,MAINE,46,1000,n-out-of-n,36.82739136,21.57449923,47.9151627,35.80303743,27.15485699,45.32947872,37.125,30.28470343,44.32927697,35.71192606,32.60722948,4.807673699,26.28888561,45.13496651,319,800,297,503,97.82608696,93.10344828
2020,MICHIGAN,135,1000,n-out-of-n,52.01885909,31.71658215,79.46595639,56.57485386,51.26403044,62.04142359,52.1854539,47.498175,56.8471846,56.50125781,33.45703152,2.879522798,50.85739312,62.14512249,8206,11302,5898,5404,94.81481481,7.933219595
2020,MINNESOTA,40,1000,n-out-of-n,55.08270339,52.95983484,65.98752677,63.92781024,54.57335094,73.63796823,54.02167277,52.18773528,55.8483785,64.05462877,30.36657728,4.801377447,54.64392897,73.46532856,6797,13104,7079,6025,90,3.663380903
2020,MISSISSIPPI,1,1000,n-out-of-n,42.73790368,NULL,NULL,NULL,NULL,NULL,43.20001352,[R],[R],[R],[R],[R],[R],[R],3,3,[R],[R],100,100
2020,MISSOURI,72,1000,n-out-of-n,32.07195277,26.53201463,38.8422653,33.43820582,27.4603041,39.76224477,32,27.05369804,37.23238465,33.43462471,27.61178697,3.254080301,27.05662732,39.8126221,417,775,248,527,95.83333333,93.52517986
2020,MONTANA,19,1000,n-out-of-n,24.2109381,17.96463761,48.03168905,28.04123168,16.06793764,40.86322342,18.16198786,16.51089054,19.89478965,28.48033438,28.10274491,6.447211847,15.84379916,41.1168696,8422,10544,1915,8629,94.73684211,0.771788174
2020,NEBRASKA,8,1000,n-out-of-n,27.74890394,NULL,NULL,NULL,NULL,NULL,24.51768263,[R],[R],[R],[R],[R],[R],[R],27664,39983,[R],[R],75,0.213273569
2020,NEW JERSEY,51,1000,n-out-of-n,29.56900393,17.82469863,47.36057481,38.68323862,30.76366888,46.93879558,28.91061453,21.72222771,36.88844882,38.90797894,29.63057223,4.149110017,30.77572331,47.04023457,430,716,207,509,94.11764706,96.51162791
2020,NEW YORK,72,1000,n-out-of-n,33.60039346,20.56597071,54.6530598,50.35285712,42.37561349,58.21713315,28.79071509,24.71078038,33.11435553,50.33146477,34.01948164,4.009234359,42.47336542,58.18956411,5618,8013,2307,5706,91.66666667,8.472766109
2020,HAWAII,4,1000,n-out-of-n,35.33599756,NULL,NULL,NULL,NULL,NULL,34.46023301,[R],[R],[R],[R],[R],[R],[R],129,150,[R],[R],100,100
2020,NORTH CAROLINA,119,1000,n-out-of-n,38.42946776,31.42984173,45.53652197,41.73970673,36.204843,47.12234969,38.00931315,33.57162906,42.58492939,41.65451135,31.26574527,2.86612617,36.03690406,47.27211864,1080,1718,653,1065,99.15966387,98.42592593
2020,NORTH DAKOTA,13,1000,n-out-of-n,60.41691848,45.27138367,70.99861419,60.14128455,50.08669534,70.23510437,60.59357445,50.32151513,70.27277521,60.30399916,18.62709534,5.166226719,50.1781948,70.42980353,65573,137607,83381,54226,7.692307692,0.009150108
2020,OHIO,125,1000,n-out-of-n,42.04745845,34.71068105,55.56886446,46.45008916,40.96602845,52.38439113,38.52803738,34.9970539,42.14145919,46.30039014,34.41411533,3.078092051,40.26732973,52.33345056,2596,4280,1649,2631,98.4,32.55007704
2020,OREGON,67,1000,n-out-of-n,41.3129199,36.98121295,45.53242363,46.08549008,37.72284343,54.87789744,41.2702828,39.59263155,42.9615579,46.21484738,35.69921574,4.361353351,37.66659481,54.76309995,4505,10785,4451,6334,98.50746269,11.20976693
2020,PENNSYLVANIA,468,1000,n-out-of-n,44.61767467,39.087971,50.07832878,50.99055559,47.90052733,54.08783627,44.25597533,41.77653227,46.75464641,50.96675965,34.39181157,1.589762052,47.85082603,54.08269328,3198,6485,2870,3615,98.07692308,78.20512821
2020,SOUTH DAKOTA,14,1000,n-out-of-n,38.53261506,19.36792004,61.50316281,44.5332468,29.08880012,61.13333539,36.33687216,25.98064553,47.62350609,44.61793048,31.60846937,8.447718779,28.06040168,61.17545929,57534,100881,36657,64224,57.14285714,0.225953349
2020,TENNESSEE,41,1000,n-out-of-n,40.90356061,27.18440335,52.36102596,43.20275607,32.83475456,53.94585851,41.52700186,33.21247121,50.17822543,43.35379151,36.3532491,5.677423668,32.22604112,54.4815419,299,537,223,314,97.56097561,93.31103679
2020,TEXAS,90,1000,n-out-of-n,54.11556183,31.58458335,69.34778324,32.65172552,26.81880267,38.94971957,53.99632411,49.05964788,58.88119597,32.79146854,28.86395807,3.042528326,26.82811302,38.75482406,77840,165402,89311,76091,83.33333333,0.673175745
2020,UTAH,54,1000,n-out-of-n,65.27315374,19.65352406,92.14729222,44.34119262,35.67143007,53.64958204,76.13861386,67.06814809,83.85359777,44.29128732,34.38398721,4.679067999,35.12031404,53.46226059,820,3030,2307,723,94.44444444,40.24390244
2020,VERMONT,24,1000,n-out-of-n,36.31489268,23.00457746,41.51005333,37.69694685,24.68220021,51.91814142,38.34335337,33.51975217,43.32512587,37.4257392,32.8888449,6.713407353,24.26746079,50.58401761,1048,1497,574,923,95.83333333,99.42748092
2020,VIRGINIA,226,1000,n-out-of-n,44.35159854,38.07029158,51.3286728,45.51806381,41.51688369,49.52034155,44.2915233,41.03425452,47.58185736,45.49743015,31.20710938,2.075866037,41.42873272,49.56612758,1534,3197,1416,1781,96.46017699,92.04693611
2020,WASHINGTON,52,1000,n-out-of-n,46.49413858,29.54503902,62.86122408,57.71247847,48.03723212,66.06470787,46.18852923,41.9175915,50.49714614,57.73380354,33.55851391,4.653728563,48.61249556,66.85511152,34962,61879,28581,33298,92.30769231,0.880956467
2020,WEST VIRGINIA,18,1000,n-out-of-n,51.39719576,42.80096195,59.37184242,51.34882068,39.20288367,63.44723282,51.28205128,42.00484698,60.5003782,50.91391675,28.13299169,6.631009733,37.91713767,63.91069583,204,351,180,171,88.88888889,91.17647059
2020,WISCONSIN,55,1000,n-out-of-n,53.02696502,15.90402777,83.6141167,54.08308572,46.47758265,61.90089183,51.91566265,42.06284063,61.66943323,53.84050899,29.05543309,3.917833799,46.16155474,61.51946323,6340,8300,4309,3991,89.09090909,9.116719243
2020,WYOMING,8,1000,n-out-of-n,29.93467448,NULL,NULL,NULL,NULL,NULL,31.06040099,[R],[R],[R],[R],[R],[R],[R],1328,2228,[R],[R],87.5,94.05120482
2019,ALABAMA,61,1000,n-out-of-n,32.84308827,26.58169871,36.85934989,30.24603451,23.31070787,38.06097476,33.21754234,29.72674452,36.83586556,30.2595033,30.04173288,3.846449746,22.72046179,37.7985448,1493,2303,765,1538,98.36065574,93.63697254
2019,ARIZONA,3,1000,n-out-of-n,54.87677873,NULL,NULL,NULL,NULL,NULL,54.39782475,[R],[R],[R],[R],[R],[R],[R],10,16,[R],[R],100,100
2019,ARKANSAS,43,1000,n-out-of-n,40.04337857,30.46234178,51.17417971,44.52919738,34.255849,54.70100797,39.93174061,32.10087718,48.12360742,44.73187451,34.31648036,5.233214194,34.47477469,54.98897433,403,586,234,352,97.6744186,97.76674938
2019,CALIFORNIA,130,1000,n-out-of-n,39.73356581,34.1681278,45.55423766,45.22203465,39.99404137,50.23040631,39.78016939,36.9465522,42.66020863,45.24344039,29.59656697,2.595790641,40.15569074,50.33119005,212865,300959,119722,181237,56.15384615,8.634110821
2019,COLORADO,101,1000,n-out-of-n,34.18513558,19.99130791,58.89477727,51.2525798,43.9496093,58.46459718,28.99233942,24.77465078,33.46722186,51.11587587,38.39594848,3.820539669,43.62761812,58.60413362,2792,3394,984,2410,95.04950495,13.64613181
2019,FLORIDA,32,1000,n-out-of-n,39.58846181,26.45660577,49.10855817,32.73741979,23.78586127,42.59142306,40.16038747,37.01948371,43.35609889,32.5772096,28.12748752,4.97228429,22.83153239,42.32288681,11651,25189,10116,15073,84.375,26.36683546
2019,GEORGIA,81,1000,n-out-of-n,50.49174313,42.5948906,57.47906445,48.18144551,41.07476509,55.52366588,49.88473134,47.58827905,52.18150787,48.11487295,32.65280107,3.628089008,41.0038185,55.22592741,6788,11278,5626,5652,93.82716049,8.028874484
2019,IDAHO,24,1000,n-out-of-n,35.88920536,22.19728226,48.4500731,51.92680713,38.44068411,64.65736385,35.8429899,29.08602888,42.99828065,52.20902712,33.65320399,6.869431499,38.74494138,65.67311285,58005,79307,28426,50881,58.33333333,1.746401172
2019,ILLINOIS,80,1000,n-out-of-n,57.81118264,48.19129169,67.20225442,63.32988329,55.99397176,70.71353593,57.72727273,51.06652627,64.20528046,63.19247415,34.4642648,3.853221944,55.64015914,70.74478916,568,880,508,372,95,97.53521127
2019,INDIANA,97,1000,n-out-of-n,37.38228596,25.67149831,59.98416211,45.80967483,39.55547905,52.33198516,36.28959276,34.29656241,38.31452512,45.89503827,31.08269421,3.155969436,39.70933817,52.08073837,7212,16575,6015,10560,95.87628866,8.347199113
2019,IOWA,68,1000,n-out-of-n,67.52923864,55.1866526,75.15405251,61.83118259,54.00581763,69.22527153,68.88888889,63.08998626,74.31682568,61.8371615,32.23431835,3.908985275,54.17555036,69.49877264,428,990,682,308,98.52941176,96.4953271
2019,KANSAS,28,1000,n-out-of-n,56.03564475,48.51715686,68.82073883,54.95811235,42.95229178,66.90341036,55.07968127,49.13623394,60.92778997,54.86325534,33.96069947,6.417968939,42.28403622,67.44247446,599,1004,553,451,89.28571429,29.04841402
2019,KENTUCKY,85,1000,n-out-of-n,40.17369327,31.70514798,49.17829515,45.54966995,38.56939298,52.67284023,40.13452915,33.74084147,46.76087916,45.62908369,34.06969487,3.695377253,38.38614427,52.8720231,570,892,358,534,98.82352941,98.77192982
2019,LOUISIANA,7,1000,n-out-of-n,38.42327712,NULL,NULL,NULL,NULL,NULL,39.46976192,[R],[R],[R],[R],[R],[R],[R],13811,15833,[R],[R],85.71428571,0.441676924
2019,MAINE,49,1000,n-out-of-n,42.59426479,33.22938389,52.09260375,48.54706763,39.73830322,57.72334386,42.35294118,34.67167087,50.29009394,48.50019142,33.82524005,4.832177149,39.02912421,57.97125863,197,340,144,196,100,100
2019,MICHIGAN,153,1000,n-out-of-n,45.09807399,39.30002776,54.38358722,48.71905239,42.82468146,54.37502392,44.01852133,42.29887965,45.74778288,48.93815836,37.19656252,3.007163847,43.04411722,54.8321995,12774,26348,11598,14750,94.77124183,5.76170346
2019,MINNESOTA,76,1000,n-out-of-n,48.10516551,29.81896106,59.79680366,64.42272989,56.87669889,72.44899932,50.08875559,46.37472616,53.80213172,64.41216204,34.17735928,3.92041198,56.72815456,72.09616952,23731,32674,16366,16308,85.52631579,0.994479794
2019,MISSISSIPPI,4,1000,n-out-of-n,37.007379,NULL,NULL,NULL,NULL,NULL,37.44358324,[R],[R],[R],[R],[R],[R],[R],104,146,[R],[R],50,6.730769231
2019,MISSOURI,79,1000,n-out-of-n,35.59722974,29.05244648,42.88086252,33.87345241,27.74699436,41.31055929,35.73573574,30.11920957,41.62699047,34.03690078,31.96358802,3.596184616,26.98837894,41.08542263,450,666,238,428,93.67088608,88.66666667
2019,MONTANA,19,1000,n-out-of-n,16.58272654,11.33190631,18.14680206,39.12040496,23.09386202,55.72048582,16.90890262,15.11141449,18.81393873,39.30952086,38.69806494,8.877944968,21.90874872,56.710293,23457,28003,4735,23268,73.68421053,0.17478791
2019,NEBRASKA,13,1000,n-out-of-n,37.40943425,22.56277164,78.26684783,65.16022843,48.74547046,81.70501683,22.98683405,20.02281063,26.14116556,65.26642826,31.34518805,8.693590981,48.22698994,82.30586658,10087,13064,3003,10061,84.61538462,0.703876276
2019,NEW JERSEY,54,1000,n-out-of-n,41.3366922,27.38657367,59.18609553,55.32449104,46.49409905,63.95151007,39.9713467,31.70374585,48.6407484,55.3344418,34.21053461,4.65546409,46.20973218,64.45915142,484,698,279,419,92.59259259,88.01652893
2019,NEW YORK,103,1000,n-out-of-n,30.10015567,25.34072588,37.29405605,48.0082578,40.71643601,55.03876688,29.71177663,27.31523828,32.18509444,47.95402267,35.68400477,3.516049466,41.06256572,54.84547963,5658,8882,2639,6243,95.14563107,9.685401202
2019,HAWAII,1,1000,n-out-of-n,30.53628132,NULL,NULL,NULL,NULL,NULL,29.68077633,[R],[R],[R],[R],[R],[R],[R],2,2,[R],[R],100,100
2019,NORTH CAROLINA,177,1000,n-out-of-n,33.59448357,26.98937371,40.74341127,42.23501798,37.1690454,46.97945522,32.74201723,29.15501079,36.46879292,42.16123554,33.48483315,2.516874183,37.22816214,47.09430894,982,1973,646,1327,98.8700565,95.0101833
2019,NORTH DAKOTA,18,1000,n-out-of-n,38.17577055,29.37064065,47.19832363,40.69638332,31.57184648,50.30632412,38.30735845,30.87420854,46.12563964,40.80965901,22.29774243,5.255628291,30.50862756,51.11069046,113817,152070,58254,93816,5.555555556,0.003514413
2019,OHIO,142,1000,n-out-of-n,32.9049056,26.34731917,39.4238661,38.2702266,32.78887822,43.47148194,32.57807716,28.28152067,37.07942926,38.21022648,32.43187152,2.721622199,32.87584697,43.544606,922,1633,532,1101,98.5915493,97.39696312
2019,OREGON,97,1000,n-out-of-n,40.61470667,25.64201764,53.97028371,55.67843116,49.302939,62.39472848,40.46376015,36.92363653,44.07132312,55.62456077,33.96375057,3.44849639,48.86550784,62.38361369,47357,65508,26507,39001,90.72164948,1.661845134
2019,PENNSYLVANIA,486,1000,n-out-of-n,46.9604248,41.82606717,52.84111625,52.19112075,48.98005943,55.40959679,46.79907443,44.11900939,49.4915067,52.12479024,36.50420867,1.655864531,48.87929576,55.37028472,3011,5186,2427,2759,97.73662551,88.60843574
2019,SOUTH DAKOTA,12,1000,n-out-of-n,42.8057984,25.73828579,58.92253618,42.93736839,27.31621589,58.65102839,42.58488793,33.48564198,52.03396848,42.90717773,28.70889313,8.287543589,26.6635923,59.15076317,43018,59608,25384,34224,50,0.037193733
2019,TENNESSEE,60,1000,n-out-of-n,48.72270238,36.53728602,59.1936264,42.4015968,34.48927932,50.30613801,49.72375691,42.87016291,56.58430218,42.44568633,31.95462607,4.125324487,34.36005033,50.53132232,640,1086,540,546,95,95.15625
2019,TEXAS,127,1000,n-out-of-n,42.04269142,30.54406165,51.95252957,34.03984473,29.34309993,38.88380972,41.93144479,38.74756244,45.16076357,34.01477988,28.79572086,2.555207035,29.00657409,39.02298567,94359,131777,55256,76521,81.88976378,1.038586674
2019,UTAH,94,1000,n-out-of-n,53.14416181,31.60336837,77.2091315,65.19833944,58.18281311,72.31540701,49.18478261,42.82580613,55.56144047,65.34892282,36.75389674,3.790874998,57.91880782,72.77903782,601,1840,905,935,96.80851064,57.40432612
2019,VERMONT,36,1000,n-out-of-n,40.63287641,19.41662209,73.33585313,66.80571175,56.50206009,76.37392761,29.0237467,20.98303656,38.05864359,66.64033284,31.9068209,5.317803484,56.21743801,77.06322766,878,1516,440,1076,97.22222222,99.54441913
2019,VIRGINIA,495,1000,n-out-of-n,41.28995469,37.15630052,45.67634625,49.71168413,46.82312517,52.74616362,41.23211254,38.6042883,43.89367406,49.69388628,35.14322147,1.579570339,46.59792842,52.78984415,2183,4123,1700,2423,98.18181818,97.11406322
2019,WASHINGTON,113,1000,n-out-of-n,44.16445637,38.09792281,51.17687638,66.39191148,60.55272837,72.55309672,43.58392999,41.69309745,45.48727965,66.5199337,33.18670119,3.121942236,60.40092692,72.63894048,34638,50280,21914,28366,92.92035398,2.592528437
2019,WEST VIRGINIA,35,1000,n-out-of-n,40.71192117,27.6950958,53.86933893,51.14272689,39.58000837,63.33686197,40.22988506,30.93470251,50.02196734,51.30141713,37.01542228,6.256748326,39.03819041,63.56464385,224,435,175,260,100,100
2019,WISCONSIN,90,1000,n-out-of-n,42.0686128,31.21627333,54.54871471,56.98480896,50.43150477,63.63254302,41.69331602,38.51600399,44.91731183,56.75422166,33.45603282,3.526575506,49.84213367,63.66630965,15399,31583,13168,18415,85.55555556,4.812000779
2019,WYOMING,1,1000,n-out-of-n,36.73986555,NULL,NULL,NULL,NULL,NULL,36.96292665,[R],[R],[R],[R],[R],[R],[R],6,8,[R],[R],100,100
2018,ALABAMA,52,1000,n-out-of-n,45.43450476,31.25891901,60.67593608,39.58992906,31.19817724,48.06320378,46.05855856,39.82980402,52.37074583,39.55282732,30.47438776,4.226037218,31.26979437,47.83586027,1228,1776,818,958,96.15384615,99.3485342
2018,ARIZONA,6,1000,n-out-of-n,47.3799051,NULL,NULL,NULL,NULL,NULL,48.70745327,[R],[R],[R],[R],[R],[R],[R],668,1576,[R],[R],83.33333333,10.17964072
2018,ARKANSAS,32,1000,n-out-of-n,46.89778933,35.56950791,56.73736067,42.21876104,32.26564653,52.30641168,46.95168227,42.72327672,51.20948724,42.27566211,30.91282228,5.464666564,31.56491564,52.98640857,2413,3953,1856,2097,90.625,42.6440116
2018,CALIFORNIA,111,1000,n-out-of-n,34.65453211,27.3888389,43.05568181,41.51852113,36.56779432,46.69821669,34.40572759,31.21806744,37.68987127,41.38081993,26.06638859,2.474112115,36.53156018,46.23007967,90798,141770,48777,92993,64.86486486,3.807352585
2018,COLORADO,81,1000,n-out-of-n,29.98877737,17.24536312,57.94271966,54.32123395,46.71712711,62.11088449,23.08750688,19.0997296,27.4256306,54.35232909,36.2797466,4.031082956,46.4514065,62.25325169,3183,3634,839,2795,95.0617284,10.61891298
2018,FLORIDA,52,1000,n-out-of-n,41.03112967,25.76216171,60.20674201,38.96675313,31.53900037,46.73781084,40.04982166,34.62680198,45.64078801,38.83236686,27.86681616,3.864432098,31.25807995,46.40665377,9829,17663,7074,10589,76.92307692,4.893681962
2018,GEORGIA,132,1000,n-out-of-n,43.17681753,31.54828138,61.09253756,55.10930664,49.65053215,60.84903369,42.42745462,38.36786368,46.5563802,55.15857057,33.58777044,2.923440173,49.42862783,60.88851331,4447,7547,3202,4345,91.66666667,19.49628963
2018,IDAHO,26,1000,n-out-of-n,35.00580494,26.46096699,44.78825165,41.89249346,27.96588093,56.01916575,36.62992369,33.7763181,39.54745956,41.36205166,35.51748073,6.96555105,27.7095716,55.01453171,6635,12973,4752,8221,84.61538462,4.807837227
2018,ILLINOIS,100,1000,n-out-of-n,58.42956586,50.61727517,66.7910387,60.12747709,53.45982009,67.14251323,58.27922078,52.47577458,63.93337078,60.06884095,33.74837453,3.374837453,53.45415954,66.68352236,716,1232,718,514,98,99.02234637
2018,INDIANA,115,1000,n-out-of-n,33.36883749,24.41809781,51.00705391,52.37544458,45.95383384,58.6514501,27.34560942,24.68581888,30.11751673,52.32775554,34.71027281,3.236749629,45.98372627,58.67178481,4822,7983,2183,5800,95.65217391,21.15304853
2018,IOWA,82,1000,n-out-of-n,59.1843444,50.25153489,64.20436158,59.67709749,52.45692636,66.6763866,60.2960103,55.80229275,64.67671158,59.55798283,33.05414384,3.650219547,52.40355251,66.71241314,452,1554,937,617,96.34146341,78.31858407
2018,KANSAS,25,1000,n-out-of-n,41.56820466,28.14175784,50.67538421,38.36224774,26.94558341,50.2133254,43.54378819,38.00431455,49.19302852,38.46907109,30.621071,6.1242142,26.46561126,50.47253092,1148,2455,1069,1386,92,18.81533101
2018,KENTUCKY,96,1000,n-out-of-n,51.86500971,38.17629996,59.80457233,45.91032739,39.00598389,52.74010362,53.25236167,49.07468408,57.39982945,45.83319899,33.3095672,3.399643466,39.1698978,52.49650018,1661,3705,1973,1732,95.83333333,61.28838049
2018,LOUISIANA,11,1000,n-out-of-n,55.65647933,23.50175993,72.77760777,34.65939614,18.19554581,50.31425558,69.05035263,60.53606157,76.7777313,34.79221906,28.02478047,8.449789241,18.23063215,51.35380597,5914,6097,4210,1887,81.81818182,1.724721001
2018,MAINE,57,1000,n-out-of-n,56.47387121,39.99877451,71.9453722,54.11090679,44.60318316,63.06688743,56.90072639,47.74813251,65.74756546,53.92077155,36.24994481,4.801422484,44.50998348,63.33155962,243,413,235,178,100,100
2018,MICHIGAN,198,1000,n-out-of-n,37.29749737,27.94143402,57.86641964,67.99666443,63.38043441,71.98993973,35.44117647,32.54046114,38.41508317,68.08933051,32.84692152,2.334329066,63.51404555,72.66461548,14056,21760,7712,14048,93.93939394,7.776038702
2018,MINNESOTA,74,1000,n-out-of-n,60.65641979,48.21088148,77.74755654,71.9679363,64.67396704,79.06919667,53.6444633,50.53376388,56.73636071,72.05430846,32.48838144,3.77669763,64.6519811,79.45663581,5616,11785,6322,5463,95.94594595,23.23717949
2018,MISSISSIPPI,12,1000,n-out-of-n,47.90274019,37.75598251,53.92000603,35.39964649,23.41825199,46.29362131,47.95240969,45.09165593,50.82214005,35.40011588,21.22417559,6.126891744,23.39140807,47.4088237,5674,11599,5562,6037,83.33333333,13.64117025
2018,MISSOURI,70,1000,n-out-of-n,33.95473147,26.96365148,41.22661317,34.95850153,28.54353924,41.92059449,33.81962865,28.40442948,39.53386225,34.87281366,29.14465725,3.483452815,28.04524615,41.70038118,474,754,255,499,97.14285714,96.62447257
2018,MONTANA,17,1000,n-out-of-n,61.08640425,39.74820631,79.4157179,56.66745098,39.30882353,75,61.9047619,44.73406192,77.25848774,56.76470588,37.36768596,9.062995071,39.00123554,74.52817622,70,105,65,40,94.11764706,97.14285714
2018,NEBRASKA,13,1000,n-out-of-n,38.38914373,17.61481222,75.21700448,48.46551887,32.8168321,64.22032937,23.74221897,14.58046377,34.91249503,48.56167465,30.34429126,8.415992158,32.06633002,65.05701928,10858,13655,3242,10413,69.23076923,0.939399521
2018,NEW JERSEY,68,1000,n-out-of-n,46.48590333,34.99178982,59.47730941,57.96054388,49.46478787,65.96923094,45.63106796,38.16382473,53.23215663,58.13060848,34.68063147,4.205644315,49.88754562,66.37367134,489,721,329,392,95.58823529,95.91002045
2018,NEW YORK,121,1000,n-out-of-n,40.76215143,36.05568841,47.13625934,53.13500991,47.16907357,58.56794354,40.43007473,37.82539706,43.07119623,53.09924958,32.37905677,2.943550615,47.32989038,58.86860879,3783,6557,2651,3906,93.38842975,21.67591858
2018,HAWAII,6,1000,n-out-of-n,27.92563419,NULL,NULL,NULL,NULL,NULL,26.8412618,[R],[R],[R],[R],[R],[R],[R],77,103,[R],[R],100,100
2018,NORTH CAROLINA,232,1000,n-out-of-n,54.30279482,49.19966082,59.30288483,60.13119663,56.51349119,64.06190101,53.97221233,50.72794339,57.19419313,59.95516617,30.92431707,2.030280882,55.97581564,63.9345167,1738,2807,1515,1292,99.13793103,98.96432681
2018,NORTH DAKOTA,12,1000,n-out-of-n,32.03638917,22.56023211,45.08309367,60.41235692,43.2747428,76.65504074,31.55657797,23.50551219,40.4261324,60.45318517,30.64662304,8.84691803,43.11322583,77.79314451,46203,71291,22497,48794,25,0.025972339
2018,OHIO,169,1000,n-out-of-n,58.98511702,47.48894969,70.94441172,55.89447546,50.53507757,61.07566057,59.84445354,55.05346312,64.51312345,55.94873102,34.59434391,2.661103378,50.7329684,61.16449364,1145,2443,1462,981,98.22485207,93.62445415
2018,OREGON,92,1000,n-out-of-n,36.18629929,12.14259664,55.3882522,43.50510715,36.61042094,51.20183819,35.12750455,30.58599683,39.85615642,43.30181362,35.86999191,3.739705172,35.97199148,50.63163576,14641,21960,7714,14246,95.65217391,43.22109146
2018,PENNSYLVANIA,456,1000,n-out-of-n,53.35907091,48.30595883,58.63927877,59.88704516,56.62636246,63.03160624,53.12868949,50.27013735,55.97361965,59.95448764,36.15351847,1.693043622,56.63612214,63.27285314,2569,5082,2700,2382,98.24561404,91.51420786
2018,SOUTH DAKOTA,13,1000,n-out-of-n,28.63047803,18.97147221,51.43488014,62.87535223,48.65218052,77.00253036,27.57648677,22.78228491,32.74221752,62.79051245,28.03366275,7.775139115,47.55123978,78.02978511,29972,43635,12033,31602,53.84615385,0.230214867
2018,TENNESSEE,74,1000,n-out-of-n,72.70433546,54.82726648,86.48110727,59.18511504,52.39758133,65.90986708,74.73048728,67.93715797,80.80011319,59.12984889,31.01254509,3.605135138,52.06378402,66.19591376,1231,2319,1733,586,95.94594595,96.26320065
2018,TEXAS,90,1000,n-out-of-n,35.35950693,22.06770191,53.36991002,37.85970285,31.90347969,43.87072383,34.49452689,30.47644838,38.66612414,37.82043041,30.87296235,3.254295971,31.44201031,44.19885052,27156,39557,13645,25912,85.55555556,4.846074532
2018,UTAH,127,1000,n-out-of-n,44.81041558,37.58803873,52.87486559,53.8243165,46.88392572,60.51392633,44.76821192,39.27721698,50.34576992,53.83936903,38.67545919,3.431892047,47.11286062,60.56587744,460,755,338,417,98.42519685,89.7826087
2018,VERMONT,44,1000,n-out-of-n,56.9677438,48.49618535,65.40702245,68.40152646,58.88457879,77.75384442,57.09677419,51.22366719,62.83925417,68.28058602,32.06405617,4.833838344,58.80626287,77.75490918,439,930,531,399,93.18181818,60.59225513
2018,VIRGINIA,460,1000,n-out-of-n,65.34924004,60.57568544,70.11583063,68.13016572,65.23051325,71.0667326,65.26494895,62.7117174,67.76097352,68.0912911,31.76596725,1.48109586,65.18834321,70.99423898,2399,4114,2685,1429,98.91304348,97.4989579
2018,WASHINGTON,96,1000,n-out-of-n,24.51342325,12.91389537,43.25132571,48.0094898,41.50735808,54.7162358,24.19367975,21.99296249,26.4891837,47.98583252,33.84913419,3.454712792,41.21459545,54.75706959,36117,49112,11882,37230,93.75,1.611429521
2018,WEST VIRGINIA,48,1000,n-out-of-n,54.58738042,47.98045228,65.14875294,56.4476329,47.91946021,65.50875554,53.66161616,48.46327022,58.80733604,56.36520881,29.79508144,4.300549572,47.93613165,64.79428597,864,1584,850,734,89.58333333,39.12037037
2018,WISCONSIN,116,1000,n-out-of-n,34.18263184,26.93454007,70.0697325,78.50163382,74.44195709,82.73872541,31.43903517,28.23881718,34.76138011,78.49944901,24.07484418,2.235293166,74.1182744,82.88062361,9191,15837,4979,10858,95.68965517,9.193776521
2018,WYOMING,7,1000,n-out-of-n,35.21369188,NULL,NULL,NULL,NULL,NULL,35.73990283,[R],[R],[R],[R],[R],[R],[R],23,66,[R],[R],85.71428571,91.30434783
2017,ALABAMA,38,1000,n-out-of-n,35.87973424,22.78140596,49.4847452,42.85044629,33.14345658,53.35615492,34.90401396,26.09085829,44.46989653,42.70357981,32.26388955,5.233894014,32.44514754,52.96201208,367,573,200,373,97.36842105,97.54768392
2017,ARIZONA,10,1000,n-out-of-n,52.98436679,9.677419355,72.19847136,34.18389664,16.79112436,51.55495734,64.96212121,50.39464803,77.85427198,34.05331948,29.58494533,9.355581169,15.71638039,52.39025857,176,528,343,185,80,24.43181818
2017,ARKANSAS,32,1000,n-out-of-n,37.67755149,28.7083593,44.38023714,34.57706295,25.88614282,43.67977833,39.7423814,36.31785601,43.23524555,34.38253084,26.61300839,4.704559676,25.16159388,43.60346781,1940,3183,1265,1918,90.625,15.25773196
2017,CALIFORNIA,163,1000,n-out-of-n,30.70262671,23.93091209,38.19882213,35.79471797,31.18015883,40.42338011,30.4771643,27.58502235,33.4758738,35.68861326,29.08482065,2.278098971,31.22353928,40.15368725,246959,383369,116840,266529,63.19018405,20.05191145
2017,COLORADO,90,1000,n-out-of-n,48.44292832,38.93248057,56.72430371,52.01710887,44.39787638,59.35764556,48.28101644,42.38407064,54.2101262,51.77534299,36.22988415,3.818965109,44.29017138,59.2605146,448,669,323,346,95.55555556,95.08928571
2017,FLORIDA,62,1000,n-out-of-n,31.27847974,15.75656435,54.22453629,43.04496155,35.90252799,50.42352944,29.16805741,24.07257329,34.63942135,43.03770417,30.19062444,3.834213138,35.52264642,50.55276192,46181,95872,27964,67908,82.25806452,4.222515753
2017,GEORGIA,81,1000,n-out-of-n,31.59683497,22.92244994,46.74585937,47.53776966,42.07932981,52.95986553,30.51270712,27.07434919,34.10244399,47.66710371,25.7148524,2.857205823,42.0669803,53.26722713,25731,38443,11730,26713,87.65432099,8.204111772
2017,IDAHO,30,1000,n-out-of-n,29.29072702,11.18351388,50.69314258,54.48813952,41.39685717,67.35660194,27.27035966,20.71133317,34.56449709,54.34708865,38.63889842,7.05446542,40.52033643,68.17384087,51283,76794,20942,55852,83.33333333,1.854415693
2017,ILLINOIS,94,1000,n-out-of-n,59.05863081,50.37157469,67.80150093,60.42320174,53.77808716,66.88631189,59.05077263,52.89563245,65.02202448,60.53081286,34.00823961,3.507682088,53.65575597,67.40586976,467,906,535,371,97.87234043,99.57173448
2017,INDIANA,99,1000,n-out-of-n,41.25573758,32.74045993,49.35471141,40.8104662,34.65178383,46.93202595,41.38655462,36.02777689,46.88509411,40.86904746,30.10087815,3.025252081,34.93955338,46.79854154,529,952,394,558,100,100
2017,IOWA,71,1000,n-out-of-n,65.26359502,44.17744396,79.37622803,47.75232338,39.8819776,56.3105326,68.62197393,61.51606119,75.1874829,47.56727953,35.60212025,4.22519433,39.28589864,55.84866042,400,1074,737,337,98.5915493,99
2017,KANSAS,16,1000,n-out-of-n,42.06889214,24.23904221,47.80169241,36.551303,24.66964286,50.06514387,47.69423235,46.44014627,48.9502592,36.67148974,28.42034736,7.10508684,22.74551954,50.59745995,14129,23181,11056,12125,93.75,0.913015783
2017,KENTUCKY,50,1000,n-out-of-n,41.41845766,26.6367008,63.75682769,38.35501989,30.01430487,46.61010227,40.5217874,34.7355207,46.4896351,38.18477468,32.29101249,4.566638781,29.23416267,47.13538669,2038,3603,1460,2143,94,27.82139352
2017,LOUISIANA,18,1000,n-out-of-n,35.84214683,22.6198751,50.61410981,35.83305233,23.53201043,49.47481141,36.08040201,31.23039231,41.12774796,35.64882635,28.95530185,6.824830096,22.27215936,49.02549334,3053,5970,2154,3816,88.88888889,11.16934163
2017,MAINE,65,1000,n-out-of-n,28.83552757,15.51797258,61.78559597,57.15906418,49.43860467,64.65431588,23.26407474,19.743831,27.05095877,57.21518807,33.26665587,4.126220831,49.12779524,65.3025809,23635,41102,9562,31540,93.84615385,1.438544531
2017,MICHIGAN,138,1000,n-out-of-n,34.33460593,29.99278033,48.28684247,61.13977798,55.80695261,67.09185284,32.59749816,30.49266478,34.75017003,61.21140496,33.68344813,2.86732552,55.59144694,66.83136298,9023,14949,4873,10076,96.37681159,12.33514352
2017,MINNESOTA,79,1000,n-out-of-n,46.69456152,22.36902969,75.76151511,56.38139352,48.19108773,64.09853347,49.38514153,42.68330841,56.10178338,56.5737516,36.67874183,4.126680866,48.4854571,64.66204609,15623,27486,13574,13912,87.34177215,6.861678295
2017,MISSISSIPPI,9,1000,n-out-of-n,26.20527965,NULL,NULL,NULL,NULL,NULL,24.12839316,[R],[R],[R],[R],[R],[R],[R],14547,17802,[R],[R],22.22222222,0.17185674
2017,MISSOURI,88,1000,n-out-of-n,33.97267568,27.3579204,41.56576951,36.23129708,30.25147655,41.95719211,33.64485981,29.174676,38.31945822,36.12496308,28.99047398,3.09039491,30.06778906,42.18213711,755,1177,396,781,96.59090909,93.64238411
2017,MONTANA,21,1000,n-out-of-n,17.06916484,11.99402129,21.92497664,44.21700685,32.20403512,58.23401907,17.07840134,13.50692606,21.09583642,44.24070876,31.93533624,6.968861699,30.58173983,57.89967769,26403,35905,6132,29773,52.38095238,0.246184146
2017,NEBRASKA,15,1000,n-out-of-n,71.15942409,50.5121193,85.75942003,67.34232318,55.44231116,79.00814615,72.11267606,58.74120522,83.25997254,67.13702663,23.62570019,6.100129559,55.18077269,79.09328056,180,355,256,99,93.33333333,83.33333333
2017,NEW JERSEY,74,1000,n-out-of-n,44.67244556,38.40127233,61.83231575,44.53271072,37.71211101,51.79739772,41.4433985,38.1595688,44.77874318,44.50600672,32.10626126,3.73227706,37.19074368,51.82126976,2969,4143,1717,2426,93.24324324,15.15661839
2017,NEW YORK,143,1000,n-out-of-n,44.78744196,35.12662223,58.25699242,54.04024717,48.46244675,59.56283628,43.79155194,41.0021329,46.60738496,53.93246448,34.30666711,2.868867626,48.30948394,59.55544503,17937,29782,13042,16740,92.30769231,14.08819758
2017,HAWAII,11,1000,n-out-of-n,25.5413557,10.74306375,46.47969211,24.08217532,6.493506494,44.67857143,25.58139535,11.6284863,44.12070828,23.99350649,34.53363422,10.41228249,3.58543282,44.40158017,76,86,22,64,100,100
2017,NORTH CAROLINA,217,1000,n-out-of-n,30.89709702,14.83639863,43.30655675,41.1091659,36.97141978,45.38790758,29.8690671,27.11049249,32.72873514,41.1059075,33.17654512,2.252170634,36.69165306,45.52016194,5860,7332,2190,5142,95.85253456,22.28668942
2017,NORTH DAKOTA,17,1000,n-out-of-n,38.69449665,25.27706034,53.56181917,48.80862148,38.00404918,59.80963451,37.78568421,27.63737878,48.70934281,48.91197133,23.40888244,5.677487934,37.78409498,60.03984768,104636,163861,61916,101945,11.76470588,0.005734164
2017,OHIO,233,1000,n-out-of-n,39.71589225,30.93939355,48.37404338,48.59975,44.10965536,53.06081318,39.05042326,35.14156776,43.05536284,48.47431678,35.8009661,2.345399271,43.87733421,53.07129935,1490,2717,1061,1656,97.85407725,89.53020134
2017,OREGON,137,1000,n-out-of-n,33.62712643,22.0855294,50.59547174,50.85244862,45.25382285,57.12772752,32.4386871,29.69421814,35.2660672,50.91963002,34.0202225,2.906543761,45.22280425,56.61645579,25281,35433,11494,23939,93.43065693,2.385190459
2017,PENNSYLVANIA,581,1000,n-out-of-n,52.5262247,40.12345297,61.44175325,61.88303598,59.02616708,64.64938714,51.65302571,49.76125064,53.54164893,61.947144,35.06483338,1.454734416,59.09586455,64.79842346,8128,15517,8015,7502,97.59036145,40.29281496
2017,SOUTH DAKOTA,12,1000,n-out-of-n,36.08442643,26.82784467,51.57769154,39.37740243,24.218283,55.71577182,32.16431513,26.15917013,38.59136394,39.73848351,29.29169604,8.455784298,23.16514628,56.31182073,19684,29626,9529,20097,50,0.411501727
2017,TENNESSEE,57,1000,n-out-of-n,48.51764217,34.56699346,67.58202506,39.17525424,31.96766667,46.67416714,49.04086739,41.80644676,56.30227487,39.11155929,28.84982895,3.821253194,31.62190303,46.60121555,713,1199,588,611,100,100
2017,TEXAS,136,1000,n-out-of-n,34.6384915,22.68673872,46.42257626,26.34643076,21.84750204,31.16111425,34.86218883,32.06300504,37.73279692,26.43138095,27.76358834,2.380708059,21.76519315,31.09756874,42249,60699,21161,39538,92.64705882,9.008497243
2017,UTAH,167,1000,n-out-of-n,55.64941505,47.75109405,71.6539352,66.60180839,60.79221339,71.98111323,53.24046033,49.91594284,56.54590192,66.50734641,36.98064898,2.861648533,60.89851528,72.11617753,1682,3302,1758,1544,97.00598802,36.26634958
2017,VERMONT,43,1000,n-out-of-n,49.9443552,43.51197212,61.41375858,60.81608277,50.72193998,71.30468281,48.48780488,43.53744228,53.45806411,60.82333592,34.67013188,5.287145545,50.46053065,71.18614119,1169,2050,994,1056,93.02325581,83.40461933
2017,VIRGINIA,371,1000,n-out-of-n,44.1498788,38.0246014,49.73589718,42.73985531,39.34207164,46.26990992,44.10052099,41.0708399,47.15977624,42.66236479,34.26734593,1.779071957,39.17538376,46.14934583,1880,3263,1439,1824,97.03504043,94.84042553
2017,WASHINGTON,89,1000,n-out-of-n,39.40381409,26.25472782,48.9960605,52.39756733,44.74275677,60.49535412,39.74258377,37.11959914,42.40545922,52.37976318,36.84572236,3.905638759,44.72471121,60.03481514,49487,85387,33935,51452,89.88764045,1.030573686
2017,WEST VIRGINIA,52,1000,n-out-of-n,26.66176982,18.21460775,35.98449671,31.86562426,24.73050217,39.82362915,26.58610272,20.97675167,32.7507259,31.81997993,28.54309344,3.958214883,24.06187876,39.5780811,628,993,264,729,94.23076923,79.77707006
2017,WISCONSIN,99,1000,n-out-of-n,33.86625394,22.89112178,64.59940801,61.6252949,55.43576419,67.36501967,29.42405063,26.10477117,32.89566874,61.42789032,33.03469161,3.320111428,54.92047192,67.93530872,13507,15800,4649,11151,93.93939394,10.06885319
2017,WYOMING,18,1000,n-out-of-n,26.41101425,19.39069432,50.67638238,46.12513772,31.73067426,60.18918119,23.40131882,19.4583674,27.67862579,45.62517736,31.75624558,7.485018864,30.95454039,60.29581434,4972,6521,1526,4995,77.77777778,1.407884151
2016,ALABAMA,43,1000,n-out-of-n,28.44255203,19.45877931,39.68609023,27.07422376,19.62886079,34.93689772,28.43866171,20.96584746,36.80021833,27.20009396,27.53876661,4.199622537,18.96883379,35.43135413,362,538,153,385,97.6744186,96.40883978
2016,ARIZONA,6,1000,n-out-of-n,46.35278397,NULL,NULL,NULL,NULL,NULL,46.90273969,[R],[R],[R],[R],[R],[R],[R],33,37,[R],[R],100,100
2016,ARKANSAS,36,1000,n-out-of-n,42.83089209,22.93893207,54.22584724,26.9253669,17.9993232,36.94926168,50.4950495,45.77310518,55.21110624,26.90634383,28.65894442,4.776490737,17.54442199,36.26826568,1039,2020,1020,1000,91.66666667,20.40423484
2016,CALIFORNIA,182,1000,n-out-of-n,39.4864708,33.05629282,46.26643703,45.41406602,41.26299944,49.84003227,39.65963973,36.75015229,42.61872881,45.43432635,30.41041186,2.254169701,41.01615373,49.85249896,295794,485133,192402,292731,63.18681319,6.248943522
2016,COLORADO,130,1000,n-out-of-n,32.06340221,24.71693794,46.58848448,45.37901028,39.36608514,51.6515501,27.79740872,24.98847302,30.72778958,45.06226395,35.72849239,3.133596077,38.92041564,51.20411226,2748,3396,944,2452,96.92307692,19.1775837
2016,FLORIDA,58,1000,n-out-of-n,55.9910213,45.32516484,61.24076999,38.15311651,30.51269301,46.06687354,56.92176574,54.37587599,59.44348469,38.18678767,30.41896518,3.994205809,30.35814428,46.01543105,25532,51627,29387,22240,89.65517241,18.53360489
2016,GEORGIA,65,1000,n-out-of-n,39.51252517,27.16600817,45.39670782,35.5123121,29.08911953,41.99828696,41.36453527,37.49958119,45.30179558,35.51120331,26.79894076,3.323999504,28.99616428,42.02624234,1460,3034,1255,1779,92.30769231,30.54794521
2016,IDAHO,45,1000,n-out-of-n,38.30850881,27.23482751,49.01272749,50.8595529,41.89087691,60.23661393,38.20101197,33.14434618,43.43443939,51.06673821,30.36991883,4.527280198,42.19326902,59.9402074,89127,141902,54208,87694,62.22222222,1.199412075
2016,ILLINOIS,127,1000,n-out-of-n,46.40980931,38.04159132,55.38007121,50.75493865,44.62704925,56.68164343,46.20637329,40.69075876,51.78471815,50.61043998,34.23082759,3.037494768,44.65695023,56.56392972,730,1318,609,709,96.8503937,97.39726027
2016,INDIANA,152,1000,n-out-of-n,39.26910932,31.4538785,48.42058906,42.60284433,37.10714191,48.28174888,39.48447569,34.70295195,44.40421675,42.7412017,36.58586723,2.967505688,36.92489055,48.55751285,1003,1707,674,1033,98.68421053,98.50448654
2016,IOWA,48,1000,n-out-of-n,57.01773489,42.54889289,72.40364193,50.28838572,42.02113159,59.14771135,58.83757962,52.01578886,65.43942649,50.0630173,29.95905619,4.324217289,41.58755141,58.53848319,541,1256,739,517,95.83333333,63.95563771
2016,KANSAS,33,1000,n-out-of-n,61.03352131,34.48153871,83.38049475,34.48426529,24.64616541,44.48280574,56.7379129,53.10847642,60.31974774,34.40403578,31.36923511,5.460682916,23.70109726,45.10697429,3213,8749,4964,3785,96.96969697,12.8540305
2016,KENTUCKY,71,1000,n-out-of-n,35.04996226,27.3709459,44.26837507,38.30391631,31.42087472,45.27068975,34.49939686,28.93438449,40.36368675,38.22670932,30.21987466,3.586439296,31.1972883,45.25613034,346,829,286,543,98.5915493,99.71098266
2016,LOUISIANA,21,1000,n-out-of-n,14.94355904,6.725532877,24.44444444,19.88180744,9.759260696,31.8739399,14.67625899,9.150811061,21.67247925,19.91505464,27.06898853,5.906937569,8.337457003,31.49265227,578,695,102,593,100,100
2016,MAINE,81,1000,n-out-of-n,36.6834884,16.70078978,59.77644545,42.13394934,34.37228341,50.05830834,36.63882136,31.96999713,41.48141275,42.26478266,36.39775393,4.044194881,34.3381607,50.19140463,29880,54707,20044,34663,96.2962963,1.25167336
2016,MICHIGAN,195,1000,n-out-of-n,46.95739952,43.13470334,55.28052048,58.54938079,53.55222177,63.66056764,46.04382228,43.38184137,48.72093236,58.42172953,35.30569257,2.528293159,53.46627494,63.37718413,3533,6572,3026,3546,98.46153846,30.79535805
2016,MINNESOTA,109,1000,n-out-of-n,48.86538586,33.52034654,59.01251311,60.92506845,54.15999423,67.08742992,49.26346606,46.30506848,52.22530677,60.89237845,36.21678949,3.468939294,54.09325744,67.69149947,27310,53969,26587,27382,88.99082569,6.005126327
2016,MISSISSIPPI,12,1000,n-out-of-n,64.19600095,17.43019545,83.17086138,36.81993426,21.86507937,52.24173658,71.32014822,62.18498935,79.41892184,36.93040281,28.55963939,8.244457746,20.77126563,53.08953999,12148,22399,15975,6424,66.66666667,0.353967731
2016,MISSOURI,120,1000,n-out-of-n,33.39971657,28.33303296,38.45363655,34.34483733,29.18763968,39.58504098,33.2326284,28.88284714,37.78205695,34.43625168,30.51388823,2.78552415,28.97662435,39.89587902,641,993,330,663,98.33333333,97.19188768
2016,MONTANA,17,1000,n-out-of-n,20.06541409,10.02142565,33.09096233,33.41104834,19.48650082,50.23351818,18.86089161,12.2800734,26.88965852,33.6636559,34.39763753,8.342652519,17.31205696,50.01525484,37498,46949,8855,38094,35.29411765,0.157341725
2016,NEBRASKA,16,1000,n-out-of-n,39.91625476,24.99227568,63.08828231,40.94361426,26.13273554,57.28548215,39.99524149,31.77458054,48.61200048,40.81505267,33.75818978,8.439547446,24.27353968,57.35656566,25727,42030,16810,25220,81.25,0.493644809
2016,NEW JERSEY,112,1000,n-out-of-n,49.67051973,27.06983549,63.84026056,34.08068034,28.784682,39.85884977,53.56832972,50.3964885,56.72103836,34.13419724,30.10482278,2.84463837,28.55870604,39.70968845,7191,9220,4939,4281,90.17857143,11.20845501
2016,NEW YORK,145,1000,n-out-of-n,40.73737114,18.18972965,56.67684845,38.83622635,33.38086628,44.12152137,46.72969661,43.59235594,49.88437656,38.85736717,34.1393013,2.835114659,33.30054244,44.4141919,19766,39981,18683,21298,92.4137931,6.920975412
2016,HAWAII,46,1000,n-out-of-n,32.02373829,14.74876745,42.51039129,18.30151782,11.96107889,25.87472976,38.14602133,34.2715683,42.12385052,18.41795263,24.0819366,3.550687841,11.45860446,25.3773008,2507,3657,1395,2262,97.82608696,99.76067012
2016,NORTH CAROLINA,292,1000,n-out-of-n,37.53499624,31.69815213,41.36419386,35.61739937,31.98175813,39.50206768,38.01427372,36.47510778,39.56966708,35.68468148,31.59035195,1.848685516,32.06125786,39.30810509,9492,14292,5433,8859,97.26027397,42.62536873
2016,NORTH DAKOTA,26,1000,n-out-of-n,42.55640554,33.80404783,52.27205012,49.69167131,40.00734673,58.73464965,42.45541935,35.39667631,49.72621839,49.65498576,23.78641939,4.66490064,40.5117805,58.79819101,161427,284204,120660,163544,11.53846154,0.0049558
2016,OHIO,236,1000,n-out-of-n,42.76809943,32.80496653,53.9155238,41.88198333,37.18660091,46.18829655,43.15337862,39.58327278,46.77156936,41.83574472,33.6696271,2.191706042,37.54000087,46.13148856,1446,2797,1207,1590,97.45762712,96.19640387
2016,OREGON,132,1000,n-out-of-n,36.85255209,17.30204307,52.48377165,41.26650196,35.4710792,46.88581151,38.59949362,34.83449407,42.45771464,41.20951151,33.44405247,2.91093113,35.5040865,46.91493653,28350,42656,16465,26191,90.90909091,22.08818342
2016,PENNSYLVANIA,599,1000,n-out-of-n,52.73583196,39.58620583,59.13770642,47.85660923,45.1927466,50.64747779,57.32403297,56.20584001,58.43726027,47.85984463,35.40221786,1.446495407,45.02471363,50.69497563,12696,29963,17176,12787,98.33055092,19.18714556
2016,SOUTH DAKOTA,13,1000,n-out-of-n,43.68383841,31.60669026,54.26948782,52.62055339,35.68216387,69.54551907,44.21168569,35.86895887,52.77917452,52.62546518,31.85708472,8.835565573,35.30775666,69.9431737,57022,92609,40944,51665,38.46153846,0.047350146
2016,TENNESSEE,98,1000,n-out-of-n,27.48093699,20.17084085,36.84731414,31.34684832,25.19554302,37.19883612,27.42582197,22.55562756,32.68428659,31.32427538,30.29076772,3.059829609,25.32700935,37.32154141,736,1247,342,905,96.93877551,91.98369565
2016,TEXAS,95,1000,n-out-of-n,45.71487802,37.01142372,55.2577019,29.30472416,24.35630406,34.73505368,45.80270896,42.28733717,49.34617687,29.31864474,26.64128974,2.733338654,23.96130097,34.6759885,104492,187895,86061,101834,80,1.25177047
2016,UTAH,38,1000,n-out-of-n,56.01818177,37.21340697,69.98773908,59.69174726,49.25815173,68.88299286,59.37125937,54.59822439,64.02895936,59.92193291,31.89761735,5.174476817,49.77995835,70.06390747,8708,15873,9424,6449,86.84210526,2.767570051
2016,VERMONT,48,1000,n-out-of-n,18.47757268,5.918317904,39.01918024,36.25983389,28.7478635,44.44298561,15.50126369,11.00925962,20.84046352,36.12761183,29.82915506,4.305467676,27.68889518,44.56632847,1377,2374,368,2006,87.5,48.65649964
2016,VIRGINIA,553,1000,n-out-of-n,41.5275691,37.43397377,45.21618152,44.92171097,41.99999534,47.81928467,41.38842181,39.00422607,43.79982219,44.91520034,35.41729928,1.506096765,41.96325068,47.86715,2565,4163,1723,2440,97.83001808,87.17348928
2016,WASHINGTON,118,1000,n-out-of-n,30.32627011,17.17336092,39.66190587,55.96650965,50.1575609,61.88857408,31.663815,29.17495085,34.22469342,55.86092043,32.81669745,3.021021872,49.93971756,61.78212329,27750,38574,12214,26360,93.22033898,2.789189189
2016,WEST VIRGINIA,55,1000,n-out-of-n,47.27793883,29.08644999,64.85270793,41.36667496,34.42563186,48.74810199,49.75575715,43.12420179,56.39306509,41.2509179,27.71853344,3.737566287,33.92528798,48.57654783,776,1433,713,720,90.90909091,46.2628866
2016,WISCONSIN,121,1000,n-out-of-n,47.96111991,30.49575752,59.92459453,54.78517946,49.1755532,60.3153991,50.74831312,48.22384047,53.2702446,54.83049265,32.98841789,2.998947081,48.95255637,60.70842893,19073,39422,20006,19416,95.04132231,19.157972
2016,WYOMING,26,1000,n-out-of-n,37.64441748,11.89351813,63.89275574,41.97795888,31.98144363,53.28636148,38.27974094,28.38472762,48.87426539,41.97067834,28.64706373,5.618151422,30.95910155,52.98225512,17210,26403,10107,16296,69.23076923,1.888436955
2015,ALABAMA,28,1000,n-out-of-n,47.63780939,32.15559966,59.5748762,40.84566275,30.69441299,51.44911468,48.01587302,38.56423127,57.56379793,40.63861151,27.05675315,5.113245723,30.61664989,50.66057312,268,504,242,262,96.42857143,98.50746269
2015,ARIZONA,9,1000,n-out-of-n,48.43514954,NULL,NULL,NULL,NULL,NULL,52.61627907,[R],[R],[R],[R],[R],[R],[R],424,1156,[R],[R],88.88888889,62.26415094
2015,ARKANSAS,96,1000,n-out-of-n,47.22650619,35.79359836,53.60032412,36.46187317,31.03416085,42.16906335,48.30805134,45.0361728,51.58963416,36.54753437,30.2827179,3.090716953,30.48972914,42.60533959,1927,3428,1656,1772,93.75,75.86922678
2015,CALIFORNIA,183,1000,n-out-of-n,38.11608512,31.23902927,44.59206705,37.70789944,33.35220544,41.99659476,38.15602268,35.50885435,40.85092795,37.719042,28.66294757,2.118826053,33.56614294,41.87194107,263882,423823,161714,262109,63.38797814,12.47982053
2015,COLORADO,178,1000,n-out-of-n,43.2186808,37.84632463,57.26781838,52.62739238,47.29770753,58.31976067,37.98833199,37.4221754,38.55667465,52.61409401,37.45589494,2.807438019,47.11151549,58.11667252,44653,84676,32167,52509,97.75280899,1.408639957
2015,FLORIDA,93,1000,n-out-of-n,53.13657417,30.5058137,60.36550847,36.40935261,30.77241517,42.39816235,55.2983052,52.17151856,58.39739193,36.35429163,29.15918174,3.023666292,30.42790569,42.28067756,27513,61246,33868,27378,86.02150538,7.956238869
2015,GEORGIA,74,1000,n-out-of-n,36.62324255,28.58583878,53.23538537,49.31415864,42.27359821,56.77316967,34.91473915,30.4077432,39.60929653,49.32969437,33.66354711,3.913307863,41.65961095,56.99977778,4347,5923,2068,3855,86.48648649,27.42121003
2015,IDAHO,48,1000,n-out-of-n,27.98920127,15.69048014,40.74893572,38.17851515,29.95642742,47.08316289,27.65185569,22.98627547,32.66680288,37.9891304,30.13288711,4.349307621,29.46448746,46.51377334,62999,94547,26144,68403,70.83333333,0.214289116
2015,ILLINOIS,102,1000,n-out-of-n,61.48143837,52.55962,67.7321856,60.01722346,53.34386612,66.52955821,62.41457859,57.32407419,67.32830116,60.10470064,35.12765821,3.478156447,53.28751401,66.92188728,747,1317,822,495,97.05882353,56.89424364
2015,INDIANA,92,1000,n-out-of-n,48.57126535,42.27118195,55.01439807,45.60754562,39.3750943,51.91244751,48.52752881,43.22924575,53.84800622,45.51086986,31.17160217,3.249864181,39.14113607,51.88060366,345,781,379,402,96.73913043,96.8115942
2015,IOWA,36,1000,n-out-of-n,60.30978065,33.801112,81.45278403,59.05247905,50.86493281,67.15951864,61.35986733,50.96258683,71.10409504,59.19035334,24.65479308,4.109132179,51.13645427,67.24425242,569,1206,740,466,94.44444444,63.09314587
2015,KANSAS,39,1000,n-out-of-n,41.63394959,21.29079254,55.80313617,45.02941809,33.97569759,56.17832697,42.37560193,35.04619546,49.93674468,44.93183824,35.56238217,5.694538602,33.77054258,56.0931339,906,1246,528,718,97.43589744,85.09933775
2015,KENTUCKY,59,1000,n-out-of-n,48.61986196,39.95361788,59.208843,54.39091141,47.01896579,61.86557822,47.88557214,41.70667994,54.10803884,54.44083155,31.2572865,4.06935209,46.46490145,62.41676164,476,804,385,419,98.30508475,74.78991597
2015,LOUISIANA,18,1000,n-out-of-n,40.92698208,24.96426063,46.40391183,43.26961879,31.44616749,54.8728971,44.29065744,40.59709586,48.02682224,43.23880272,26.50002714,6.246116298,30.99641477,55.48119066,2913,4335,1920,2415,83.33333333,12.18674906
2015,MAINE,103,1000,n-out-of-n,58.51837766,41.61218851,60.78336564,53.432704,46.8904365,59.76159474,60.524579,59.6632931,61.38153229,53.38682989,33.35450473,3.286517007,46.94525656,59.82840322,18582,46971,28429,18542,96.11650485,2.271014961
2015,MICHIGAN,210,1000,n-out-of-n,38.84056428,23.34301857,69.85168923,53.87293354,49.45502625,58.46284228,31.8084346,28.62105146,35.11366521,53.89317999,32.53539322,2.245155432,49.49267534,58.29368463,8068,11192,3560,7632,98.0952381,92.92265741
2015,MINNESOTA,77,1000,n-out-of-n,54.67192145,38.60606293,84.09215519,63.53610355,56.64910112,69.9152699,50.60919557,45.51608642,55.69387598,63.36330738,30.21402739,3.443207978,56.61461974,70.11199501,64656,137066,69368,67698,80.51948052,0.394394952
2015,MISSISSIPPI,11,1000,n-out-of-n,39.40784275,31.57392696,55.95329288,45.12556642,30.73782751,60.01379305,38.66834292,35.09737145,42.32246627,45.21344918,25.98229785,7.833957561,29.85889236,60.568006,12757,20681,7997,12684,81.81818182,1.230696872
2015,MISSOURI,94,1000,n-out-of-n,35.51495398,26.53744551,47.01429413,44.84126084,39.3515019,50.83246333,34.80152257,30.08915523,39.7212786,44.9295852,29.06975594,2.99831639,39.05288508,50.80628533,1135,1839,640,1199,96.80851064,97.00440529
2015,MONTANA,26,1000,n-out-of-n,39.93357282,24.04375587,68.16853935,43.06790156,31.10458851,55.22036562,40.08427422,30.44379192,50.26955075,43.11788868,33.43572706,6.557285566,30.26560897,55.97016838,28858,37022,14840,22182,73.07692308,6.13001594
2015,NEBRASKA,12,1000,n-out-of-n,38.49481041,33.34707206,65.81451613,52.05774486,35.10274174,68.53933524,37.27324944,35.99234396,38.56616303,52.37560198,30.26694185,8.737313511,35.2504675,69.50073646,52112,95755,35691,60064,75,0.128569235
2015,NEW JERSEY,93,1000,n-out-of-n,47.78374839,37.29347668,60.79110806,41.2334705,33.75094613,47.91649775,48.18288394,42.30705937,54.09247897,41.04208799,33.72356974,3.49697128,34.18802429,47.8961517,475,853,411,442,95.69892473,84.84210526
2015,NEW YORK,146,1000,n-out-of-n,50.15790775,20.42526088,59.53903976,45.30008277,40.21616826,50.33181352,54.18023693,51.56591075,56.77930951,45.1968138,31.94925949,2.644139529,40.01430033,50.37932728,24548,55882,30277,25605,93.83561644,8.750203683
2015,HAWAII,28,1000,n-out-of-n,14.76358496,1.179424824,38.43406278,21.13168445,13.66136465,29.66639164,13.9254114,8.049503397,21.64947393,21.19279065,21.29962933,4.025251588,13.30329754,29.08228376,8696,12093,1684,10409,100,100
2015,NORTH CAROLINA,282,1000,n-out-of-n,20.95036898,8.689704636,40.40282826,40.99333188,37.27053793,44.68890001,18.97519097,16.41056569,21.73004386,41.03940441,31.26416567,1.861753973,37.39036662,44.68844219,10499,14793,2807,11986,97.5177305,99.58091247
2015,NORTH DAKOTA,30,1000,n-out-of-n,37.71803592,30.38722906,44.81837053,38.87141888,31.31954837,45.96224332,37.71942834,32.61791966,43.00936221,39.04271829,20.9538821,3.825637964,31.54446788,46.5409687,154607,256234,96650,159584,6.666666667,0.003880807
2015,OHIO,270,1000,n-out-of-n,57.64180173,39.07278134,72.56875334,51.83982512,47.42062341,56.39540051,59.12863071,55.08311645,63.09331504,51.82811602,36.084859,2.196054585,47.52384904,56.13238301,1930,3856,2280,1576,97.40740741,71.19170984
2015,OREGON,142,1000,n-out-of-n,24.60869548,11.33144503,36.35224691,36.7268521,31.53334965,42.12790682,25.20200424,22.74810632,27.76628866,36.64632512,31.69774125,2.660015355,31.43269502,41.85995522,29999,44306,11166,33140,94.36619718,29.26097537
2015,PENNSYLVANIA,674,1000,n-out-of-n,61.21568173,57.94987234,65.64880176,58.30606488,55.6977015,60.80222033,61.09479155,60.31835196,61.86749989,58.37326754,33.35291199,1.284706168,55.85524345,60.89129163,22004,53106,32445,20661,98.66468843,15.50627159
2015,SOUTH DAKOTA,15,1000,n-out-of-n,34.07082705,16.59225888,47.95828534,37.53923354,23.55418812,53.93238726,36.12687979,31.60342025,40.82081792,37.38174309,30.6448448,7.912464903,21.87331188,52.8901743,55634,100410,36275,64135,46.66666667,0.030556854
2015,TENNESSEE,73,1000,n-out-of-n,36.22642725,29.24330221,42.26036282,46.35352634,38.6379813,54.06482083,36.30987581,31.53286367,41.27439708,46.26982257,32.79026572,3.837810317,38.74771435,53.79193079,1034,1691,614,1077,95.89041096,74.08123791
2015,TEXAS,139,1000,n-out-of-n,47.69436662,36.4905361,68.01708269,29.64243454,24.70968028,34.36700686,46.2918242,42.88028914,49.72666929,29.62586679,29.17315885,2.474435038,24.77597412,34.47575946,94994,183028,84727,98301,85.61151079,3.180200855
2015,UTAH,41,1000,n-out-of-n,34.31204972,31.90944459,41.09285731,49.62458273,40.69453055,58.64748993,33.58947267,31.72815705,35.48540666,49.48556232,29.69763239,4.63799097,40.39510002,58.57602462,13851,20822,6994,13828,82.92682927,1.061295213
2015,VERMONT,50,1000,n-out-of-n,34.47585729,27.32345923,43.59917433,36.31374915,27.62172678,45.70855467,34.0629275,27.93439174,40.57013615,36.25557788,34.46775004,4.874475956,26.701605,45.80955075,360,731,249,482,92,72.22222222
2015,VIRGINIA,590,1000,n-out-of-n,46.14423024,41.85177905,50.58169261,48.2031031,45.31376756,50.91614672,46.07104413,43.72532322,48.4284206,48.17909772,34.98436808,1.440283641,45.35614178,51.00205365,2855,4645,2140,2505,98.47457627,98.10858144
2015,WASHINGTON,128,1000,n-out-of-n,39.65828648,28.47566445,51.9262989,52.20473748,46.7967623,57.85663184,39.3230238,36.71895843,41.96818365,52.18808416,33.56060299,2.966366245,46.37400632,58.00216199,86503,148277,58307,89970,91.40625,0.676277123
2015,WEST VIRGINIA,47,1000,n-out-of-n,55.13744792,28.93331734,76.66964451,38.91675823,29.94378172,47.92029983,60.85219707,51.22510368,69.94368408,39.15475145,32.0947184,4.681495827,29.97901963,48.33048327,468,751,457,294,87.23404255,39.95726496
2015,WISCONSIN,124,1000,n-out-of-n,59.43985695,50.7208245,61.38732863,62.80444399,57.0657863,68.29230654,60.16309096,58.77709383,61.53831687,62.74451742,33.3503231,2.994947426,56.87442047,68.61461438,20903,51505,30987,20518,92.74193548,7.860115773
2015,WYOMING,11,1000,n-out-of-n,33.49099191,19.58668811,66.11334036,53.28764393,38.13005588,68.93900494,32.54395604,23.86123708,42.11451922,52.88527832,27.78375411,8.377117059,36.46612888,69.30442775,12722,18200,5923,12277,63.63636364,0.172928785