year,state,colonies_inventory,colonies_renovated_pct,colonies_loss_deadout_pct,colonies_disease_pct,colonies_varroa_mites_pct,colonies_other_causes_pct,colonies_pesticides_pct,colonies_other_pests_pct,colonies_unknown_causes_pct,pct_beekeepers_exclusive_state,pct_colonies_exclusive_state
2021,ALABAMA,8000,3.75,16.5,1.225,51.4,6.925,4.975,33.975,3.675,100,100
2021,ARIZONA,26000,9.25,21.25,2.575,25.4,3.7,2.775,10.7,5.55,87.5,39.70588235
2021,ARKANSAS,17000,13.75,12,2.225,36.85,3.05,18.05,25.325,2.925,94.73684211,91.66666667
2021,CALIFORNIA,290000,8,9,6.825,31.625,7.9,9.55,9.625,3.55,68,14.92796093
2021,COLORADO,29000,1.75,14.5,0.725,19.1,2.625,0,0,3.6,94,37.77777778
2021,CONNECTICUT,4050,4.25,7.25,0.35,17.825,1.4,1.25,2.725,2.425,95.55555556,95.88235294
2021,FLORIDA,193000,7.75,12,5.725,37.575,8.225,9.975,18.575,8.35,94.48275862,68.78014558
2021,GEORGIA,96000,15.75,17.25,4.85,49.375,7.1,6.025,21.275,6.3,92.85714286,22.80982906
2021,HAWAII,15000,4.75,3,4.925,60.325,1.175,4.5,49.05,0.225,100,100
2021,IDAHO,100000,6.25,9.25,3.225,43.8,3.65,9.45,5.4,5.1,84.21052632,0.944375259
2021,ILLINOIS,10000,8,11.5,1.75,32.725,7.175,2.375,9,7.425,98.21428571,55.33230294
2021,INDIANA,10000,8.25,12.5,4.275,34.95,3.575,11.6,14,2.475,98.14814815,68.48739496
2021,IOWA,38000,3.25,8,1.225,14.5,2.85,6.85,1.5,3.975,96.96969697,98.7654321
2021,KANSAS,7000,8.75,21.5,4.7,42.7,13.225,9.75,18.9,9.325,90.90909091,33.15508021
2021,KENTUCKY,7000,12.75,9.75,0.975,35.625,5.925,0.55,19.525,8.725,100,100
2021,LOUISIANA,37000,6.5,9,0,31.85,5.3,0.4,3.8,3.325,100,100
2021,MAINE,11000,2.25,10.75,0,17.275,8.975,1.25,5.175,1.025,97.95918367,96.57794677
2021,MARYLAND,6250,3.75,12.5,0,23.25,6.375,0.275,8.95,1.575,92.06349206,45.93301435
2021,MASSACHUSETTS,8050,3.5,9.5,0.525,25.7,2.075,9,11.65,2.4,95.4954955,95.80223881
2021,MICHIGAN,101000,4.5,4.5,0.2,29.825,1.275,5.9,2.275,0.975,96.15384615,16.39839034
2021,MINNESOTA,125000,1.25,7,0,13.725,1.7,7.3,0.425,1.075,87.09677419,3.951751867
2021,MISSISSIPPI,25000,6.5,12.75,1.125,29.875,5.425,1.825,6.2,7.675,83.33333333,0.404606287
2021,MISSOURI,8000,7.5,11.25,0.45,19.95,6.2,1.025,8.775,4.9,98.07692308,95.13184584
2021,MONTANA,117000,7,6.5,1.45,20.625,6.225,3.325,1.1,0.875,82.35294118,0.997908575
2021,NEBRASKA,39000,1.75,9.5,0.7,17.5,2.475,3.725,0.375,0.95,100,100
2021,NEW JERSEY,15000,1,2.25,0.25,12.45,0.925,1.425,4.45,1,96.07843137,94.70404984
2021,NEW MEXICO,5000,11,13.25,0.6,40.575,1.625,4.15,12.5,0.65,100,100
2021,NEW YORK,57000,13.75,15.5,1.275,34.125,8.35,2.275,14.1,5.75,95.50561798,57.29890765
2021,NORTH CAROLINA,13000,6.25,11.5,0.225,28.175,1.8,0,5.625,1.65,97.75280899,69.34001671
2021,NORTH DAKOTA,515000,1.5,4.75,1.5,25.225,4.575,1.025,2.05,1.375,0,0
2021,OHIO,16000,10.25,11.5,2.55,51,6.25,7.9,28.25,4.675,98.82352941,99.09297052
2021,OKLAHOMA,12900,2,11.25,0.125,7.7,4.35,0.125,3.675,1.3,96.15384615,6.093457944
2021,OREGON,86000,14.25,7,4.925,24.55,4.65,5.75,12.675,0.925,89.23076923,2.107748082
2021,OTHER STATES,28000,13,5.25,1.25,27.025,5.275,3.9,3.025,2,82.99808429,42.17436536
2021,PENNSYLVANIA,20000,4.25,11.75,1.475,27.575,4.8,2.15,10.025,3.5,98.32285115,83.76304481
2021,SOUTH CAROLINA,16000,7.5,10.5,1.225,35.2,4.575,3.95,13.4,2.775,90.90909091,93.43065693
2021,SOUTH DAKOTA,250000,2.5,5.5,1.175,30.525,10.775,3.875,6.4,1.1,33.33333333,0.012577034
2021,TENNESSEE,8000,10.75,9.5,0.475,26.575,2.5,1.325,8.05,2.475,96.49122807,97.60273973
2021,TEXAS,137000,6.5,9,0.8,23.85,5.4,7.875,7.675,1.5,91.4893617,6.390731571
2021,UTAH,31000,5.25,10.5,2.75,32.55,1.225,6.425,6.825,3.225,92.85714286,12.05882353
2021,VERMONT,7000,2.75,4.75,1.425,22.675,3.3,0,1.1,0.35,90.47619048,40.32258065
2021,VIRGINIA,6000,5,11,1.325,19.05,4.1,1.325,9.625,3.425,97.41935484,75.92838196
2021,WASHINGTON,96000,6.5,6,4.075,30.775,7.375,1.5,6.575,0.6,89.55223881,5.950342466
2021,WEST VIRGINIA,6000,3.25,7.25,3.15,14.325,1.5,3.6,7.15,2.4,93.5483871,25.09920635
2021,WISCONSIN,42000,5,8.25,5.5,31.65,5.625,11.75,14.025,3.525,90.16393443,8.691623425
2021,WYOMING,38000,9.5,10.25,2.325,9.025,1.975,1.85,0.8,2.925,88.88888889,95.74468085
2020,ALABAMA,7000,11.75,19.75,4.25,39.15,4.325,5.45,23.425,10.6,98.36065574,99.36548223
2020,ARIZONA,25000,6.5,18.5,0.475,25.1,6.8,2.6,0,10.025,83.33333333,78.57142857
2020,ARKANSAS,20000,2.5,9.5,2.675,37.3,2.325,13.475,16.625,9.475,92.59259259,9.181818182
2020,CALIFORNIA,320000,10.75,10.75,5.825,33.85,6.3,5.475,8.325,3.725,63,21.27033253
2020,COLORADO,30000,8.25,15.75,0,23.55,4.625,0,0.275,6.55,96.72131148,93.66666667
2020,CONNECTICUT,4150,3.25,6.75,0.025,23.9,2.8,0,1.825,2.95,100,100
2020,FLORIDA,192000,7,11.5,8.025,37.25,6.2,11.375,17.95,9.3,91.30434783,41.93548387
2020,GEORGIA,101000,14.75,12.5,3.05,45.975,3.775,3.45,14.6,10.15,93.33333333,7.88863109
2020,HAWAII,15000,12.25,6.5,0.25,59.575,1.125,0,57.65,0,100,100
2020,IDAHO,107000,12,14.25,5.525,37.925,5.7,6.775,5.8,4.225,72.72727273,0.306401713
2020,ILLINOIS,10000,5.75,14.25,0.975,23.8,7.125,4.025,10.625,7.325,94.87179487,96.08695652
2020,INDIANA,9000,9.75,10.5,0.875,25.675,2.6,12.375,7.275,3.675,95.38461538,13.19600245
2020,IOWA,35000,7,9.75,5.775,35.45,3.875,1.775,14.225,1.85,100,100
2020,KANSAS,8000,9.25,17,12.15,53.3,15.125,27,24.325,12.875,95.65217391,96.49122807
2020,KENTUCKY,7000,10.5,11,0.85,20.7,5.275,0.7,6.575,5.95,100,100
2020,LOUISIANA,33000,14.5,5.25,1.475,24.9,2.85,0.5,7.25,1.325,100,100
2020,MAINE,10000,3,7.75,7.175,40.675,2.125,0,0.925,2.45,97.82608696,93.10344828
2020,MARYLAND,6875,7.5,14,0.4,19.825,4.625,0.45,2.3,1.975,94.11764706,34.96637848
2020,MASSACHUSETTS,7300,3.75,6,0.825,18.925,1.7,0.2,1.35,0.95,96.07843137,59.61945032
2020,MICHIGAN,95000,6,14,2.725,35.525,3.175,4.5,7.975,1.775,94.81481481,7.933219595
2020,MINNESOTA,108000,1.25,7.5,0.425,21.9,3.175,9.05,2.05,1.075,90,3.663380903
2020,MISSISSIPPI,25000,1,11.5,0,51.3,8.525,0.825,38,3.925,100,100
2020,MISSOURI,9000,7.5,22.75,1.65,17.425,4.7,1.575,5.4,2.125,95.83333333,93.52517986
2020,MONTANA,110000,8.25,5.75,4.6,16.95,4.525,0.65,4.825,1.8,94.73684211,0.771788174
2020,NEBRASKA,37000,3.75,8.5,2.15,11.675,5.7,8,0.475,2.45,75,0.213273569
2020,NEW JERSEY,14000,4.25,6,5.625,13.325,6.275,4.225,2.85,0.75,94.11764706,96.51162791
2020,NEW MEXICO,4250,4,13,0.25,13.65,0.8,0,8.225,0.225,100,100
2020,NEW YORK,58000,4.75,7,1.725,16.175,2.95,0.825,5.1,3.35,91.66666667,8.472766109
2020,NORTH CAROLINA,12000,17,11,1.675,41.725,0.95,1.425,11.125,2.1,99.15966387,98.42592593
2020,NORTH DAKOTA,495000,4,8.75,4.975,37.725,4.125,4.675,4.525,2.2,7.692307692,0.009150108
2020,OHIO,16000,9.75,14,2.25,28.1,5.9,3.975,9.6,7.45,98.4,32.55007704
2020,OKLAHOMA,12375,7.75,7,0.225,20.575,4.375,0.775,3.4,1.675,92.59259259,4.033307312
2020,OREGON,95000,11.75,7.5,6.45,30.825,4.525,4.7,4.8,1.75,98.50746269,11.20976693
2020,OTHER STATES,33000,8.25,12.5,0.125,34.875,6.85,1.575,2.25,1.85,91.85483871,72.27868252
2020,PENNSYLVANIA,19000,3,6.75,1.675,25.6,3.325,1.325,5.675,2.35,98.07692308,78.20512821
2020,SOUTH CAROLINA,16000,9.25,11,2.525,23.65,4.075,1.875,12.7,2.65,97.5,24.64678179
2020,SOUTH DAKOTA,245000,3,11,3.35,44.4,28.475,17.875,13.7,2.275,57.14285714,0.225953349
2020,TENNESSEE,7000,9,12,0.825,30.4,2.975,3.1,16.5,4.55,97.56097561,93.31103679
2020,TEXAS,157000,11.75,10.25,1.65,22.5,4.55,4.925,8.65,5.15,83.33333333,0.673175745
2020,UTAH,28000,12.5,8.75,4.275,47.125,5.025,13.45,4.3,12.9,94.44444444,40.24390244
2020,VERMONT,6000,1.25,4,0.525,14.1,1.15,1.175,0.5,0.775,95.83333333,99.42748092
2020,VIRGINIA,5000,7.75,14.25,0.4,27.25,5.3,0.5,10.1,3.325,96.46017699,92.04693611
2020,WASHINGTON,98000,3.25,7,5.9,14.25,1.825,3.65,5.05,1.25,92.30769231,0.880956467
2020,WEST VIRGINIA,6000,12.5,9,1.675,22.1,2.9,1.7,5.8,1.4,88.88888889,91.17647059
2020,WISCONSIN,45000,7.5,8.75,9.475,31.875,11.025,14.65,13.15,12.7,89.09090909,9.116719243
2020,WYOMING,38000,7.75,6.25,0.225,15.35,2.075,2.35,0,1.3,87.5,94.05120482
2019,ALABAMA,7000,3.333333333,12.33333333,1.766666667,34.83333333,7.266666667,1.8,24.66666667,8.9,98.36065574,93.63697254
2019,ARIZONA,23000,4.666666667,12.33333333,3.2,36.23333333,8.533333333,16.96666667,6.433333333,1.233333333,100,100
2019,ARKANSAS,20000,1.666666667,13.66666667,3.833333333,40.13333333,6.7,37.86666667,20.3,25,97.6744186,97.76674938
2019,CALIFORNIA,335000,7.666666667,12.66666667,6.766666667,44.33333333,9.266666667,13.2,11.93333333,4.6,56.15384615,8.634110821
2019,COLORADO,32000,3.666666667,20,1.6,52.9,4.833333333,8.5,4.766666667,0.8,95.04950495,13.64613181
2019,CONNECTICUT,3767,4,7.333333333,1.6,18.86666667,3.066666667,0,6.433333333,1.266666667,100,100
2019,FLORIDA,205000,8,11,6.533333333,45.1,8.966666667,17.6,23.7,7.033333333,84.375,26.36683546
2019,GEORGIA,102000,15,12.33333333,4.866666667,52.13333333,10.1,14.83333333,18.2,4.633333333,93.82716049,8.028874484
2019,HAWAII,16000,19,3.666666667,0.2,51.1,1.433333333,0.566666667,55.23333333,0.066666667,100,100
2019,IDAHO,92000,4.333333333,8.666666667,11.7,34.9,12.33333333,9.866666667,9.233333333,0.633333333,58.33333333,1.746401172
2019,ILLINOIS,11000,7.666666667,15.33333333,1.633333333,32.7,9.966666667,2.2,16.76666667,10.16666667,95,97.53521127
2019,INDIANA,9000,5,8.333333333,2.733333333,30.66666667,9.3,11.76666667,13,1.233333333,95.87628866,8.347199113
2019,IOWA,38000,6,15.66666667,4,45.06666667,18.4,17.26666667,8.866666667,3.766666667,98.52941176,96.4953271
2019,KANSAS,7000,5.333333333,23.66666667,12.06666667,73.4,7.733333333,26.5,18.86666667,6.3,89.28571429,29.04841402
2019,KENTUCKY,6000,2.666666667,11.66666667,0.233333333,27.93333333,10.2,5.266666667,16.86666667,7.7,98.82352941,98.77192982
2019,LOUISIANA,54000,20.33333333,7,1.333333333,52.63333333,3.2,19.33333333,28.86666667,1.433333333,85.71428571,0.441676924
2019,MAINE,15000,9.666666667,7.666666667,0.066666667,10.96666667,0.633333333,0.833333333,0.266666667,0.366666667,100,100
2019,MARYLAND,7333,7,18,0.666666667,17.3,5.166666667,0.1,4.1,2.933333333,95.67901235,31.01026472
2019,MASSACHUSETTS,7433,2.666666667,16.66666667,0.333333333,10.3,2.7,1.433333333,1.033333333,6.3,98.55072464,99.70414201
2019,MICHIGAN,94000,1.666666667,13,6.466666667,32.63333333,5.133333333,5.266666667,10.63333333,2,94.77124183,5.76170346
2019,MINNESOTA,118000,1,12.33333333,2.366666667,31.16666667,3.466666667,6.5,5.4,2.3,85.52631579,0.994479794
2019,MISSISSIPPI,22000,3.333333333,11,23.76666667,38.23333333,5.466666667,29.23333333,51.53333333,5.266666667,50,6.730769231
2019,MISSOURI,10000,1.333333333,11,0.833333333,14.33333333,3,0.466666667,5.1,1.4,93.67088608,88.66666667
2019,MONTANA,173000,5.333333333,8.666666667,3.533333333,19.6,2.566666667,2.566666667,3.933333333,0.8,73.68421053,0.17478791
2019,NEBRASKA,39000,1,10.33333333,11.26666667,22.43333333,4.066666667,2.366666667,1.666666667,2.8,84.61538462,0.703876276
2019,NEW JERSEY,15000,7,3.333333333,0.1,14.63333333,1.766666667,0.066666667,2.533333333,0.4,92.59259259,88.01652893
2019,NEW MEXICO,4400,3.333333333,2.666666667,0.633333333,16.06666667,1.6,0,10.16666667,0.1,92.85714286,98.27586207
2019,NEW YORK,59000,2,13.66666667,1.966666667,24.86666667,4.466666667,6.2,12.93333333,5.6,95.14563107,9.685401202
2019,NORTH CAROLINA,14000,11,14,8.133333333,29.26666667,9.2,2.366666667,11.43333333,6.933333333,98.8700565,95.0101833
2019,NORTH DAKOTA,520000,1.666666667,7.333333333,5.5,32.76666667,8.7,6.4,5.766666667,4.1,5.555555556,0.003514413
2019,OHIO,15000,7,16.66666667,5.233333333,41.03333333,5.3,1.166666667,12.83333333,4.866666667,98.5915493,97.39696312
2019,OKLAHOMA,11667,5,6.333333333,0.033333333,12.56666667,1.5,0.166666667,0.7,1.5,93.5483871,5.566021579
2019,OREGON,87000,7.333333333,9,8.233333333,29.73333333,11.96666667,5.7,5,5.633333333,90.72164948,1.661845134
2019,OTHER STATES,30000,2,12.33333333,1.6,10.6,11.96666667,2.666666667,2.866666667,0.866666667,73.71794872,70.06704981
2019,PENNSYLVANIA,19000,5.666666667,14,2.166666667,23.96666667,3.766666667,4.066666667,6,6,97.73662551,88.60843574
2019,SOUTH CAROLINA,16000,5.333333333,11.33333333,0.766666667,40.03333333,15.03333333,7.133333333,14.83333333,3.666666667,85.71428571,4.101910828
2019,SOUTH DAKOTA,270000,1,10,1.166666667,7.8,5.333333333,7.366666667,3.2,1.733333333,50,0.037193733
2019,TENNESSEE,8000,7.333333333,21.66666667,1.766666667,60.26666667,8.933333333,14.53333333,33.46666667,5.9,95,95.15625
2019,TEXAS,126000,5.666666667,6.666666667,4.766666667,23.7,6.633333333,8.233333333,12.93333333,2.166666667,81.88976378,1.038586674
2019,UTAH,22000,2,13.33333333,2.533333333,24.8,0.366666667,3.5,2.3,4.566666667,96.80851064,57.40432612
2019,VERMONT,6000,3.666666667,3,1.233333333,16.46666667,0.433333333,0.266666667,1.9,0.733333333,97.22222222,99.54441913
2019,VIRGINIA,5000,4.333333333,13.66666667,0.7,30.73333333,3.966666667,0.533333333,16.56666667,6.133333333,98.18181818,97.11406322
2019,WASHINGTON,81000,4.333333333,14.66666667,1.233333333,36.63333333,4.366666667,8.166666667,1.333333333,1.233333333,92.92035398,2.592528437
2019,WEST VIRGINIA,6000,10.66666667,16.33333333,0.966666667,36.6,6,1.1,8.2,1.266666667,100,100
2019,WISCONSIN,46000,8,16.66666667,9.8,34.1,14.1,11.1,15.26666667,5.4,85.55555556,4.812000779
2019,WYOMING,39000,5,8.666666667,2.2,24.66666667,3.7,0.733333333,4.233333333,6,100,100
2018,ALABAMA,6000,15.75,13,1.3,38.125,7.3,11.35,36.85,5.225,96.15384615,99.3485342
2018,ARIZONA,24000,5.75,20.25,11.25,45.8,11.075,4.975,5.525,9.725,83.33333333,10.17964072
2018,ARKANSAS,28000,5,18.5,0.45,41.175,6.85,29.075,9.325,7.475,90.625,42.6440116
2018,CALIFORNIA,335000,13.5,11.75,7.55,46.05,9.575,13.65,11.175,5.15,64.86486486,3.807352585
2018,COLORADO,31000,8,15,5.775,54.8,8.125,1.75,5.825,2.15,95.0617284,10.61891298
2018,CONNECTICUT,3300,7,4.5,0.675,12.775,3.8,0.975,1.3,1.85,96.96969697,76.68393782
2018,FLORIDA,215000,16.25,16,6.825,39.675,9.475,11.6,21.425,13.4,76.92307692,4.893681962
2018,GEORGIA,98000,23.5,13.75,6.575,45.95,17.525,16.05,20.6,6.8,91.66666667,19.49628963
2018,HAWAII,17000,26,7,0.15,82.525,0.275,0.025,87.275,0.05,100,100
2018,IDAHO,96000,13.75,10.75,7,57.1,7.075,16.075,15.55,3.75,84.61538462,4.807837227
2018,ILLINOIS,11000,10.25,15.75,3.7,21.95,7.175,4.5,10.675,6.5,98,99.02234637
2018,INDIANA,7000,7.75,19.5,7.15,48.05,12.9,22.55,11.325,1.9,95.65217391,21.15304853
2018,IOWA,38000,3,10,4.65,25.75,10.075,10.125,11.85,1.925,96.34146341,78.31858407
2018,KANSAS,5000,17,17,8.725,61.15,13.825,20.225,33.575,11.25,92,18.81533101
2018,KENTUCKY,4000,6,19.5,1.075,47.025,5.525,5.075,29.55,5.925,95.83333333,61.28838049
2018,LOUISIANA,45000,3.25,4.75,0.225,15.225,1.925,2.275,10.8,1.55,81.81818182,1.724721001
2018,MAINE,12000,3.25,13.5,0.375,17.825,2.6,0.325,1.875,2,100,100
2018,MARYLAND,7375,6.75,9.5,1.45,14.575,6.175,0.9,5.075,2.25,94.21487603,19.81450253
2018,MASSACHUSETTS,5025,6.5,16.25,5.15,33.75,4.025,5.425,5.65,6.275,96.38554217,99.25205684
2018,MICHIGAN,97000,12.5,11.75,7.05,60.3,11.65,14.5,16.775,10.225,93.93939394,7.776038702
2018,MINNESOTA,119000,8.25,12.25,4.825,21.95,5.55,10.725,6.9,8.2,95.94594595,23.23717949
2018,MISSISSIPPI,20000,8.75,9.75,0.05,25.825,4.1,0.45,11.575,12.075,83.33333333,13.64117025
2018,MISSOURI,9000,4.5,9.5,0.85,38.25,11.05,2.125,29.475,7.925,97.14285714,96.62447257
2018,MONTANA,160000,6.75,5,6.725,39.075,6.425,13.025,9.05,1,94.11764706,97.14285714
2018,NEBRASKA,40000,3.25,7.75,2,9.15,4.475,3.45,1.725,2.85,69.23076923,0.939399521
2018,NEW JERSEY,13000,1.75,5.75,0.075,14.425,3.4,0.15,3.375,0.4,95.58823529,95.91002045
2018,NEW MEXICO,5850,6,27,1,31.1,4.5,3.425,0.35,0.725,94.11764706,98.52941176
2018,NEW YORK,56000,4.25,8.75,10.7,32.9,13.85,8.825,14.25,5.15,93.38842975,21.67591858
2018,NORTH CAROLINA,10000,4.75,16.5,4,39.6,12.625,3.275,10.275,4.275,99.13793103,98.96432681
2018,NORTH DAKOTA,550000,4.25,6.75,5.925,29.575,5.225,6.425,7.225,2.525,25,0.025972339
2018,OHIO,14000,9,16.5,2.725,41.65,12.925,3.825,21.85,6.05,98.22485207,93.62445415
2018,OKLAHOMA,9200,10.75,13.5,3.225,39.25,8.175,12.575,17.725,6.45,96.15384615,95.81151832
2018,OREGON,93000,20,8,8.075,45.85,7.725,18.3,2.9,0.55,95.65217391,43.22109146
2018,OTHER STATES,36000,5.75,13.25,0.625,19,2.95,2.075,0.975,1.85,89.53759398,58.35364841
2018,PENNSYLVANIA,19000,7.5,12.75,3.525,29.025,4.25,6.475,10.1,4.95,98.24561404,91.51420786
2018,SOUTH CAROLINA,16000,16,11.25,0.6,38.125,8.1,9.5,22.125,3.1,90.16393443,23.58427715
2018,SOUTH DAKOTA,255000,10.25,9.25,4.4,31.75,21.275,3.475,18.675,1.05,53.84615385,0.230214867
2018,TENNESSEE,7000,9,20.25,1.975,44.9,8.525,7.75,29.325,7.35,95.94594595,96.26320065
2018,TEXAS,132000,11.25,9,4.7,21.35,4.8,3.475,12.675,7.375,85.55555556,4.846074532
2018,UTAH,26000,5.5,9.75,1.925,36.05,2.25,2.475,7.25,2,98.42519685,89.7826087
2018,VERMONT,7000,0.75,6.75,1.325,18.575,1.225,10.35,2.225,0.4,93.18181818,60.59225513
2018,VIRGINIA,4000,11.5,15.5,4.55,36.2,12.05,6.5,24.25,5.575,98.91304348,97.4989579
2018,WASHINGTON,77000,5.75,9.75,5.225,26.5,5.175,4.275,2.85,1.275,93.75,1.611429521
2018,WEST VIRGINIA,6000,6.25,15.25,0.95,28.825,11.35,3.45,20.825,5.425,89.58333333,39.12037037
2018,WISCONSIN,51000,6.5,15,5.9,32.625,11.7,18.15,20.4,3.5,95.68965517,9.193776521
2018,WYOMING,39000,4.75,7.25,1.75,22.425,2.225,4.475,2.775,2.5,85.71428571,91.30434783
2017,ALABAMA,7000,8,13,2.25,32.4,6.325,13.075,13.9,5.925,97.36842105,97.54768392
2017,ARIZONA,22000,7.5,17.25,6.575,43.85,10.85,4.2,5.625,2.3,80,24.43181818
2017,ARKANSAS,29000,2.25,19.25,7.15,37.45,9.775,13.1,15.625,1.55,90.625,15.25773196
2017,CALIFORNIA,335000,12,11.25,5.9,41.475,9.65,13.15,12.55,4.9,63.19018405,20.05191145
2017,COLORADO,33000,12.75,12.75,2.025,32.85,7.625,8.3,0.725,1.8,95.55555556,95.08928571
2017,CONNECTICUT,3400,5,7.25,0.025,30.525,5.65,0.275,1.5,1.975,100,100
2017,FLORIDA,205000,17.75,17,4.7,39.6,7.925,9.975,14.8,21.125,82.25806452,4.222515753
2017,GEORGIA,99000,15.25,11.75,3.95,43.45,7.4,9.65,11.475,4.025,87.65432099,8.204111772
2017,HAWAII,19000,2.5,2.5,0.15,37.525,0.65,0,19.05,0.025,100,100
2017,IDAHO,95000,14.25,9.25,17.675,48.1,5.175,14.975,21.175,2.625,83.33333333,1.854415693
2017,ILLINOIS,11000,6.5,14.25,1.2,22.825,6.25,4.35,10.45,4.425,97.87234043,99.57173448
2017,INDIANA,8000,3.25,14.5,1.85,14.675,6.675,13,5.4,4.575,100,100
2017,IOWA,35000,8.5,12,7.65,37.775,10.475,18.775,17.15,5.075,98.5915493,99
2017,KANSAS,7000,10,17.5,4.7,36.95,4.95,13.775,17.95,9.575,93.75,0.913015783
2017,KENTUCKY,5000,6,15.25,1.625,39.575,9.05,3.85,21.675,9.425,94,27.82139352
2017,LOUISIANA,43000,18.25,9,0.175,34.925,2.975,1.4,28.45,6.95,88.88888889,11.16934163
2017,MAINE,12000,2.75,10.75,8.975,14.15,7.525,4.075,8.075,3.725,93.84615385,1.438544531
2017,MARYLAND,8375,6,14,0.675,7.825,5.225,1,5.85,5.575,90.5511811,32.55138517
2017,MASSACHUSETTS,5200,5.75,18.25,5.825,35.625,3.3,5.125,5.05,1.9,94.25287356,2.311756935
2017,MICHIGAN,87000,6.75,11.25,3.525,34.4,4.625,10.325,8.25,2.325,96.37681159,12.33514352
2017,MINNESOTA,126000,2.25,10,2.1,31.325,8.6,15.725,3.45,3.35,87.34177215,6.861678295
2017,MISSISSIPPI,18000,11,8.75,0.525,36.525,5.95,0.875,11.775,1.75,22.22222222,0.17185674
2017,MISSOURI,8000,4.75,8.75,1.825,31.1,4.075,9.45,18.625,10.925,96.59090909,93.64238411
2017,MONTANA,145000,10.5,6.5,3.55,37.625,8.7,3.525,7.475,1.7,52.38095238,0.246184146
2017,NEBRASKA,42000,23,8.75,1.475,26.65,7.9,11.7,12.15,3.425,93.33333333,83.33333333
2017,NEW JERSEY,13000,1.5,5.25,1.75,16.825,1.2,1.8,4,0.825,93.24324324,15.15661839
2017,NEW MEXICO,7250,13.5,28.75,44.525,85.675,12.675,5.975,1.05,0.475,94.73684211,29.8245614
2017,NEW YORK,57000,8.25,10,6.525,27.5,9.025,5.3,11,3.825,92.30769231,14.08819758
2017,NORTH CAROLINA,11000,7,14.25,2.425,49.2,7.9,6.025,18.825,3.475,95.85253456,22.28668942
2017,NORTH DAKOTA,455000,7.5,5.25,1.7,28.45,3.1,3.475,8.1,0.85,11.76470588,0.005734164
2017,OHIO,15000,8.25,13.75,4.65,42.025,10.475,5.9,15.1,7.35,97.85407725,89.53020134
2017,OKLAHOMA,12775,5,3.75,5.3,14.625,3.225,1.1,6.7,0.7,96.55172414,19.30975471
2017,OREGON,78000,18.5,9.5,14.55,42.725,10.375,10,13.25,5.85,93.43065693,2.385190459
2017,OTHER STATES,35000,6,10.5,3.05,18.175,1.975,2.875,1.9,1.7,88.60546972,55.45411638
2017,PENNSYLVANIA,16000,7.25,14,1.3,30.125,2.775,3.75,3.625,2.975,97.59036145,40.29281496
2017,SOUTH CAROLINA,16000,8.25,9.5,7.575,23.725,3.475,5.7,14.55,1.225,94.33962264,14.21502474
2017,SOUTH DAKOTA,255000,5,7.5,2.525,19.075,9.925,5.225,3.725,2.275,50,0.411501727
2017,TENNESSEE,7000,8,15.5,1.05,36.9,7.875,3.375,19.775,8.275,100,100
2017,TEXAS,120000,17.5,10.5,2.675,33.125,7.1,11.1,20.925,2.925,92.64705882,9.008497243
2017,UTAH,27000,10.25,12.25,2.975,35.05,9.975,6.5,2.575,7.3,97.00598802,36.26634958
2017,VERMONT,7000,1.5,4.5,7.3,30.675,3.45,13.85,13.625,1.3,93.02325581,83.40461933
2017,VIRGINIA,6000,5.5,12.75,1.625,27.825,5.125,4.05,19.475,4.675,97.03504043,94.84042553
2017,WASHINGTON,77000,12,9.75,1.55,18.375,3.175,2.25,3.45,1.85,89.88764045,1.030573686
2017,WEST VIRGINIA,6000,18.5,9.75,1.45,27.675,8.225,0.275,3.525,2.575,94.23076923,79.77707006
2017,WISCONSIN,53000,6.75,14.5,13.6,36.875,8.875,12.2,15.375,9.525,93.93939394,10.06885319
2017,WYOMING,39000,5.75,13,7.625,23.525,5,3.275,1.875,1.925,77.77777778,1.407884151
2016,ALABAMA,7000,2.75,14.75,1.2,14.45,4.275,4,20.525,8.45,97.6744186,96.40883978
2016,ARIZONA,27000,6.5,18,5.1,50.275,10.4,9.925,16.7,5.7,100,100
2016,ARKANSAS,24000,2.75,11.75,1.475,61.025,2.275,2.45,7.3,3.325,91.66666667,20.40423484
2016,CALIFORNIA,310000,9.75,12,9.175,42.975,10.925,13.9,15.2,4.35,63.18681319,6.248943522
2016,COLORADO,32000,1,12,5.175,30.825,7.225,7.325,7.15,0.175,96.92307692,19.1775837
2016,CONNECTICUT,2850,2,7.75,0.45,13.775,5.725,0.375,2.4,1.725,92.53731343,96.09236234
2016,FLORIDA,215000,6.25,12.75,5.2,36.95,8.5,10.85,19.9,2.925,89.65517241,18.53360489
2016,GEORGIA,96000,2,12.25,2.55,41.475,6.65,17.375,15.3,3.4,92.30769231,30.54794521
2016,HAWAII,18000,4,4.75,0.025,35.9,1.05,0.4,38.925,0.025,97.82608696,99.76067012
2016,IDAHO,97000,3,9.5,3.525,27.475,5.25,4.2,3.15,2.6,62.22222222,1.199412075
2016,ILLINOIS,10000,1.75,10.75,1.05,17.25,4.025,3.9,7.6,4.275,96.8503937,97.39726027
2016,INDIANA,8000,4.75,9.25,0.575,27.125,3.375,1.1,7.15,3.7,98.68421053,98.50448654
2016,IOWA,37000,2,12.75,10.55,31.9,10.95,7.25,11.35,5.6,95.83333333,63.95563771
2016,KANSAS,7000,4.75,24.25,4.325,37.4,3.925,10.4,13.85,2.8,96.96969697,12.8540305
2016,KENTUCKY,5000,2.5,13.5,1.65,38.25,11.55,12.3,23.275,5.6,98.5915493,99.71098266
2016,LOUISIANA,50000,7,11,4.9,21.475,5.975,0.6,10.6,1.1,100,100
2016,MAINE,12000,1.25,9.5,1.225,26.5,2.4,7.775,0.325,7.35,96.2962963,1.25167336
2016,MARYLAND,7500,1,5.75,1.75,16.25,4.1,4.425,3.875,0.875,92.96875,9.659174379
2016,MASSACHUSETTS,6175,2.5,7.75,2.05,17.7,2.375,2.775,6.775,6.275,95.57522124,96.74556213
2016,MICHIGAN,89000,3,11.25,0.375,37,5.9,7.2,9.025,3.925,98.46153846,30.79535805
2016,MINNESOTA,124000,1,13.75,4,26.9,9.85,17.45,8.825,9.975,88.99082569,6.005126327
2016,MISSISSIPPI,19000,30.5,11,0.725,18.875,2.15,1.925,3.35,5.525,66.66666667,0.353967731
2016,MISSOURI,8000,4.5,7.75,0.575,16.7,2.675,1.6,7.225,2.475,98.33333333,97.19188768
2016,MONTANA,159000,3.25,6.25,11.1,32.975,11.6,6.25,13.825,8.675,35.29411765,0.157341725
2016,NEBRASKA,48000,30.5,12,0.35,9.7,0.975,3.85,0.875,1.425,81.25,0.493644809
2016,NEW JERSEY,12000,0.25,7.5,0.5,17.175,1.65,2.75,5.1,5.3,90.17857143,11.20845501
2016,NEW MEXICO,6500,4.5,22,26.5,58.45,3.05,6.65,14.1,0.325,88.23529412,92.20779221
2016,NEW YORK,64000,1.5,14.5,2.875,28.275,10.125,9.25,5.05,2.775,92.4137931,6.920975412
2016,NORTH CAROLINA,12000,2,11.5,2.125,28.275,9.55,9.85,11.775,12.1,97.26027397,42.62536873
2016,NORTH DAKOTA,485000,9.5,8.75,2.475,20.1,4.05,3.6,5.85,4.3,11.53846154,0.0049558
2016,OHIO,15000,2.75,11.75,0.975,38.7,6.975,6.675,8.8,5.2,97.45762712,96.19640387
2016,OKLAHOMA,8075,20.5,11.75,0.125,17.275,0.75,0.575,2.75,10.975,97.36842105,24.41333882
2016,OREGON,74000,4.5,5.25,10.175,37.875,6.7,3.75,12.7,2.275,90.90909091,22.08818342
2016,OTHER STATES,37000,1.5,10.75,2.575,11.25,3.45,3.125,3.35,4.175,82.77516709,45.89034581
2016,PENNSYLVANIA,19000,3.5,13.25,1.325,27.375,4.45,3.625,4.625,2.45,98.33055092,19.18714556
2016,SOUTH CAROLINA,16000,1.75,11.5,6.25,27.85,11.975,16.25,21.2,2.475,96.90721649,29.8098434
2016,SOUTH DAKOTA,280000,3.5,10,4.05,32.575,5.375,8.45,7.85,0.875,38.46153846,0.047350146
2016,TENNESSEE,6000,1.75,11.25,0.4,25.75,6.9,1.9,18.625,4.65,96.93877551,91.98369565
2016,TEXAS,133000,7.75,10,3.675,31.45,4.4,11.7,11.925,2.925,80,1.25177047
2016,UTAH,31000,7,11.75,0.675,26.925,2.05,7.6,6.85,0.825,86.84210526,2.767570051
2016,VERMONT,6000,0.5,4.25,10.825,13.5,0.9,10.25,12.35,0.65,87.5,48.65649964
2016,VIRGINIA,5000,3.25,10.25,2.475,31.575,4.85,2.175,13.875,3.85,97.83001808,87.17348928
2016,WASHINGTON,84000,3,7.25,2.3,37.7,5.45,8.25,6.975,1.525,93.22033898,2.789189189
2016,WEST VIRGINIA,5000,1.5,12.75,2.5,26.825,8.5,0.45,3.275,2.6,90.90909091,46.2628866
2016,WISCONSIN,54000,1.5,12.75,8.675,37.1,10.35,13.1,7.775,19.55,95.04132231,19.157972
2016,WYOMING,40000,1.25,10.25,1.25,19.475,1.95,2.725,1.925,0.6,69.23076923,1.888436955
2015,ALABAMA,7000,4.25,15.5,0.05,23.225,4.325,1.825,31.225,8.275,96.42857143,98.50746269
2015,ARIZONA,26000,26.75,19,1.775,34.725,9.525,10.225,19.775,6,88.88888889,62.26415094
2015,ARKANSAS,24000,10.75,16,2.375,47.7,9.675,9.8,29.225,3.075,93.75,75.86922678
2015,CALIFORNIA,275000,13,11.75,7.375,38.2,11.55,15.45,15.45,4.475,63.38797814,12.47982053
2015,COLORADO,29000,5,11.25,7.575,37.825,4.525,9.9,7.15,4.25,97.75280899,1.408639957
2015,CONNECTICUT,3450,4.75,8.25,0.7,15.625,8.35,0.85,1.175,1.275,94.64285714,65.86826347
2015,FLORIDA,220000,10.75,14.75,3.175,33.325,10.9,14.075,20,4.35,86.02150538,7.956238869
2015,GEORGIA,69000,10,15,3.775,37.525,7.225,14.25,13.125,4.875,86.48648649,27.42121003
2015,HAWAII,16000,15,7.25,0.55,52,1.925,0.05,53.275,0.025,100,100
2015,IDAHO,89000,9.25,9.75,6.25,37.75,6.9,6.2,4.8,4.025,70.83333333,0.214289116
2015,ILLINOIS,8000,7,17.25,0.45,9.925,4.825,1.05,4.025,4.525,97.05882353,56.89424364
2015,INDIANA,6000,9.5,13.25,4.575,16.225,7.075,2.275,3.225,5.9,96.73913043,96.8115942
2015,IOWA,36000,4.25,11,2.05,29.575,12.775,5.575,3.125,2.525,94.44444444,63.09314587
2015,KANSAS,8000,2.25,21,0.6,28.525,15.425,13.375,11.175,7.25,97.43589744,85.09933775
2015,KENTUCKY,5000,6,19.25,2.35,23.775,12.1,5.15,13.75,4.875,98.30508475,74.78991597
2015,LOUISIANA,44000,9.25,7.75,1.125,22.6,3.375,1.25,2.925,0.75,83.33333333,12.18674906
2015,MAINE,10000,1,6.5,3.325,26.1,2.675,8.625,9.55,2.55,96.11650485,2.271014961
2015,MARYLAND,7500,4.25,15.25,0.9,11.875,8.275,6.325,6.05,5.05,94.44444444,4.758486309
2015,MASSACHUSETTS,4750,3.25,9.5,2.225,34.5,4.275,17.15,17.425,2.3,98,78.03320562
2015,MICHIGAN,90000,4,12.5,2.25,29,7.425,7.125,9.125,5.05,98.0952381,92.92265741
2015,MINNESOTA,122000,5,12.25,4.3,25.925,5.625,17.25,7.4,6.875,80.51948052,0.394394952
2015,MISSISSIPPI,15000,5.5,9.25,0.175,18.9,2,0.825,4.725,1.375,81.81818182,1.230696872
2015,MISSOURI,10000,6.5,8.25,2.9,8.025,3.925,1.975,7.475,4.15,96.80851064,97.00440529
2015,MONTANA,146000,6.25,5.75,6.625,26.425,3.375,4.95,9.4,6.775,73.07692308,6.13001594
2015,NEBRASKA,57000,6,8,2.8,15.275,1.85,3.85,4.325,2.625,75,0.128569235
2015,NEW JERSEY,12000,9,6.5,7.7,26.875,5.5,9.4,5,5.25,95.69892473,84.84210526
2015,NEW MEXICO,6500,6,13,17.675,37,14.45,18.125,13.85,1.375,95.23809524,5.422446406
2015,NEW YORK,58000,5.5,12,2.875,22.8,6.225,6.7,7.9,4.275,93.83561644,8.750203683
2015,NORTH CAROLINA,12000,5.5,14.25,0.4,32.5,5.775,8.575,11.975,6.775,97.5177305,99.58091247
2015,NORTH DAKOTA,490000,5.25,9.75,2.5,15.45,3.725,4.525,5.625,1.55,6.666666667,0.003880807
2015,OHIO,17000,13,20,1.65,23.375,11.275,11.4,5.625,8.975,97.40740741,71.19170984
2015,OKLAHOMA,14750,2.75,9.75,0.175,21.25,2.75,0.075,5.8,1.925,88.88888889,2.955480733
2015,OREGON,71000,8.75,7.75,5.075,32.975,3.475,5.3,11.25,1.7,94.36619718,29.26097537
2015,OTHER STATES,30000,6.5,15,0,13.525,0.425,0.125,2.35,2.05,75.81168831,34.90740872
2015,PENNSYLVANIA,17000,13,14.25,2.3,29.2,8.125,2.225,6.925,2.55,98.66468843,15.50627159
2015,SOUTH CAROLINA,14000,7.5,12.5,4.85,28.25,4.25,4.525,10.4,1.65,88.73239437,20.33084312
2015,SOUTH DAKOTA,290000,3.75,8.5,1.5,12.45,1.725,4.175,5.575,3.275,46.66666667,0.030556854
2015,TENNESSEE,7000,5.5,13.5,0.575,41.1,6.225,4.8,27.525,3,95.89041096,74.08123791
2015,TEXAS,126000,13.75,10.75,2.875,23.1,4.15,10.625,17.45,5.6,85.61151079,3.180200855
2015,UTAH,27000,5.25,14,12.4,39.175,4.15,12.625,11.45,0.55,82.92682927,1.061295213
2015,VERMONT,5000,0.25,7.75,0.25,21.45,1.975,0.15,6.2,5.15,92,72.22222222
2015,VIRGINIA,5000,4.75,12.75,1.45,25.125,5.525,0.975,13.45,8.925,98.47457627,98.10858144
2015,WASHINGTON,73000,10,9,1.225,30.675,4,1.825,1.125,0.85,91.40625,0.676277123
2015,WEST VIRGINIA,5000,5,13.75,1.275,18.525,7.6,2.325,6.35,3.05,87.23404255,39.95726496
2015,WISCONSIN,52000,6.25,16,3.625,37.7,10.675,14.875,10.725,10.75,92.74193548,7.860115773
2015,WYOMING,38000,8.25,10.5,3.45,23.375,5.575,4.375,8.05,1.675,63.63636364,0.172928785