year,state,colonies_inventory
2021,ALABAMA,8000.00
2021,ARIZONA,26000.00
2021,ARKANSAS,17000.00
2021,CALIFORNIA,290000.00
2021,COLORADO,29000.00
2021,FLORIDA,193000.00
2021,GEORGIA,96000.00
2021,HAWAII,15000.00
2021,IDAHO,100000.00
2021,ILLINOIS,10000.00
2021,INDIANA,10000.00
2021,IOWA,38000.00
2021,KANSAS,7000.00
2021,KENTUCKY,7000.00
2021,LOUISIANA,37000.00
2021,MAINE,11000.00
2021,MICHIGAN,101000.00
2021,MINNESOTA,125000.00
2021,MISSISSIPPI,25000.00
2021,MISSOURI,8000.00
2021,MONTANA,117000.00
2021,NEBRASKA,39000.00
2021,NEW JERSEY,15000.00
2021,NEW YORK,57000.00
2021,NORTH CAROLINA,13000.00
2021,NORTH DAKOTA,515000.00
2021,OHIO,16000.00
2021,OREGON,86000.00
2021,OTHER STATES,44000.00
2021,PENNSYLVANIA,20000.00
2021,SOUTH DAKOTA,250000.00
2021,TENNESSEE,8000.00
2021,TEXAS,137000.00
2021,UTAH,31000.00
2021,VERMONT,7000.00
2021,VIRGINIA,6000.00
2021,WASHINGTON,96000.00
2021,WEST VIRGINIA,6000.00
2021,WISCONSIN,42000.00
2021,WYOMING,38000.00
2020,ALABAMA,7000.00
2020,ARIZONA,25000.00
2020,ARKANSAS,20000.00
2020,CALIFORNIA,320000.00
2020,COLORADO,30000.00
2020,FLORIDA,192000.00
2020,GEORGIA,101000.00
2020,HAWAII,15000.00
2020,IDAHO,107000.00
2020,ILLINOIS,10000.00
2020,INDIANA,9000.00
2020,IOWA,35000.00
2020,KANSAS,8000.00
2020,KENTUCKY,7000.00
2020,LOUISIANA,33000.00
2020,MAINE,10000.00
2020,MICHIGAN,95000.00
2020,MINNESOTA,108000.00
2020,MISSISSIPPI,25000.00
2020,MISSOURI,9000.00
2020,MONTANA,110000.00
2020,NEBRASKA,37000.00
2020,NEW JERSEY,14000.00
2020,NEW YORK,58000.00
2020,NORTH CAROLINA,12000.00
2020,NORTH DAKOTA,495000.00
2020,OHIO,16000.00
2020,OREGON,95000.00
2020,OTHER STATES,49000.00
2020,PENNSYLVANIA,19000.00
2020,SOUTH DAKOTA,245000.00
2020,TENNESSEE,7000.00
2020,TEXAS,157000.00
2020,UTAH,28000.00
2020,VERMONT,6000.00
2020,VIRGINIA,5000.00
2020,WASHINGTON,98000.00
2020,WEST VIRGINIA,6000.00
2020,WISCONSIN,45000.00
2020,WYOMING,38000.00
2019,ALABAMA,7000.00
2019,ARIZONA,23000.00
2019,ARKANSAS,20000.00
2019,CALIFORNIA,335000.00
2019,COLORADO,32000.00
2019,FLORIDA,205000.00
2019,GEORGIA,102000.00
2019,HAWAII,16000.00
2019,IDAHO,92000.00
2019,ILLINOIS,11000.00
2019,INDIANA,9000.00
2019,IOWA,38000.00
2019,KANSAS,7000.00
2019,KENTUCKY,6000.00
2019,LOUISIANA,54000.00
2019,MAINE,15000.00
2019,MICHIGAN,94000.00
2019,MINNESOTA,118000.00
2019,MISSISSIPPI,22000.00
2019,MISSOURI,10000.00
2019,MONTANA,173000.00
2019,NEBRASKA,39000.00
2019,NEW JERSEY,15000.00
2019,NEW YORK,59000.00
2019,NORTH CAROLINA,14000.00
2019,NORTH DAKOTA,520000.00
2019,OHIO,15000.00
2019,OREGON,87000.00
2019,OTHER STATES,46000.00
2019,PENNSYLVANIA,19000.00
2019,SOUTH DAKOTA,270000.00
2019,TENNESSEE,8000.00
2019,TEXAS,126000.00
2019,UTAH,22000.00
2019,VERMONT,6000.00
2019,VIRGINIA,5000.00
2019,WASHINGTON,81000.00
2019,WEST VIRGINIA,6000.00
2019,WISCONSIN,46000.00
2019,WYOMING,39000.00
2018,ALABAMA,6000.00
2018,ARIZONA,24000.00
2018,ARKANSAS,28000.00
2018,CALIFORNIA,335000.00
2018,COLORADO,31000.00
2018,FLORIDA,215000.00
2018,GEORGIA,98000.00
2018,HAWAII,17000.00
2018,IDAHO,96000.00
2018,ILLINOIS,11000.00
2018,INDIANA,7000.00
2018,IOWA,38000.00
2018,KANSAS,5000.00
2018,KENTUCKY,4000.00
2018,LOUISIANA,45000.00
2018,MAINE,12000.00
2018,MICHIGAN,97000.00
2018,MINNESOTA,119000.00
2018,MISSISSIPPI,20000.00
2018,MISSOURI,9000.00
2018,MONTANA,160000.00
2018,NEBRASKA,40000.00
2018,NEW JERSEY,13000.00
2018,NEW YORK,56000.00
2018,NORTH CAROLINA,10000.00
2018,NORTH DAKOTA,550000.00
2018,OHIO,14000.00
2018,OREGON,93000.00
2018,OTHER STATES,52000.00
2018,PENNSYLVANIA,19000.00
2018,SOUTH DAKOTA,255000.00
2018,TENNESSEE,7000.00
2018,TEXAS,132000.00
2018,UTAH,26000.00
2018,VERMONT,7000.00
2018,VIRGINIA,4000.00
2018,WASHINGTON,77000.00
2018,WEST VIRGINIA,6000.00
2018,WISCONSIN,51000.00
2018,WYOMING,39000.00
2017,ALABAMA,7000.00
2017,ARIZONA,22000.00
2017,ARKANSAS,29000.00
2017,CALIFORNIA,335000.00
2017,COLORADO,33000.00
2017,FLORIDA,205000.00
2017,GEORGIA,99000.00
2017,HAWAII,19000.00
2017,IDAHO,95000.00
2017,ILLINOIS,11000.00
2017,INDIANA,8000.00
2017,IOWA,35000.00
2017,KANSAS,7000.00
2017,KENTUCKY,5000.00
2017,LOUISIANA,43000.00
2017,MAINE,12000.00
2017,MICHIGAN,87000.00
2017,MINNESOTA,126000.00
2017,MISSISSIPPI,18000.00
2017,MISSOURI,8000.00
2017,MONTANA,145000.00
2017,NEBRASKA,42000.00
2017,NEW JERSEY,13000.00
2017,NEW YORK,57000.00
2017,NORTH CAROLINA,11000.00
2017,NORTH DAKOTA,455000.00
2017,OHIO,15000.00
2017,OREGON,78000.00
2017,OTHER STATES,51000.00
2017,PENNSYLVANIA,16000.00
2017,SOUTH DAKOTA,255000.00
2017,TENNESSEE,7000.00
2017,TEXAS,120000.00
2017,UTAH,27000.00
2017,VERMONT,7000.00
2017,VIRGINIA,6000.00
2017,WASHINGTON,77000.00
2017,WEST VIRGINIA,6000.00
2017,WISCONSIN,53000.00
2017,WYOMING,39000.00
2016,ALABAMA,7000.00
2016,ARIZONA,27000.00
2016,ARKANSAS,24000.00
2016,CALIFORNIA,310000.00
2016,COLORADO,32000.00
2016,FLORIDA,215000.00
2016,GEORGIA,96000.00
2016,HAWAII,18000.00
2016,IDAHO,97000.00
2016,ILLINOIS,10000.00
2016,INDIANA,8000.00
2016,IOWA,37000.00
2016,KANSAS,7000.00
2016,KENTUCKY,5000.00
2016,LOUISIANA,50000.00
2016,MAINE,12000.00
2016,MICHIGAN,89000.00
2016,MINNESOTA,124000.00
2016,MISSISSIPPI,19000.00
2016,MISSOURI,8000.00
2016,MONTANA,159000.00
2016,NEBRASKA,48000.00
2016,NEW JERSEY,12000.00
2016,NEW YORK,64000.00
2016,NORTH CAROLINA,12000.00
2016,NORTH DAKOTA,485000.00
2016,OHIO,15000.00
2016,OREGON,74000.00
2016,OTHER STATES,53000.00
2016,PENNSYLVANIA,19000.00
2016,SOUTH DAKOTA,280000.00
2016,TENNESSEE,6000.00
2016,TEXAS,133000.00
2016,UTAH,31000.00
2016,VERMONT,6000.00
2016,VIRGINIA,5000.00
2016,WASHINGTON,84000.00
2016,WEST VIRGINIA,5000.00
2016,WISCONSIN,54000.00
2016,WYOMING,40000.00
2015,ALABAMA,7000.00
2015,ARIZONA,26000.00
2015,ARKANSAS,24000.00
2015,CALIFORNIA,275000.00
2015,COLORADO,29000.00
2015,FLORIDA,220000.00
2015,GEORGIA,69000.00
2015,HAWAII,16000.00
2015,IDAHO,89000.00
2015,ILLINOIS,8000.00
2015,INDIANA,6000.00
2015,IOWA,36000.00
2015,KANSAS,8000.00
2015,KENTUCKY,5000.00
2015,LOUISIANA,44000.00
2015,MAINE,10000.00
2015,MICHIGAN,90000.00
2015,MINNESOTA,122000.00
2015,MISSISSIPPI,15000.00
2015,MISSOURI,10000.00
2015,MONTANA,146000.00
2015,NEBRASKA,57000.00
2015,NEW JERSEY,12000.00
2015,NEW YORK,58000.00
2015,NORTH CAROLINA,12000.00
2015,NORTH DAKOTA,490000.00
2015,OHIO,17000.00
2015,OREGON,71000.00
2015,OTHER STATES,44000.00
2015,PENNSYLVANIA,17000.00
2015,SOUTH DAKOTA,290000.00
2015,TENNESSEE,7000.00
2015,TEXAS,126000.00
2015,UTAH,27000.00
2015,VERMONT,5000.00
2015,VIRGINIA,5000.00
2015,WASHINGTON,73000.00
2015,WEST VIRGINIA,5000.00
2015,WISCONSIN,52000.00
2015,WYOMING,38000.00
2014,ALABAMA,7000.00
2014,ARIZONA,26000.00
2014,ARKANSAS,21000.00
2014,CALIFORNIA,320000.00
2014,COLORADO,27000.00
2014,FLORIDA,245000.00
2014,GEORGIA,73000.00
2014,HAWAII,15000.00
2014,IDAHO,100000.00
2014,ILLINOIS,8000.00
2014,INDIANA,5000.00
2014,IOWA,35000.00
2014,KANSAS,7000.00
2014,KENTUCKY,5000.00
2014,LOUISIANA,48000.00
2014,MAINE,8000.00
2014,MICHIGAN,91000.00
2014,MINNESOTA,132000.00
2014,MISSISSIPPI,20000.00
2014,MISSOURI,12000.00
2014,MONTANA,162000.00
2014,NEBRASKA,50000.00
2014,NEW JERSEY,12000.00
2014,NEW YORK,60000.00
2014,NORTH CAROLINA,12000.00
2014,NORTH DAKOTA,490000.00
2014,OHIO,15000.00
2014,OREGON,71000.00
2014,OTHER STATES,40000.00
2014,PENNSYLVANIA,17000.00
2014,SOUTH DAKOTA,280000.00
2014,TENNESSEE,7000.00
2014,TEXAS,116000.00
2014,UTAH,29000.00
2014,VERMONT,4000.00
2014,VIRGINIA,6000.00
2014,WASHINGTON,68000.00
2014,WEST VIRGINIA,6000.00
2014,WISCONSIN,53000.00
2014,WYOMING,38000.00
2013,ALABAMA,7000.00
2013,ARIZONA,29000.00
2013,ARKANSAS,22000.00
2013,CALIFORNIA,330000.00
2013,COLORADO,26000.00
2013,FLORIDA,220000.00
2013,GEORGIA,67000.00
2013,HAWAII,13000.00
2013,IDAHO,83000.00
2013,ILLINOIS,7000.00
2013,INDIANA,6000.00
2013,IOWA,39000.00
2013,KANSAS,6000.00
2013,KENTUCKY,3000.00
2013,LOUISIANA,50000.00
2013,MAINE,7000.00
2013,MICHIGAN,85000.00
2013,MINNESOTA,130000.00
2013,MISSISSIPPI,17000.00
2013,MISSOURI,10000.00
2013,MONTANA,159000.00
2013,NEBRASKA,46000.00
2013,NEW JERSEY,11000.00
2013,NEW YORK,55000.00
2013,NORTH CAROLINA,10000.00
2013,NORTH DAKOTA,480000.00
2013,OHIO,17000.00
2013,OREGON,62000.00
2013,OTHER STATES,33000.00
2013,PENNSYLVANIA,13000.00
2013,SOUTH DAKOTA,265000.00
2013,TENNESSEE,7000.00
2013,TEXAS,106000.00
2013,UTAH,30000.00
2013,VERMONT,4000.00
2013,VIRGINIA,5000.00
2013,WASHINGTON,69000.00
2013,WEST VIRGINIA,6000.00
2013,WISCONSIN,59000.00
2013,WYOMING,47000.00
2012,ALABAMA,8000.00
2012,ARIZONA,22000.00
2012,ARKANSAS,25000.00
2012,CALIFORNIA,330000.00
2012,COLORADO,25000.00
2012,FLORIDA,193000.00
2012,GEORGIA,59000.00
2012,HAWAII,10000.00
2012,IDAHO,92000.00
2012,ILLINOIS,7000.00
2012,INDIANA,8000.00
2012,IOWA,37000.00
2012,KANSAS,6000.00
2012,KENTUCKY,5000.00
2012,LOUISIANA,41000.00
2012,MAINE,4000.00
2012,MICHIGAN,73000.00
2012,MINNESOTA,125000.00
2012,MISSISSIPPI,18000.00
2012,MISSOURI,7000.00
2012,MONTANA,145000.00
2012,NEBRASKA,43000.00
2012,NEW JERSEY,14000.00
2012,NEW YORK,51000.00
2012,NORTH CAROLINA,13000.00
2012,NORTH DAKOTA,480000.00
2012,OHIO,18000.00
2012,OREGON,60000.00
2012,OTHER STATES,35000.00
2012,PENNSYLVANIA,16000.00
2012,SOUTH DAKOTA,260000.00
2012,TENNESSEE,6000.00
2012,TEXAS,92000.00
2012,UTAH,25000.00
2012,VERMONT,4000.00
2012,VIRGINIA,4000.00
2012,WASHINGTON,62000.00
2012,WEST VIRGINIA,6000.00
2012,WISCONSIN,60000.00
2012,WYOMING,50000.00
2011,ALABAMA,9000.00
2011,ARIZONA,23000.00
2011,ARKANSAS,22000.00
2011,CALIFORNIA,370000.00
2011,COLORADO,31000.00
2011,FLORIDA,180000.00
2011,GEORGIA,65000.00
2011,HAWAII,9000.00
2011,IDAHO,87000.00
2011,ILLINOIS,7000.00
2011,INDIANA,8000.00
2011,IOWA,25000.00
2011,KANSAS,7000.00
2011,KENTUCKY,4000.00
2011,LOUISIANA,36000.00
2011,MAINE,4000.00
2011,MICHIGAN,74000.00
2011,MINNESOTA,120000.00
2011,MISSISSIPPI,18000.00
2011,MISSOURI,8000.00
2011,MONTANA,145000.00
2011,NEBRASKA,41000.00
2011,NEW JERSEY,11000.00
2011,NEW YORK,49000.00
2011,NORTH CAROLINA,14000.00
2011,NORTH DAKOTA,460000.00
2011,OHIO,15000.00
2011,OREGON,60000.00
2011,OTHER STATES,32000.00
2011,PENNSYLVANIA,24000.00
2011,SOUTH DAKOTA,250000.00
2011,TENNESSEE,7000.00
2011,TEXAS,78000.00
2011,UTAH,23000.00
2011,VERMONT,4000.00
2011,VIRGINIA,4000.00
2011,WASHINGTON,71000.00
2011,WEST VIRGINIA,4000.00
2011,WISCONSIN,57000.00
2011,WYOMING,35000.00
2010,ALABAMA,9000.00
2010,ARIZONA,24000.00
2010,ARKANSAS,25000.00
2010,CALIFORNIA,410000.00
2010,COLORADO,34000.00
2010,FLORIDA,200000.00
2010,GEORGIA,55000.00
2010,HAWAII,10000.00
2010,IDAHO,97000.00
2010,ILLINOIS,9000.00
2010,INDIANA,10000.00
2010,IOWA,27000.00
2010,KANSAS,9000.00
2010,KENTUCKY,5000.00
2010,LOUISIANA,36000.00
2010,MAINE,5000.00
2010,MICHIGAN,71000.00
2010,MINNESOTA,128000.00
2010,MISSISSIPPI,16000.00
2010,MISSOURI,11000.00
2010,MONTANA,157000.00
2010,NEBRASKA,41000.00
2010,NEW JERSEY,13000.00
2010,NEW YORK,45000.00
2010,NORTH CAROLINA,13000.00
2010,NORTH DAKOTA,510000.00
2010,OHIO,18000.00
2010,OREGON,59000.00
2010,OTHER STATES,33000.00
2010,PENNSYLVANIA,30000.00
2010,SOUTH DAKOTA,265000.00
2010,TENNESSEE,8000.00
2010,TEXAS,100000.00
2010,UTAH,26000.00
2010,VERMONT,4000.00
2010,VIRGINIA,5000.00
2010,WASHINGTON,71000.00
2010,WEST VIRGINIA,5000.00
2010,WISCONSIN,64000.00
2010,WYOMING,34000.00
2009,ALABAMA,9000.00
2009,ARIZONA,20000.00
2009,ARKANSAS,24000.00
2009,CALIFORNIA,355000.00
2009,COLORADO,28000.00
2009,FLORIDA,170000.00
2009,GEORGIA,65000.00
2009,HAWAII,10000.00
2009,IDAHO,103000.00
2009,ILLINOIS,8000.00
2009,INDIANA,9000.00
2009,IOWA,26000.00
2009,KANSAS,9000.00
2009,KENTUCKY,5000.00
2009,LOUISIANA,37000.00
2009,MAINE,6000.00
2009,MICHIGAN,66000.00
2009,MINNESOTA,122000.00
2009,MISSISSIPPI,14000.00
2009,MISSOURI,11000.00
2009,MONTANA,146000.00
2009,NEBRASKA,48000.00
2009,NEW JERSEY,11000.00
2009,NEW YORK,45000.00
2009,NORTH CAROLINA,11000.00
2009,NORTH DAKOTA,450000.00
2009,OHIO,11000.00
2009,OREGON,55000.00
2009,OTHER STATES,33000.00
2009,PENNSYLVANIA,21000.00
2009,SOUTH DAKOTA,270000.00
2009,TENNESSEE,7000.00
2009,TEXAS,89000.00
2009,UTAH,26000.00
2009,VERMONT,5000.00
2009,VIRGINIA,6000.00
2009,WASHINGTON,62000.00
2009,WEST VIRGINIA,5000.00
2009,WISCONSIN,63000.00
2009,WYOMING,37000.00
2008,ALABAMA,9000.00
2008,ARIZONA,25000.00
2008,ARKANSAS,28000.00
2008,CALIFORNIA,360000.00
2008,COLORADO,27000.00
2008,FLORIDA,150000.00
2008,GEORGIA,65000.00
2008,HAWAII,10000.00
2008,IDAHO,90000.00
2008,ILLINOIS,8000.00
2008,INDIANA,7000.00
2008,IOWA,24000.00
2008,KANSAS,10000.00
2008,KENTUCKY,4000.00
2008,LOUISIANA,40000.00
2008,MAINE,7000.00
2008,MICHIGAN,71000.00
2008,MINNESOTA,122000.00
2008,MISSISSIPPI,14000.00
2008,MISSOURI,11000.00
2008,MONTANA,134000.00
2008,NEBRASKA,36000.00
2008,NEW JERSEY,9000.00
2008,NEW YORK,50000.00
2008,NORTH CAROLINA,12000.00
2008,NORTH DAKOTA,400000.00
2008,OHIO,14000.00
2008,OREGON,50000.00
2008,OTHER STATES,32000.00
2008,PENNSYLVANIA,23000.00
2008,SOUTH DAKOTA,225000.00
2008,TENNESSEE,7000.00
2008,TEXAS,77000.00
2008,UTAH,28000.00
2008,VERMONT,5000.00
2008,VIRGINIA,6000.00
2008,WASHINGTON,49000.00
2008,WEST VIRGINIA,6000.00
2008,WISCONSIN,58000.00
2008,WYOMING,39000.00
2007,ALABAMA,11000.00
2007,ARIZONA,30000.00
2007,ARKANSAS,28000.00
2007,CALIFORNIA,340000.00
2007,COLORADO,31000.00
2007,FLORIDA,160000.00
2007,GEORGIA,60000.00
2007,HAWAII,10000.00
2007,IDAHO,92000.00
2007,ILLINOIS,9000.00
2007,INDIANA,8000.00
2007,IOWA,26000.00
2007,KANSAS,14000.00
2007,KENTUCKY,4000.00
2007,LOUISIANA,29000.00
2007,MAINE,9000.00
2007,MICHIGAN,72000.00
2007,MINNESOTA,130000.00
2007,MISSISSIPPI,15000.00
2007,MISSOURI,14000.00
2007,MONTANA,135000.00
2007,NEBRASKA,45000.00
2007,NEW JERSEY,9000.00
2007,NEW YORK,53000.00
2007,NORTH CAROLINA,12000.00
2007,NORTH DAKOTA,420000.00
2007,OHIO,14000.00
2007,OREGON,46000.00
2007,OTHER STATES,31000.00
2007,PENNSYLVANIA,25000.00
2007,SOUTH DAKOTA,255000.00
2007,TENNESSEE,7000.00
2007,TEXAS,105000.00
2007,UTAH,28000.00
2007,VERMONT,5000.00
2007,VIRGINIA,6000.00
2007,WASHINGTON,46000.00
2007,WEST VIRGINIA,6000.00
2007,WISCONSIN,60000.00
2007,WYOMING,43000.00
2006,ALABAMA,11000.00
2006,ARIZONA,30000.00
2006,ARKANSAS,32000.00
2006,CALIFORNIA,380000.00
2006,COLORADO,36000.00
2006,FLORIDA,170000.00
2006,GEORGIA,63000.00
2006,HAWAII,10000.00
2006,IDAHO,95000.00
2006,ILLINOIS,10000.00
2006,INDIANA,7000.00
2006,IOWA,26000.00
2006,KANSAS,14000.00
2006,KENTUCKY,5000.00
2006,LOUISIANA,30000.00
2006,MAINE,11000.00
2006,MICHIGAN,72000.00
2006,MINNESOTA,125000.00
2006,MISSISSIPPI,14000.00
2006,MISSOURI,15000.00
2006,MONTANA,132000.00
2006,NEBRASKA,47000.00
2006,NEW JERSEY,9000.00
2006,NEW YORK,58000.00
2006,NORTH CAROLINA,10000.00
2006,NORTH DAKOTA,350000.00
2006,OHIO,14000.00
2006,OREGON,46000.00
2006,OTHER STATES,32000.00
2006,PENNSYLVANIA,28000.00
2006,SOUTH DAKOTA,225000.00
2006,TENNESSEE,7000.00
2006,TEXAS,82000.00
2006,UTAH,26000.00
2006,VERMONT,6000.00
2006,VIRGINIA,8000.00
2006,WASHINGTON,49000.00
2006,WEST VIRGINIA,6000.00
2006,WISCONSIN,64000.00
2006,WYOMING,39000.00
2005,ALABAMA,13000.00
2005,ARIZONA,36000.00
2005,ARKANSAS,36000.00
2005,CALIFORNIA,400000.00
2005,COLORADO,28000.00
2005,FLORIDA,160000.00
2005,GEORGIA,59000.00
2005,HAWAII,9000.00
2005,IDAHO,95000.00
2005,ILLINOIS,8000.00
2005,INDIANA,8000.00
2005,IOWA,28000.00
2005,KANSAS,16000.00
2005,KENTUCKY,5000.00
2005,LOUISIANA,35000.00
2005,MAINE,8000.00
2005,MICHIGAN,65000.00
2005,MINNESOTA,120000.00
2005,MISSISSIPPI,16000.00
2005,MISSOURI,15000.00
2005,MONTANA,130000.00
2005,NEBRASKA,40000.00
2005,NEW JERSEY,12000.00
2005,NEW YORK,59000.00
2005,NORTH CAROLINA,10000.00
2005,NORTH DAKOTA,370000.00
2005,OHIO,15000.00
2005,OREGON,39000.00
2005,OTHER STATES,34000.00
2005,PENNSYLVANIA,28000.00
2005,SOUTH DAKOTA,220000.00
2005,TENNESSEE,7000.00
2005,TEXAS,84000.00
2005,UTAH,24000.00
2005,VERMONT,6000.00
2005,VIRGINIA,8000.00
2005,WASHINGTON,51000.00
2005,WEST VIRGINIA,8000.00
2005,WISCONSIN,64000.00
2005,WYOMING,40000.00
2004,ALABAMA,12000.00
2004,ARIZONA,32000.00
2004,ARKANSAS,40000.00
2004,CALIFORNIA,390000.00
2004,COLORADO,23000.00
2004,FLORIDA,205000.00
2004,GEORGIA,63000.00
2004,HAWAII,8000.00
2004,IDAHO,100000.00
2004,ILLINOIS,7000.00
2004,INDIANA,7000.00
2004,IOWA,35000.00
2004,KANSAS,14000.00
2004,KENTUCKY,5000.00
2004,LOUISIANA,35000.00
2004,MAINE,7000.00
2004,MICHIGAN,65000.00
2004,MINNESOTA,135000.00
2004,MISSISSIPPI,18000.00
2004,MISSOURI,16000.00
2004,MONTANA,140000.00
2004,NEBRASKA,51000.00
2004,NEW JERSEY,12000.00
2004,NEW YORK,64000.00
2004,NORTH CAROLINA,9000.00
2004,NORTH DAKOTA,390000.00
2004,OHIO,16000.00
2004,OREGON,42000.00
2004,OTHER STATES,37000.00
2004,PENNSYLVANIA,30000.00
2004,SOUTH DAKOTA,215000.00
2004,TENNESSEE,6000.00
2004,TEXAS,116000.00
2004,UTAH,24000.00
2004,VERMONT,6000.00
2004,VIRGINIA,7000.00
2004,WASHINGTON,56000.00
2004,WEST VIRGINIA,9000.00
2004,WISCONSIN,68000.00
2004,WYOMING,39000.00
2003,ALABAMA,13000.00
2003,ARIZONA,35000.00
2003,ARKANSAS,40000.00
2003,CALIFORNIA,480000.00
2003,COLORADO,24000.00
2003,FLORIDA,210000.00
2003,GEORGIA,52000.00
2003,HAWAII,7000.00
2003,IDAHO,100000.00
2003,ILLINOIS,7000.00
2003,INDIANA,5000.00
2003,IOWA,32000.00
2003,KANSAS,16000.00
2003,KENTUCKY,5000.00
2003,LOUISIANA,34000.00
2003,MAINE,8000.00
2003,MICHIGAN,65000.00
2003,MINNESOTA,120000.00
2003,MISSISSIPPI,21000.00
2003,MISSOURI,17000.00
2003,MONTANA,145000.00
2003,NEBRASKA,45000.00
2003,NEW JERSEY,10000.00
2003,NEW YORK,67000.00
2003,NORTH CAROLINA,10000.00
2003,NORTH DAKOTA,340000.00
2003,OHIO,15000.00
2003,OREGON,42000.00
2003,OTHER STATES,29000.00
2003,PENNSYLVANIA,27000.00
2003,SOUTH DAKOTA,215000.00
2003,TENNESSEE,6000.00
2003,TEXAS,140000.00
2003,UTAH,25000.00
2003,VERMONT,7000.00
2003,VIRGINIA,6000.00
2003,WASHINGTON,58000.00
2003,WEST VIRGINIA,8000.00
2003,WISCONSIN,74000.00
2003,WYOMING,39000.00
2002,ALABAMA,12000.00
2002,ARIZONA,38000.00
2002,ARKANSAS,45000.00
2002,CALIFORNIA,470000.00
2002,COLORADO,24000.00
2002,FLORIDA,220000.00
2002,GEORGIA,50000.00
2002,HAWAII,7000.00
2002,IDAHO,100000.00
2002,ILLINOIS,9000.00
2002,INDIANA,8000.00
2002,IOWA,33000.00
2002,KANSAS,17000.00
2002,KENTUCKY,5000.00
2002,LOUISIANA,35000.00
2002,MAINE,11000.00
2002,MICHIGAN,72000.00
2002,MINNESOTA,117000.00
2002,MISSISSIPPI,18000.00
2002,MISSOURI,18000.00
2002,MONTANA,134000.00
2002,NEBRASKA,43000.00
2002,NEW JERSEY,11000.00
2002,NEW YORK,60000.00
2002,NORTH CAROLINA,16000.00
2002,NORTH DAKOTA,320000.00
2002,OHIO,18000.00
2002,OREGON,43000.00
2002,OTHER STATES,40000.00
2002,PENNSYLVANIA,29000.00
2002,SOUTH DAKOTA,225000.00
2002,TENNESSEE,8000.00
2002,TEXAS,114000.00
2002,UTAH,22000.00
2002,VERMONT,7000.00
2002,VIRGINIA,8000.00
2002,WASHINGTON,50000.00
2002,WEST VIRGINIA,9000.00
2002,WISCONSIN,70000.00
2002,WYOMING,38000.00
2001,ALABAMA,14000.00
2001,ARIZONA,43000.00
2001,ARKANSAS,50000.00
2001,CALIFORNIA,460000.00
2001,COLORADO,26000.00
2001,FLORIDA,220000.00
2001,GEORGIA,55000.00
2001,HAWAII,8000.00
2001,IDAHO,100000.00
2001,ILLINOIS,6000.00
2001,INDIANA,7000.00
2001,IOWA,33000.00
2001,KANSAS,13000.00
2001,KENTUCKY,4000.00
2001,LOUISIANA,45000.00
2001,MAINE,11000.00
2001,MICHIGAN,76000.00
2001,MINNESOTA,135000.00
2001,MISSISSIPPI,17000.00
2001,MISSOURI,22000.00
2001,MONTANA,136000.00
2001,NEBRASKA,43000.00
2001,NEW JERSEY,11000.00
2001,NEW YORK,53000.00
2001,NORTH CAROLINA,13000.00
2001,NORTH DAKOTA,280000.00
2001,OHIO,18000.00
2001,OREGON,44000.00
2001,OTHER STATES,42000.00
2001,PENNSYLVANIA,26000.00
2001,SOUTH DAKOTA,235000.00
2001,TENNESSEE,8000.00
2001,TEXAS,97000.00
2001,UTAH,23000.00
2001,VERMONT,7000.00
2001,VIRGINIA,9000.00
2001,WASHINGTON,48000.00
2001,WEST VIRGINIA,7000.00
2001,WISCONSIN,67000.00
2001,WYOMING,38000.00
2000,ALABAMA,16000.00
2000,ARIZONA,40000.00
2000,ARKANSAS,52000.00
2000,CALIFORNIA,440000.00
2000,COLORADO,29000.00
2000,FLORIDA,232000.00
2000,GEORGIA,55000.00
2000,HAWAII,7000.00
2000,IDAHO,100000.00
2000,ILLINOIS,8000.00
2000,INDIANA,8000.00
2000,IOWA,30000.00
2000,KANSAS,15000.00
2000,KENTUCKY,4000.00
2000,LOUISIANA,43000.00
2000,MAINE,11000.00
2000,MICHIGAN,72000.00
2000,MINNESOTA,150000.00
2000,MISSISSIPPI,17000.00
2000,MISSOURI,23000.00
2000,MONTANA,124000.00
2000,NEBRASKA,50000.00
2000,NEW JERSEY,11000.00
2000,NEW YORK,58000.00
2000,NORTH CAROLINA,11000.00
2000,NORTH DAKOTA,300000.00
2000,OHIO,18000.00
2000,OREGON,48000.00
2000,OTHER STATES,56000.00
2000,PENNSYLVANIA,25000.00
2000,SOUTH DAKOTA,235000.00
2000,TENNESSEE,9000.00
2000,TEXAS,105000.00
2000,UTAH,24000.00
2000,VERMONT,7000.00
2000,VIRGINIA,7000.00
2000,WASHINGTON,52000.00
2000,WEST VIRGINIA,7000.00
2000,WISCONSIN,84000.00
2000,WYOMING,39000.00
1999,ALABAMA,17000.00
1999,ARIZONA,52000.00
1999,ARKANSAS,52000.00
1999,CALIFORNIA,465000.00
1999,COLORADO,27000.00
1999,FLORIDA,228000.00
1999,GEORGIA,65000.00
1999,HAWAII,8000.00
1999,IDAHO,120000.00
1999,ILLINOIS,9000.00
1999,INDIANA,10000.00
1999,IOWA,40000.00
1999,KANSAS,13000.00
1999,KENTUCKY,3000.00
1999,LOUISIANA,48000.00
1999,MAINE,14000.00
1999,MICHIGAN,73000.00
1999,MINNESOTA,145000.00
1999,MISSISSIPPI,18000.00
1999,MISSOURI,24000.00
1999,MONTANA,122000.00
1999,NEBRASKA,58000.00
1999,NEW JERSEY,10000.00
1999,NEW YORK,69000.00
1999,NORTH CAROLINA,9000.00
1999,NORTH DAKOTA,255000.00
1999,OHIO,20000.00
1999,OREGON,45000.00
1999,OTHER STATES,51000.00
1999,PENNSYLVANIA,28000.00
1999,SOUTH DAKOTA,224000.00
1999,TENNESSEE,8000.00
1999,TEXAS,108000.00
1999,UTAH,26000.00
1999,VERMONT,6000.00
1999,VIRGINIA,7000.00
1999,WASHINGTON,52000.00
1999,WEST VIRGINIA,6000.00
1999,WISCONSIN,80000.00
1999,WYOMING,37000.00
1998,ALABAMA,16000.00
1998,ARIZONA,55000.00
1998,ARKANSAS,53000.00
1998,CALIFORNIA,450000.00
1998,COLORADO,27000.00
1998,FLORIDA,230000.00
1998,GEORGIA,75000.00
1998,HAWAII,8000.00
1998,IDAHO,120000.00
1998,ILLINOIS,9000.00
1998,INDIANA,9000.00
1998,IOWA,50000.00
1998,KANSAS,16000.00
1998,KENTUCKY,3000.00
1998,LOUISIANA,41000.00
1998,MAINE,10000.00
1998,MICHIGAN,80000.00
1998,MINNESOTA,140000.00
1998,MISSISSIPPI,18000.00
1998,MISSOURI,23000.00
1998,MONTANA,115000.00
1998,NEBRASKA,64000.00
1998,NEW JERSEY,11000.00
1998,NEW YORK,65000.00
1998,NORTH CAROLINA,8000.00
1998,NORTH DAKOTA,230000.00
1998,OHIO,18000.00
1998,OREGON,50000.00
1998,OTHER STATES,51000.00
1998,PENNSYLVANIA,26000.00
1998,SOUTH DAKOTA,225000.00
1998,TENNESSEE,7000.00
1998,TEXAS,91000.00
1998,UTAH,30000.00
1998,VERMONT,6000.00
1998,VIRGINIA,8000.00
1998,WASHINGTON,58000.00
1998,WEST VIRGINIA,6000.00
1998,WISCONSIN,89000.00
1998,WYOMING,46000.00
1997,ALABAMA,14000.00
1997,ARIZONA,42000.00
1997,ARKANSAS,50000.00
1997,CALIFORNIA,420000.00
1997,COLORADO,35000.00
1997,FLORIDA,240000.00
1997,GEORGIA,75000.00
1997,HAWAII,9000.00
1997,IDAHO,120000.00
1997,ILLINOIS,7000.00
1997,INDIANA,8000.00
1997,IOWA,45000.00
1997,KANSAS,17000.00
1997,KENTUCKY,3000.00
1997,LOUISIANA,44000.00
1997,MAINE,8000.00
1997,MICHIGAN,85000.00
1997,MINNESOTA,145000.00
1997,MISSISSIPPI,19000.00
1997,MISSOURI,24000.00
1997,MONTANA,107000.00
1997,NEBRASKA,61000.00
1997,NEW JERSEY,10000.00
1997,NEW YORK,72000.00
1997,NORTH CAROLINA,8000.00
1997,NORTH DAKOTA,245000.00
1997,OHIO,22000.00
1997,OREGON,50000.00
1997,OTHER STATES,53000.00
1997,PENNSYLVANIA,22000.00
1997,SOUTH DAKOTA,240000.00
1997,TENNESSEE,7000.00
1997,TEXAS,94000.00
1997,UTAH,32000.00
1997,VERMONT,5000.00
1997,VIRGINIA,8000.00
1997,WASHINGTON,60000.00
1997,WEST VIRGINIA,8000.00
1997,WISCONSIN,79000.00
1997,WYOMING,38000.00
1996,ALABAMA,15000.00
1996,ARIZONA,32000.00
1996,ARKANSAS,50000.00
1996,CALIFORNIA,390000.00
1996,COLORADO,30000.00
1996,FLORIDA,240000.00
1996,GEORGIA,75000.00
1996,HAWAII,8000.00
1996,IDAHO,110000.00
1996,ILLINOIS,11000.00
1996,INDIANA,9000.00
1996,IOWA,52000.00
1996,KANSAS,16000.00
1996,KENTUCKY,3000.00
1996,LOUISIANA,44000.00
1996,MAINE,9000.00
1996,MICHIGAN,90000.00
1996,MINNESOTA,150000.00
1996,MISSISSIPPI,17000.00
1996,MISSOURI,22000.00
1996,MONTANA,117000.00
1996,NEBRASKA,65000.00
1996,NEW JERSEY,7000.00
1996,NEW YORK,68000.00
1996,NORTH CAROLINA,12000.00
1996,NORTH DAKOTA,230000.00
1996,OHIO,24000.00
1996,OREGON,55000.00
1996,OTHER STATES,56000.00
1996,PENNSYLVANIA,23000.00
1996,SOUTH DAKOTA,240000.00
1996,TENNESSEE,5000.00
1996,TEXAS,82000.00
1996,UTAH,34000.00
1996,VERMONT,4000.00
1996,VIRGINIA,7000.00
1996,WASHINGTON,60000.00
1996,WEST VIRGINIA,10000.00
1996,WISCONSIN,69000.00
1996,WYOMING,40000.00
1995,ALABAMA,16000.00
1995,ARIZONA,52000.00
1995,ARKANSAS,55000.00
1995,CALIFORNIA,420000.00
1995,COLORADO,45000.00
1995,FLORIDA,230000.00
1995,GEORGIA,70000.00
1995,HAWAII,8000.00
1995,IDAHO,125000.00
1995,ILLINOIS,11000.00
1995,INDIANA,12000.00
1995,IOWA,45000.00
1995,KANSAS,17000.00
1995,KENTUCKY,3000.00
1995,LOUISIANA,38000.00
1995,MAINE,11000.00
1995,MICHIGAN,97000.00
1995,MINNESOTA,165000.00
1995,MISSISSIPPI,16000.00
1995,MISSOURI,23000.00
1995,MONTANA,106000.00
1995,NEBRASKA,60000.00
1995,NEW JERSEY,10000.00
1995,NEW YORK,70000.00
1995,NORTH CAROLINA,12000.00
1995,NORTH DAKOTA,220000.00
1995,OHIO,25000.00
1995,OREGON,52000.00
1995,OTHER STATES,57000.00
1995,PENNSYLVANIA,25000.00
1995,SOUTH DAKOTA,240000.00
1995,TENNESSEE,5000.00
1995,TEXAS,84000.00
1995,UTAH,32000.00
1995,VERMONT,5000.00
1995,VIRGINIA,9000.00
1995,WASHINGTON,60000.00
1995,WEST VIRGINIA,13000.00
1995,WISCONSIN,73000.00
1995,WYOMING,38000.00
1994,ALABAMA,18000.00
1994,ARIZONA,53000.00
1994,ARKANSAS,55000.00
1994,CALIFORNIA,400000.00
1994,COLORADO,45000.00
1994,FLORIDA,230000.00
1994,GEORGIA,80000.00
1994,HAWAII,9000.00
1994,IDAHO,127000.00
1994,ILLINOIS,13000.00
1994,INDIANA,13000.00
1994,IOWA,52000.00
1994,KANSAS,19000.00
1994,KENTUCKY,3000.00
1994,LOUISIANA,40000.00
1994,MAINE,8000.00
1994,MICHIGAN,90000.00
1994,MINNESOTA,170000.00
1994,MISSISSIPPI,19000.00
1994,MISSOURI,25000.00
1994,MONTANA,119000.00
1994,NEBRASKA,72000.00
1994,NEW JERSEY,11000.00
1994,NEW YORK,68000.00
1994,NORTH CAROLINA,15000.00
1994,NORTH DAKOTA,235000.00
1994,OHIO,27000.00
1994,OREGON,50000.00
1994,OTHER STATES,61000.00
1994,PENNSYLVANIA,27000.00
1994,SOUTH DAKOTA,260000.00
1994,TENNESSEE,6000.00
1994,TEXAS,103000.00
1994,UTAH,43000.00
1994,VERMONT,5000.00
1994,VIRGINIA,11000.00
1994,WASHINGTON,60000.00
1994,WEST VIRGINIA,20000.00
1994,WISCONSIN,75000.00
1994,WYOMING,46000.00
1993,ALABAMA,19000.00
1993,ARIZONA,55000.00
1993,ARKANSAS,50000.00
1993,CALIFORNIA,500000.00
1993,COLORADO,53000.00
1993,FLORIDA,200000.00
1993,GEORGIA,80000.00
1993,HAWAII,9000.00
1993,IDAHO,133000.00
1993,ILLINOIS,15000.00
1993,INDIANA,12000.00
1993,IOWA,56000.00
1993,KANSAS,23000.00
1993,KENTUCKY,4000.00
1993,LOUISIANA,47000.00
1993,MAINE,13000.00
1993,MICHIGAN,90000.00
1993,MINNESOTA,180000.00
1993,MISSISSIPPI,17000.00
1993,MISSOURI,24000.00
1993,MONTANA,95000.00
1993,NEBRASKA,83000.00
1993,NEW JERSEY,11000.00
1993,NEW YORK,65000.00
1993,NORTH CAROLINA,15000.00
1993,NORTH DAKOTA,220000.00
1993,OHIO,30000.00
1993,OREGON,53000.00
1993,OTHER STATES,65000.00
1993,PENNSYLVANIA,28000.00
1993,SOUTH DAKOTA,245000.00
1993,TENNESSEE,8000.00
1993,TEXAS,105000.00
1993,UTAH,42000.00
1993,VERMONT,6000.00
1993,VIRGINIA,10000.00
1993,WASHINGTON,60000.00
1993,WEST VIRGINIA,20000.00
1993,WISCONSIN,100000.00
1993,WYOMING,34000.00
1992,ALABAMA,25000.00
1992,ARIZONA,70000.00
1992,ARKANSAS,45000.00
1992,CALIFORNIA,490000.00
1992,COLORADO,52000.00
1992,FLORIDA,220000.00
1992,GEORGIA,85000.00
1992,HAWAII,9000.00
1992,IDAHO,135000.00
1992,ILLINOIS,16000.00
1992,INDIANA,15000.00
1992,IOWA,65000.00
1992,KANSAS,28000.00
1992,KENTUCKY,4000.00
1992,LOUISIANA,45000.00
1992,MAINE,15000.00
1992,MICHIGAN,95000.00
1992,MINNESOTA,190000.00
1992,MISSISSIPPI,25000.00
1992,MISSOURI,25000.00
1992,MONTANA,87000.00
1992,NEBRASKA,96000.00
1992,NEW JERSEY,8000.00
1992,NEW YORK,70000.00
1992,NORTH CAROLINA,15000.00
1992,NORTH DAKOTA,240000.00
1992,OHIO,38000.00
1992,OREGON,52000.00
1992,OTHER STATES,68000.00
1992,PENNSYLVANIA,30000.00
1992,SOUTH DAKOTA,240000.00
1992,TENNESSEE,7000.00
1992,TEXAS,125000.00
1992,UTAH,47000.00
1992,VERMONT,6000.00
1992,VIRGINIA,13000.00
1992,WASHINGTON,80000.00
1992,WEST VIRGINIA,23000.00
1992,WISCONSIN,105000.00
1992,WYOMING,41000.00
1991,ALABAMA,23000.00
1991,ARIZONA,75000.00
1991,ARKANSAS,47000.00
1991,CALIFORNIA,550000.00
1991,COLORADO,50000.00
1991,FLORIDA,225000.00
1991,GEORGIA,102000.00
1991,HAWAII,10000.00
1991,IDAHO,140000.00
1991,ILLINOIS,21000.00
1991,INDIANA,21000.00
1991,IOWA,70000.00
1991,KANSAS,35000.00
1991,KENTUCKY,7000.00
1991,LOUISIANA,40000.00
1991,MAINE,13000.00
1991,MICHIGAN,105000.00
1991,MINNESOTA,180000.00
1991,MISSISSIPPI,28000.00
1991,MISSOURI,28000.00
1991,MONTANA,86000.00
1991,NEBRASKA,108000.00
1991,NEW JERSEY,11000.00
1991,NEW YORK,77000.00
1991,NORTH CAROLINA,18000.00
1991,NORTH DAKOTA,215000.00
1991,OHIO,48000.00
1991,OREGON,56000.00
1991,OTHER STATES,74000.00
1991,PENNSYLVANIA,40000.00
1991,SOUTH DAKOTA,225000.00
1991,TENNESSEE,14000.00
1991,TEXAS,140000.00
1991,UTAH,45000.00
1991,VERMONT,6000.00
1991,VIRGINIA,16000.00
1991,WASHINGTON,85000.00
1991,WEST VIRGINIA,26000.00
1991,WISCONSIN,110000.00
1991,WYOMING,41000.00
1990,ALABAMA,29000.00
1990,ARIZONA,67000.00
1990,ARKANSAS,42000.00
1990,CALIFORNIA,480000.00
1990,COLORADO,55000.00
1990,FLORIDA,220000.00
1990,GEORGIA,111000.00
1990,HAWAII,10000.00
1990,IDAHO,140000.00
1990,ILLINOIS,23000.00
1990,INDIANA,22000.00
1990,IOWA,70000.00
1990,KANSAS,36000.00
1990,KENTUCKY,8000.00
1990,LOUISIANA,38000.00
1990,MAINE,20000.00
1990,MICHIGAN,100000.00
1990,MINNESOTA,170000.00
1990,MISSISSIPPI,24000.00
1990,MISSOURI,30000.00
1990,MONTANA,98000.00
1990,NEBRASKA,118000.00
1990,NEW JERSEY,15000.00
1990,NEW YORK,81000.00
1990,NORTH CAROLINA,20000.00
1990,NORTH DAKOTA,220000.00
1990,OHIO,42000.00
1990,OREGON,61000.00
1990,OTHER STATES,94000.00
1990,PENNSYLVANIA,41000.00
1990,SOUTH DAKOTA,245000.00
1990,TENNESSEE,19000.00
1990,TEXAS,140000.00
1990,UTAH,47000.00
1990,VERMONT,6000.00
1990,VIRGINIA,16000.00
1990,WASHINGTON,80000.00
1990,WEST VIRGINIA,30000.00
1990,WISCONSIN,112000.00
1990,WYOMING,40000.00
1989,ALABAMA,41000.00
1989,ARIZONA,78000.00
1989,ARKANSAS,34000.00
1989,CALIFORNIA,620000.00
1989,COLORADO,50000.00
1989,FLORIDA,250000.00
1989,GEORGIA,116000.00
1989,HAWAII,9000.00
1989,IDAHO,140000.00
1989,ILLINOIS,29000.00
1989,INDIANA,28000.00
1989,IOWA,67000.00
1989,KANSAS,37000.00
1989,KENTUCKY,12000.00
1989,LOUISIANA,35000.00
1989,MAINE,17000.00
1989,MICHIGAN,102000.00
1989,MINNESOTA,165000.00
1989,MISSISSIPPI,24000.00
1989,MISSOURI,33000.00
1989,MONTANA,100000.00
1989,NEBRASKA,119000.00
1989,NEW JERSEY,25000.00
1989,NEW YORK,94000.00
1989,NORTH CAROLINA,25000.00
1989,NORTH DAKOTA,310000.00
1989,OHIO,53000.00
1989,OREGON,63000.00
1989,OTHER STATES,84000.00
1989,PENNSYLVANIA,41000.00
1989,SOUTH DAKOTA,235000.00
1989,TENNESSEE,25000.00
1989,TEXAS,140000.00
1989,UTAH,47000.00
1989,VERMONT,6000.00
1989,VIRGINIA,23000.00
1989,WASHINGTON,70000.00
1989,WEST VIRGINIA,32000.00
1989,WISCONSIN,108000.00
1989,WYOMING,41000.00
1988,ALABAMA,42000.00
1988,ARIZONA,80000.00
1988,ARKANSAS,34000.00
1988,CALIFORNIA,600000.00
1988,COLORADO,48000.00
1988,FLORIDA,240000.00
1988,GEORGIA,115000.00
1988,HAWAII,9000.00
1988,IDAHO,127000.00
1988,ILLINOIS,28000.00
1988,INDIANA,29000.00
1988,IOWA,49000.00
1988,KANSAS,42000.00
1988,KENTUCKY,12000.00
1988,LOUISIANA,38000.00
1988,MAINE,14000.00
1988,MICHIGAN,95000.00
1988,MINNESOTA,160000.00
1988,MISSISSIPPI,21000.00
1988,MISSOURI,30000.00
1988,MONTANA,105000.00
1988,NEBRASKA,113000.00
1988,NEW JERSEY,30000.00
1988,NEW YORK,94000.00
1988,NORTH CAROLINA,21000.00
1988,NORTH DAKOTA,250000.00
1988,OHIO,50000.00
1988,OREGON,60000.00
1988,OTHER STATES,81000.00
1988,PENNSYLVANIA,45000.00
1988,SOUTH DAKOTA,245000.00
1988,TENNESSEE,35000.00
1988,TEXAS,124000.00
1988,UTAH,36000.00
1988,VERMONT,7000.00
1988,VIRGINIA,25000.00
1988,WASHINGTON,65000.00
1988,WEST VIRGINIA,30000.00
1988,WISCONSIN,102000.00
1988,WYOMING,39000.00
1987,ALABAMA,46000.00
1987,ARIZONA,80000.00
1987,ARKANSAS,29000.00
1987,CALIFORNIA,540000.00
1987,COLORADO,44000.00
1987,FLORIDA,240000.00
1987,GEORGIA,120000.00
1987,HAWAII,9000.00
1987,IDAHO,120000.00
1987,ILLINOIS,28000.00
1987,INDIANA,25000.00
1987,IOWA,44000.00
1987,KANSAS,46000.00
1987,KENTUCKY,14000.00
1987,LOUISIANA,35000.00
1987,MAINE,9000.00
1987,MICHIGAN,93000.00
1987,MINNESOTA,160000.00
1987,MISSISSIPPI,19000.00
1987,MISSOURI,30000.00
1987,MONTANA,95000.00
1987,NEBRASKA,110000.00
1987,NEW JERSEY,25000.00
1987,NEW YORK,90000.00
1987,NORTH CAROLINA,20000.00
1987,NORTH DAKOTA,300000.00
1987,OHIO,55000.00
1987,OREGON,55000.00
1987,OTHER STATES,78000.00
1987,PENNSYLVANIA,48000.00
1987,SOUTH DAKOTA,260000.00
1987,TENNESSEE,35000.00
1987,TEXAS,120000.00
1987,UTAH,35000.00
1987,VERMONT,7000.00
1987,VIRGINIA,25000.00
1987,WASHINGTON,75000.00
1987,WEST VIRGINIA,21000.00
1987,WISCONSIN,92000.00
1987,WYOMING,39000.00